seq,M,N,K,path,site,kernel,threadgroups,tg_per_core,gflop,ms_raw_mean,ms_raw_sd,ms
0,512,1024,2048,splitk,"attn wk / wv  (K and V projections, all 40 layers)",steel_gemm_splitk_nt_bfloat16_float32_bm32_bn32_bk16_wm2_wn2_MN_taligned_K_taligned,1024,51.2,2.1475,2.241700002923608,0.10925665358938086,2.201963316743687
1,512,1024,2048,splitk,"attn wk / wv  (K and V projections, all 40 layers)",steel_gemm_splitk_nt_bfloat16_float32_bm32_bn32_bk16_wm2_wn2_MN_taligned_K_taligned,1024,51.2,2.1475,1.846649992512539,0.8427053454194299,1.813916017787588
2,512,6144,2048,regular,"attn wq, full-attention layers",steel_gemm_fused_nt_bfloat16_bfloat16_bm64_bn64_bk16_wm2_wn2,768,38.4,12.8849,2.007908601080999,0.058404024470794416,1.9723161338217483
3,512,48,2048,splitk,"attn g_proj (per-head gate), full-attention layers",steel_gemm_splitk_nt_bfloat16_float32_bm32_bn32_bk16_wm2_wn2_MN_naligned_K_taligned,128,6.4,0.1007,0.40968319517560303,0.7383840778986082,0.40242109385131847
4,512,2048,6144,regular,"attn wo, full-attention layers",steel_gemm_fused_nt_bfloat16_bfloat16_bm64_bn64_bk16_wm2_wn2,256,12.8,12.8849,1.8507582077290863,0.0007036733169053747,1.8179514102095566
5,512,8192,2048,regular,"attn wq, sliding-window layers + layer-0 dense gate/up",steel_gemm_fused_nt_bfloat16_bfloat16_bm64_bn64_bk16_wm2_wn2,1024,51.2,17.1799,2.35966679174453,0.03512248948550106,2.3178390098511255
6,512,8192,2048,regular,"attn wq, sliding-window layers + layer-0 dense gate/up",steel_gemm_fused_nt_bfloat16_bfloat16_bm64_bn64_bk16_wm2_wn2,1024,51.2,17.1799,2.3386500077322125,0.0020180618901814275,2.297194772276654
7,512,2048,8192,regular,"attn wo, sliding-window layers + layer-0 dense down",steel_gemm_fused_nt_bfloat16_bfloat16_bm64_bn64_bk16_wm2_wn2,256,12.8,17.1799,2.4414166051428765,0.00148141906384923,2.398139714681849
8,512,1024,2048,splitk,"attn wk / wv  (K and V projections, all 40 layers)",steel_gemm_splitk_nt_bfloat16_float32_bm32_bn32_bk16_wm2_wn2_MN_taligned_K_taligned,1024,51.2,2.1475,0.3415502025745809,0.0005561163436754304,0.33549583615771245
9,512,1024,2048,splitk,"attn wk / wv  (K and V projections, all 40 layers)",steel_gemm_splitk_nt_bfloat16_float32_bm32_bn32_bk16_wm2_wn2_MN_taligned_K_taligned,1024,51.2,2.1475,0.339225004427135,0.0015643684176265403,0.3332118547961749
10,512,8192,2048,regular,"attn wq, sliding-window layers + layer-0 dense gate/up",steel_gemm_fused_nt_bfloat16_bfloat16_bm64_bn64_bk16_wm2_wn2,1024,51.2,17.1799,2.338624803815037,0.0004238652729816301,2.2971700151276213
11,512,64,2048,splitk,"attn g_proj (per-head gate), sliding-window layers",steel_gemm_splitk_nt_bfloat16_float32_bm32_bn32_bk16_wm2_wn2_MN_taligned_K_taligned,128,6.4,0.1342,0.03469180082902312,0.0001573209774938341,0.03407684914023277
12,512,2048,8192,regular,"attn wo, sliding-window layers + layer-0 dense down",steel_gemm_fused_nt_bfloat16_bfloat16_bm64_bn64_bk16_wm2_wn2,256,12.8,17.1799,2.448883402394131,0.002523891750753617,2.405474154446037
13,512,256,2048,splitk,MoE router logits GEMM (38 MoE layers),steel_gemm_splitk_nt_bfloat16_float32_bm32_bn32_bk16_wm2_wn2_MN_taligned_K_taligned,256,12.8,0.5369,0.10218339157290757,0.0005874698313084295,0.10037207455527049
14,512,1024,2048,splitk,"attn wk / wv  (K and V projections, all 40 layers)",steel_gemm_splitk_nt_bfloat16_float32_bm32_bn32_bk16_wm2_wn2_MN_taligned_K_taligned,1024,51.2,2.1475,0.34013339318335056,0.0013387054604776989,0.33410414132689725
15,512,1024,2048,splitk,"attn wk / wv  (K and V projections, all 40 layers)",steel_gemm_splitk_nt_bfloat16_float32_bm32_bn32_bk16_wm2_wn2_MN_taligned_K_taligned,1024,51.2,2.1475,0.3408332064282149,0.0033746159796514915,0.3347915495848055
16,512,8192,2048,regular,"attn wq, sliding-window layers + layer-0 dense gate/up",steel_gemm_fused_nt_bfloat16_bfloat16_bm64_bn64_bk16_wm2_wn2,1024,51.2,17.1799,2.3382667917758226,0.0004336978459812143,2.2968183492596306
17,512,64,2048,splitk,"attn g_proj (per-head gate), sliding-window layers",steel_gemm_splitk_nt_bfloat16_float32_bm32_bn32_bk16_wm2_wn2_MN_taligned_K_taligned,128,6.4,0.1342,0.0351832015439868,0.0011572786210078242,0.034559539217745565
18,512,2048,8192,regular,"attn wo, sliding-window layers + layer-0 dense down",steel_gemm_fused_nt_bfloat16_bfloat16_bm64_bn64_bk16_wm2_wn2,256,12.8,17.1799,2.441924810409546,0.0013500483780607244,2.398638911431245
19,512,256,2048,splitk,MoE router logits GEMM (38 MoE layers),steel_gemm_splitk_nt_bfloat16_float32_bm32_bn32_bk16_wm2_wn2_MN_taligned_K_taligned,256,12.8,0.5369,0.1022918033413589,0.000479631738996649,0.10047856460162898
20,512,1024,2048,splitk,"attn wk / wv  (K and V projections, all 40 layers)",steel_gemm_splitk_nt_bfloat16_float32_bm32_bn32_bk16_wm2_wn2_MN_taligned_K_taligned,1024,51.2,2.1475,0.3405918017961085,0.0007302910350218938,0.3345544241247988
21,512,1024,2048,splitk,"attn wk / wv  (K and V projections, all 40 layers)",steel_gemm_splitk_nt_bfloat16_float32_bm32_bn32_bk16_wm2_wn2_MN_taligned_K_taligned,1024,51.2,2.1475,0.33845840371213853,0.0019707503154825787,0.3324588429521234
22,512,8192,2048,regular,"attn wq, sliding-window layers + layer-0 dense gate/up",steel_gemm_fused_nt_bfloat16_bfloat16_bm64_bn64_bk16_wm2_wn2,1024,51.2,17.1799,2.336041600210592,0.0012387911591462462,2.2946326017497163
23,512,64,2048,splitk,"attn g_proj (per-head gate), sliding-window layers",steel_gemm_splitk_nt_bfloat16_float32_bm32_bn32_bk16_wm2_wn2_MN_taligned_K_taligned,128,6.4,0.1342,0.034974998561665416,0.00046985410267791426,0.03435502687045984
24,512,2048,8192,regular,"attn wo, sliding-window layers + layer-0 dense down",steel_gemm_fused_nt_bfloat16_bfloat16_bm64_bn64_bk16_wm2_wn2,256,12.8,17.1799,2.445124991936609,0.0014933373411063588,2.401782366095261
25,512,256,2048,splitk,MoE router logits GEMM (38 MoE layers),steel_gemm_splitk_nt_bfloat16_float32_bm32_bn32_bk16_wm2_wn2_MN_taligned_K_taligned,256,12.8,0.5369,0.10289159836247563,0.0006164026138714211,0.1010677275727411
26,512,1024,2048,splitk,"attn wk / wv  (K and V projections, all 40 layers)",steel_gemm_splitk_nt_bfloat16_float32_bm32_bn32_bk16_wm2_wn2_MN_taligned_K_taligned,1024,51.2,2.1475,0.34012500545941293,0.0012686103516700627,0.3340959022849213
27,512,1024,2048,splitk,"attn wk / wv  (K and V projections, all 40 layers)",steel_gemm_splitk_nt_bfloat16_float32_bm32_bn32_bk16_wm2_wn2_MN_taligned_K_taligned,1024,51.2,2.1475,0.3401417925488204,0.0014181410306999009,0.334112391804046
28,512,6144,2048,regular,"attn wq, full-attention layers",steel_gemm_fused_nt_bfloat16_bfloat16_bm64_bn64_bk16_wm2_wn2,768,38.4,12.8849,1.764525001635775,0.001226373780908277,1.7332467859266345
29,512,48,2048,splitk,"attn g_proj (per-head gate), full-attention layers",steel_gemm_splitk_nt_bfloat16_float32_bm32_bn32_bk16_wm2_wn2_MN_naligned_K_taligned,128,6.4,0.1007,0.03621659707278013,0.0005080711680347164,0.03557461663360058
30,512,2048,6144,regular,"attn wo, full-attention layers",steel_gemm_fused_nt_bfloat16_bfloat16_bm64_bn64_bk16_wm2_wn2,256,12.8,12.8849,1.843883394030854,0.0011561967071924183,1.811198460415556
31,512,256,2048,splitk,MoE router logits GEMM (38 MoE layers),steel_gemm_splitk_nt_bfloat16_float32_bm32_bn32_bk16_wm2_wn2_MN_taligned_K_taligned,256,12.8,0.5369,0.10183340637013316,0.0006934853329845419,0.10002829323890021
32,512,1024,2048,splitk,"attn wk / wv  (K and V projections, all 40 layers)",steel_gemm_splitk_nt_bfloat16_float32_bm32_bn32_bk16_wm2_wn2_MN_taligned_K_taligned,1024,51.2,2.1475,0.33918319968506694,0.0015563872277690241,0.33317079109078174
33,512,1024,2048,splitk,"attn wk / wv  (K and V projections, all 40 layers)",steel_gemm_splitk_nt_bfloat16_float32_bm32_bn32_bk16_wm2_wn2_MN_taligned_K_taligned,1024,51.2,2.1475,0.33962500165216625,0.0018442613363856648,0.3336047616147364
34,512,8192,2048,regular,"attn wq, sliding-window layers + layer-0 dense gate/up",steel_gemm_fused_nt_bfloat16_bfloat16_bm64_bn64_bk16_wm2_wn2,1024,51.2,17.1799,2.3378666082862765,0.0009644752013595322,2.296425259478305
35,512,64,2048,splitk,"attn g_proj (per-head gate), sliding-window layers",steel_gemm_splitk_nt_bfloat16_float32_bm32_bn32_bk16_wm2_wn2_MN_taligned_K_taligned,128,6.4,0.1342,0.034608395071700215,0.0017430002541757353,0.03399492184496991
36,512,2048,8192,regular,"attn wo, sliding-window layers + layer-0 dense down",steel_gemm_fused_nt_bfloat16_bfloat16_bm64_bn64_bk16_wm2_wn2,256,12.8,17.1799,2.4454416008666158,0.0025852319911854028,2.4020933627713186
37,512,256,2048,splitk,MoE router logits GEMM (38 MoE layers),steel_gemm_splitk_nt_bfloat16_float32_bm32_bn32_bk16_wm2_wn2_MN_taligned_K_taligned,256,12.8,0.5369,0.10235839872621,0.0010276905350412114,0.10054397950742158
38,512,1024,2048,splitk,"attn wk / wv  (K and V projections, all 40 layers)",steel_gemm_splitk_nt_bfloat16_float32_bm32_bn32_bk16_wm2_wn2_MN_taligned_K_taligned,1024,51.2,2.1475,0.33904999727383256,0.0015008083784851475,0.3330399498440238
39,512,1024,2048,splitk,"attn wk / wv  (K and V projections, all 40 layers)",steel_gemm_splitk_nt_bfloat16_float32_bm32_bn32_bk16_wm2_wn2_MN_taligned_K_taligned,1024,51.2,2.1475,0.3413918020669371,0.0024087885072168642,0.33534024347950825
40,512,8192,2048,regular,"attn wq, sliding-window layers + layer-0 dense gate/up",steel_gemm_fused_nt_bfloat16_bfloat16_bm64_bn64_bk16_wm2_wn2,1024,51.2,17.1799,2.3405916057527065,0.0009899886350348398,2.299101953260467
41,512,64,2048,splitk,"attn g_proj (per-head gate), sliding-window layers",steel_gemm_splitk_nt_bfloat16_float32_bm32_bn32_bk16_wm2_wn2_MN_taligned_K_taligned,128,6.4,0.1342,0.03527519875206053,0.00038935783820173177,0.034649905670507755
42,512,2048,8192,regular,"attn wo, sliding-window layers + layer-0 dense down",steel_gemm_fused_nt_bfloat16_bfloat16_bm64_bn64_bk16_wm2_wn2,256,12.8,17.1799,2.4403334013186395,0.002488837172714095,2.3970757118793258
43,512,256,2048,splitk,MoE router logits GEMM (38 MoE layers),steel_gemm_splitk_nt_bfloat16_float32_bm32_bn32_bk16_wm2_wn2_MN_taligned_K_taligned,256,12.8,0.5369,0.10190819739364088,0.0004586765004980936,0.1001017585063182
44,512,1024,2048,splitk,"attn wk / wv  (K and V projections, all 40 layers)",steel_gemm_splitk_nt_bfloat16_float32_bm32_bn32_bk16_wm2_wn2_MN_taligned_K_taligned,1024,51.2,2.1475,0.3397500026039779,0.0010816906707943892,0.3337275467822826
45,512,1024,2048,splitk,"attn wk / wv  (K and V projections, all 40 layers)",steel_gemm_splitk_nt_bfloat16_float32_bm32_bn32_bk16_wm2_wn2_MN_taligned_K_taligned,1024,51.2,2.1475,0.34049200476147234,0.002613961979675025,0.3344563961062852
46,512,8192,2048,regular,"attn wq, sliding-window layers + layer-0 dense gate/up",steel_gemm_fused_nt_bfloat16_bfloat16_bm64_bn64_bk16_wm2_wn2,1024,51.2,17.1799,2.3392500006593764,0.00230104965467398,2.2977841296457027
47,512,64,2048,splitk,"attn g_proj (per-head gate), sliding-window layers",steel_gemm_splitk_nt_bfloat16_float32_bm32_bn32_bk16_wm2_wn2_MN_taligned_K_taligned,128,6.4,0.1342,0.03461680607870221,0.00015129845176907675,0.034003183757291416
48,512,2048,8192,regular,"attn wo, sliding-window layers + layer-0 dense down",steel_gemm_fused_nt_bfloat16_bfloat16_bm64_bn64_bk16_wm2_wn2,256,12.8,17.1799,2.444983395980671,0.003110083523675119,2.4016432800889405
49,512,256,2048,splitk,MoE router logits GEMM (38 MoE layers),steel_gemm_splitk_nt_bfloat16_float32_bm32_bn32_bk16_wm2_wn2_MN_taligned_K_taligned,256,12.8,0.5369,0.10289159836247563,0.0002911250076794903,0.1010677275727411
50,512,1024,2048,splitk,"attn wk / wv  (K and V projections, all 40 layers)",steel_gemm_splitk_nt_bfloat16_float32_bm32_bn32_bk16_wm2_wn2_MN_taligned_K_taligned,1024,51.2,2.1475,0.3400248009711504,0.0021128413625446604,0.33399747403536095
51,512,1024,2048,splitk,"attn wk / wv  (K and V projections, all 40 layers)",steel_gemm_splitk_nt_bfloat16_float32_bm32_bn32_bk16_wm2_wn2_MN_taligned_K_taligned,1024,51.2,2.1475,0.34156659967266023,0.0010445192435605349,0.3355119425985496
52,512,6144,2048,regular,"attn wq, full-attention layers",steel_gemm_fused_nt_bfloat16_bfloat16_bm64_bn64_bk16_wm2_wn2,768,38.4,12.8849,1.7647418077103794,0.001303924415177793,1.7334597488665924
53,512,48,2048,splitk,"attn g_proj (per-head gate), full-attention layers",steel_gemm_splitk_nt_bfloat16_float32_bm32_bn32_bk16_wm2_wn2_MN_naligned_K_taligned,128,6.4,0.1007,0.03585820086300373,0.00033150688257361344,0.03522257340490879
54,512,2048,6144,regular,"attn wo, full-attention layers",steel_gemm_fused_nt_bfloat16_bfloat16_bm64_bn64_bk16_wm2_wn2,256,12.8,12.8849,1.8448666029144078,0.0020983523703481384,1.8121642408016283
55,512,256,2048,splitk,MoE router logits GEMM (38 MoE layers),steel_gemm_splitk_nt_bfloat16_float32_bm32_bn32_bk16_wm2_wn2_MN_taligned_K_taligned,256,12.8,0.5369,0.1021333911921829,0.0009857892883503338,0.100322960488252
56,512,1024,2048,splitk,"attn wk / wv  (K and V projections, all 40 layers)",steel_gemm_splitk_nt_bfloat16_float32_bm32_bn32_bk16_wm2_wn2_MN_taligned_K_taligned,1024,51.2,2.1475,0.3402334055863321,0.001801017031736602,0.334202380896107
57,512,1024,2048,splitk,"attn wk / wv  (K and V projections, all 40 layers)",steel_gemm_splitk_nt_bfloat16_float32_bm32_bn32_bk16_wm2_wn2_MN_taligned_K_taligned,1024,51.2,2.1475,0.34112499561160803,0.001203485000211279,0.3350781664725319
58,512,8192,2048,regular,"attn wq, sliding-window layers + layer-0 dense gate/up",steel_gemm_fused_nt_bfloat16_bfloat16_bm64_bn64_bk16_wm2_wn2,1024,51.2,17.1799,2.3390165995806456,0.0026561285105371774,2.297554865866971
59,512,64,2048,splitk,"attn g_proj (per-head gate), sliding-window layers",steel_gemm_splitk_nt_bfloat16_float32_bm32_bn32_bk16_wm2_wn2_MN_taligned_K_taligned,128,6.4,0.1342,0.03497479483485222,0.00026615357032395314,0.034354826754936486
60,512,2048,8192,regular,"attn wo, sliding-window layers + layer-0 dense down",steel_gemm_fused_nt_bfloat16_bfloat16_bm64_bn64_bk16_wm2_wn2,256,12.8,17.1799,2.4439166008960456,0.0013992735550100053,2.4005953951624277
61,512,256,2048,splitk,MoE router logits GEMM (38 MoE layers),steel_gemm_splitk_nt_bfloat16_float32_bm32_bn32_bk16_wm2_wn2_MN_taligned_K_taligned,256,12.8,0.5369,0.10266679455526173,0.000357133443525787,0.10084690866909488
62,512,1024,2048,splitk,"attn wk / wv  (K and V projections, all 40 layers)",steel_gemm_splitk_nt_bfloat16_float32_bm32_bn32_bk16_wm2_wn2_MN_taligned_K_taligned,1024,51.2,2.1475,0.3398667962756008,0.0014743398928516293,0.3338422701530307
63,512,1024,2048,splitk,"attn wk / wv  (K and V projections, all 40 layers)",steel_gemm_splitk_nt_bfloat16_float32_bm32_bn32_bk16_wm2_wn2_MN_taligned_K_taligned,1024,51.2,2.1475,0.33985819900408387,0.001802832693070535,0.333833825277945
64,512,8192,2048,regular,"attn wq, sliding-window layers + layer-0 dense gate/up",steel_gemm_fused_nt_bfloat16_bfloat16_bm64_bn64_bk16_wm2_wn2,1024,51.2,17.1799,2.340683405054733,0.0007701916304913691,2.299192125315292
65,512,64,2048,splitk,"attn g_proj (per-head gate), sliding-window layers",steel_gemm_splitk_nt_bfloat16_float32_bm32_bn32_bk16_wm2_wn2_MN_taligned_K_taligned,128,6.4,0.1342,0.03605839447118342,0.00199026209799988,0.035419218353333344
66,512,2048,8192,regular,"attn wo, sliding-window layers + layer-0 dense down",steel_gemm_fused_nt_bfloat16_bfloat16_bm64_bn64_bk16_wm2_wn2,256,12.8,17.1799,2.445691800676286,0.0016819229047462475,2.402339127504348
67,512,256,2048,splitk,MoE router logits GEMM (38 MoE layers),steel_gemm_splitk_nt_bfloat16_float32_bm32_bn32_bk16_wm2_wn2_MN_taligned_K_taligned,256,12.8,0.5369,0.10258320835418999,0.000593003692271073,0.10076480412865418
68,512,1024,2048,splitk,"attn wk / wv  (K and V projections, all 40 layers)",steel_gemm_splitk_nt_bfloat16_float32_bm32_bn32_bk16_wm2_wn2_MN_taligned_K_taligned,1024,51.2,2.1475,0.34020000603049994,0.0031792590161963904,0.334169573385449
69,512,1024,2048,splitk,"attn wk / wv  (K and V projections, all 40 layers)",steel_gemm_splitk_nt_bfloat16_float32_bm32_bn32_bk16_wm2_wn2_MN_taligned_K_taligned,1024,51.2,2.1475,0.3400167974177748,0.0023553825441129453,0.3339896123540862
70,512,8192,2048,regular,"attn wq, sliding-window layers + layer-0 dense gate/up",steel_gemm_fused_nt_bfloat16_bfloat16_bm64_bn64_bk16_wm2_wn2,1024,51.2,17.1799,2.355041599366814,0.0386308436649359,2.313295804277083
71,512,64,2048,splitk,"attn g_proj (per-head gate), sliding-window layers",steel_gemm_splitk_nt_bfloat16_float32_bm32_bn32_bk16_wm2_wn2_MN_taligned_K_taligned,128,6.4,0.1342,0.03486660425551236,0.00040548458073843814,0.0342485539768605
72,512,2048,8192,regular,"attn wo, sliding-window layers + layer-0 dense down",steel_gemm_fused_nt_bfloat16_bfloat16_bm64_bn64_bk16_wm2_wn2,256,12.8,17.1799,2.446300000883639,0.002638258120726101,2.4029365466701953
73,512,256,2048,splitk,MoE router logits GEMM (38 MoE layers),steel_gemm_splitk_nt_bfloat16_float32_bm32_bn32_bk16_wm2_wn2_MN_taligned_K_taligned,256,12.8,0.5369,0.1021415926516056,0.0005492743398313032,0.10033101656746377
74,512,1024,2048,splitk,"attn wk / wv  (K and V projections, all 40 layers)",steel_gemm_splitk_nt_bfloat16_float32_bm32_bn32_bk16_wm2_wn2_MN_taligned_K_taligned,1024,51.2,2.1475,0.34048320376314223,0.0015830367657396357,0.3344477511156761
75,512,1024,2048,splitk,"attn wk / wv  (K and V projections, all 40 layers)",steel_gemm_splitk_nt_bfloat16_float32_bm32_bn32_bk16_wm2_wn2_MN_taligned_K_taligned,1024,51.2,2.1475,0.34201680100522935,0.0006989107748501873,0.33595416359965297
76,512,6144,2048,regular,"attn wq, full-attention layers",steel_gemm_fused_nt_bfloat16_bfloat16_bm64_bn64_bk16_wm2_wn2,768,38.4,12.8849,1.7671165929641575,0.00283632224850297,1.7357924383465153
77,512,48,2048,splitk,"attn g_proj (per-head gate), full-attention layers",steel_gemm_splitk_nt_bfloat16_float32_bm32_bn32_bk16_wm2_wn2_MN_naligned_K_taligned,128,6.4,0.1007,0.03632499719969928,0.0010131049200245194,0.03568109524478629
78,512,2048,6144,regular,"attn wo, full-attention layers",steel_gemm_fused_nt_bfloat16_bfloat16_bm64_bn64_bk16_wm2_wn2,256,12.8,12.8849,1.8587250029668212,0.0325559909358564,1.8257769849263437
79,512,256,2048,splitk,MoE router logits GEMM (38 MoE layers),steel_gemm_splitk_nt_bfloat16_float32_bm32_bn32_bk16_wm2_wn2_MN_taligned_K_taligned,256,12.8,0.5369,0.10189160238951445,0.00046174246211110585,0.10008545766754408
80,512,1024,2048,splitk,"attn wk / wv  (K and V projections, all 40 layers)",steel_gemm_splitk_nt_bfloat16_float32_bm32_bn32_bk16_wm2_wn2_MN_taligned_K_taligned,1024,51.2,2.1475,0.33999161096289754,0.00129852410048184,0.3339648723578127
81,512,1024,2048,splitk,"attn wk / wv  (K and V projections, all 40 layers)",steel_gemm_splitk_nt_bfloat16_float32_bm32_bn32_bk16_wm2_wn2_MN_taligned_K_taligned,1024,51.2,2.1475,0.3403167997021228,0.000484762079699386,0.3342842967561971
82,512,8192,2048,regular,"attn wq, sliding-window layers + layer-0 dense gate/up",steel_gemm_fused_nt_bfloat16_bfloat16_bm64_bn64_bk16_wm2_wn2,1024,51.2,17.1799,2.338549995329231,0.0009534781040479162,2.297096532707444
83,512,64,2048,splitk,"attn g_proj (per-head gate), sliding-window layers",steel_gemm_splitk_nt_bfloat16_float32_bm32_bn32_bk16_wm2_wn2_MN_taligned_K_taligned,128,6.4,0.1342,0.034974992740899324,0.0006487572457673602,0.034355021152873456
84,512,2048,8192,regular,"attn wo, sliding-window layers + layer-0 dense down",steel_gemm_fused_nt_bfloat16_bfloat16_bm64_bn64_bk16_wm2_wn2,256,12.8,17.1799,2.4468750052619725,0.0008358693634050332,2.403501358440908
85,512,256,2048,splitk,MoE router logits GEMM (38 MoE layers),steel_gemm_splitk_nt_bfloat16_float32_bm32_bn32_bk16_wm2_wn2_MN_taligned_K_taligned,256,12.8,0.5369,0.10222499840892851,0.0004719077712372943,0.10041294386272662
86,512,1024,2048,splitk,"attn wk / wv  (K and V projections, all 40 layers)",steel_gemm_splitk_nt_bfloat16_float32_bm32_bn32_bk16_wm2_wn2_MN_taligned_K_taligned,1024,51.2,2.1475,0.33934160019271076,0.00149401653776197,0.333326383768986
87,512,1024,2048,splitk,"attn wk / wv  (K and V projections, all 40 layers)",steel_gemm_splitk_nt_bfloat16_float32_bm32_bn32_bk16_wm2_wn2_MN_taligned_K_taligned,1024,51.2,2.1475,0.33961659646593034,0.0015481068676587153,0.3335965054200013
88,512,8192,2048,regular,"attn wq, sliding-window layers + layer-0 dense gate/up",steel_gemm_fused_nt_bfloat16_bfloat16_bm64_bn64_bk16_wm2_wn2,1024,51.2,17.1799,2.340008202008903,0.000861257414743759,2.2985288910126056
89,512,64,2048,splitk,"attn g_proj (per-head gate), sliding-window layers",steel_gemm_splitk_nt_bfloat16_float32_bm32_bn32_bk16_wm2_wn2_MN_taligned_K_taligned,128,6.4,0.1342,0.03589139669202268,0.0010237741645977708,0.03525518080004342
90,512,2048,8192,regular,"attn wo, sliding-window layers + layer-0 dense down",steel_gemm_fused_nt_bfloat16_bfloat16_bm64_bn64_bk16_wm2_wn2,256,12.8,17.1799,2.446441591018811,0.0019383470529958653,2.4030756269589295
91,512,256,2048,splitk,MoE router logits GEMM (38 MoE layers),steel_gemm_splitk_nt_bfloat16_float32_bm32_bn32_bk16_wm2_wn2_MN_taligned_K_taligned,256,12.8,0.5369,0.10279999696649611,0.0005183602549195688,0.10097774991585287
92,512,1024,2048,splitk,"attn wk / wv  (K and V projections, all 40 layers)",steel_gemm_splitk_nt_bfloat16_float32_bm32_bn32_bk16_wm2_wn2_MN_taligned_K_taligned,1024,51.2,2.1475,0.3408331947866827,0.0008554404557598702,0.33479153814963275
93,512,1024,2048,splitk,"attn wk / wv  (K and V projections, all 40 layers)",steel_gemm_splitk_nt_bfloat16_float32_bm32_bn32_bk16_wm2_wn2_MN_taligned_K_taligned,1024,51.2,2.1475,0.3399418026674539,0.0009591572516989875,0.3339159469711448
94,512,8192,2048,regular,"attn wq, sliding-window layers + layer-0 dense gate/up",steel_gemm_fused_nt_bfloat16_bfloat16_bm64_bn64_bk16_wm2_wn2,1024,51.2,17.1799,2.3361416067928076,0.0013664859458662017,2.2947308356013396
95,512,64,2048,splitk,"attn g_proj (per-head gate), sliding-window layers",steel_gemm_splitk_nt_bfloat16_float32_bm32_bn32_bk16_wm2_wn2_MN_taligned_K_taligned,128,6.4,0.1342,0.03455840051174164,0.0001733582072930825,0.033945813495537804
96,512,2048,8192,regular,"attn wo, sliding-window layers + layer-0 dense down",steel_gemm_fused_nt_bfloat16_bfloat16_bm64_bn64_bk16_wm2_wn2,256,12.8,17.1799,2.4442584079224616,0.0026674159539246,2.400931143269932
97,512,256,2048,splitk,MoE router logits GEMM (38 MoE layers),steel_gemm_splitk_nt_bfloat16_float32_bm32_bn32_bk16_wm2_wn2_MN_taligned_K_taligned,256,12.8,0.5369,0.1027332036755979,0.0003467219935294925,0.10091214061212328
98,512,1024,2048,splitk,"attn wk / wv  (K and V projections, all 40 layers)",steel_gemm_splitk_nt_bfloat16_float32_bm32_bn32_bk16_wm2_wn2_MN_taligned_K_taligned,1024,51.2,2.1475,0.3398168017156422,0.0010042640409417423,0.3337931618035986
99,512,1024,2048,splitk,"attn wk / wv  (K and V projections, all 40 layers)",steel_gemm_splitk_nt_bfloat16_float32_bm32_bn32_bk16_wm2_wn2_MN_taligned_K_taligned,1024,51.2,2.1475,0.34063339116983116,0.0005523511695101204,0.3345952762794958
100,512,6144,2048,regular,"attn wq, full-attention layers",steel_gemm_fused_nt_bfloat16_bfloat16_bm64_bn64_bk16_wm2_wn2,768,38.4,12.8849,1.765608397545293,0.0005175200506198909,1.734310977409508
101,512,48,2048,splitk,"attn g_proj (per-head gate), full-attention layers",steel_gemm_splitk_nt_bfloat16_float32_bm32_bn32_bk16_wm2_wn2_MN_naligned_K_taligned,128,6.4,0.1007,0.03554160357452929,0.0003294390700639831,0.03491158816402373
102,512,2048,6144,regular,"attn wo, full-attention layers",steel_gemm_fused_nt_bfloat16_bfloat16_bm64_bn64_bk16_wm2_wn2,256,12.8,12.8849,1.8449999915901572,0.0008089075971867914,1.8122952650111503
103,512,256,2048,splitk,MoE router logits GEMM (38 MoE layers),steel_gemm_splitk_nt_bfloat16_float32_bm32_bn32_bk16_wm2_wn2_MN_taligned_K_taligned,256,12.8,0.5369,0.10208340245299041,0.0006323408823791246,0.10027385785640627
104,512,1024,2048,splitk,"attn wk / wv  (K and V projections, all 40 layers)",steel_gemm_splitk_nt_bfloat16_float32_bm32_bn32_bk16_wm2_wn2_MN_taligned_K_taligned,1024,51.2,2.1475,0.33890819759108126,0.0018377539930165034,0.3329006637221801
105,512,1024,2048,splitk,"attn wk / wv  (K and V projections, all 40 layers)",steel_gemm_splitk_nt_bfloat16_float32_bm32_bn32_bk16_wm2_wn2_MN_taligned_K_taligned,1024,51.2,2.1475,0.33917499240487814,0.0017708207234156008,0.3331627292939836
106,512,8192,2048,regular,"attn wq, sliding-window layers + layer-0 dense gate/up",steel_gemm_fused_nt_bfloat16_bfloat16_bm64_bn64_bk16_wm2_wn2,1024,51.2,17.1799,2.339216595282778,0.0007863453345753678,2.2977513164174583
107,512,64,2048,splitk,"attn g_proj (per-head gate), sliding-window layers",steel_gemm_splitk_nt_bfloat16_float32_bm32_bn32_bk16_wm2_wn2_MN_taligned_K_taligned,128,6.4,0.1342,0.03505839849822223,0.00029556998419647803,0.034436948448136315
108,512,2048,8192,regular,"attn wo, sliding-window layers + layer-0 dense down",steel_gemm_fused_nt_bfloat16_bfloat16_bm64_bn64_bk16_wm2_wn2,256,12.8,17.1799,2.4454416008666158,0.0016024841345318771,2.4020933627713186
109,512,256,2048,splitk,MoE router logits GEMM (38 MoE layers),steel_gemm_splitk_nt_bfloat16_float32_bm32_bn32_bk16_wm2_wn2_MN_taligned_K_taligned,256,12.8,0.5369,0.10225839796476066,0.0008425286310454333,0.1004457513733846
110,512,1024,2048,splitk,"attn wk / wv  (K and V projections, all 40 layers)",steel_gemm_splitk_nt_bfloat16_float32_bm32_bn32_bk16_wm2_wn2_MN_taligned_K_taligned,1024,51.2,2.1475,0.3405917959753424,0.00222000509353451,0.3345544184072124
111,512,1024,2048,splitk,"attn wk / wv  (K and V projections, all 40 layers)",steel_gemm_splitk_nt_bfloat16_float32_bm32_bn32_bk16_wm2_wn2_MN_taligned_K_taligned,1024,51.2,2.1475,0.3396584012079984,0.002040351950947067,0.3336375691253944
112,512,8192,2048,regular,"attn wq, sliding-window layers + layer-0 dense gate/up",steel_gemm_fused_nt_bfloat16_bfloat16_bm64_bn64_bk16_wm2_wn2,1024,51.2,17.1799,2.3824250034522265,0.05919039673421612,2.3401938063313312
113,512,64,2048,splitk,"attn g_proj (per-head gate), sliding-window layers",steel_gemm_splitk_nt_bfloat16_float32_bm32_bn32_bk16_wm2_wn2_MN_taligned_K_taligned,128,6.4,0.1342,0.03599999472498894,0.0024818452337739653,0.035361853809166115
114,512,2048,8192,regular,"attn wo, sliding-window layers + layer-0 dense down",steel_gemm_fused_nt_bfloat16_bfloat16_bm64_bn64_bk16_wm2_wn2,256,12.8,17.1799,2.4488915922120214,0.001813475894684693,2.405482199090076
115,512,256,2048,splitk,MoE router logits GEMM (38 MoE layers),steel_gemm_splitk_nt_bfloat16_float32_bm32_bn32_bk16_wm2_wn2_MN_taligned_K_taligned,256,12.8,0.5369,0.10203339625149965,0.00021112884145114752,0.1002247380718014
116,512,1024,2048,splitk,"attn wk / wv  (K and V projections, all 40 layers)",steel_gemm_splitk_nt_bfloat16_float32_bm32_bn32_bk16_wm2_wn2_MN_taligned_K_taligned,1024,51.2,2.1475,0.34158341004513204,0.0018437419637389806,0.33552845498801986
117,512,1024,2048,splitk,"attn wk / wv  (K and V projections, all 40 layers)",steel_gemm_splitk_nt_bfloat16_float32_bm32_bn32_bk16_wm2_wn2_MN_taligned_K_taligned,1024,51.2,2.1475,0.3402499947696924,0.0006984389137151445,0.33421867601729477
118,512,8192,2048,regular,"attn wq, sliding-window layers + layer-0 dense gate/up",steel_gemm_fused_nt_bfloat16_bfloat16_bm64_bn64_bk16_wm2_wn2,1024,51.2,17.1799,2.3399586032610387,0.001703564675566018,2.2984801714590475
119,512,64,2048,splitk,"attn g_proj (per-head gate), sliding-window layers",steel_gemm_splitk_nt_bfloat16_float32_bm32_bn32_bk16_wm2_wn2_MN_taligned_K_taligned,128,6.4,0.1342,0.03498340374790132,0.0005167271834832812,0.03436328306519496
120,512,2048,8192,regular,"attn wo, sliding-window layers + layer-0 dense down",steel_gemm_fused_nt_bfloat16_bfloat16_bm64_bn64_bk16_wm2_wn2,256,12.8,17.1799,2.4782832071650773,0.046724213130418794,2.4343528141866897
121,512,256,2048,splitk,MoE router logits GEMM (38 MoE layers),steel_gemm_splitk_nt_bfloat16_float32_bm32_bn32_bk16_wm2_wn2_MN_taligned_K_taligned,256,12.8,0.5369,0.10216679656878114,0.0001691303477496057,0.10035577371649637
122,512,1024,2048,splitk,"attn wk / wv  (K and V projections, all 40 layers)",steel_gemm_splitk_nt_bfloat16_float32_bm32_bn32_bk16_wm2_wn2_MN_taligned_K_taligned,1024,51.2,2.1475,0.3402165952138603,0.0024141397575306875,0.3341858685066368
123,512,1024,2048,splitk,"attn wk / wv  (K and V projections, all 40 layers)",steel_gemm_splitk_nt_bfloat16_float32_bm32_bn32_bk16_wm2_wn2_MN_taligned_K_taligned,1024,51.2,2.1475,0.3399583976715803,0.0017312076637899959,0.3339322478099189
124,512,6144,2048,regular,"attn wq, full-attention layers",steel_gemm_fused_nt_bfloat16_bfloat16_bm64_bn64_bk16_wm2_wn2,768,38.4,12.8849,1.7660416022408754,0.0012327896935402142,1.7347365030583768
125,512,48,2048,splitk,"attn g_proj (per-head gate), full-attention layers",steel_gemm_splitk_nt_bfloat16_float32_bm32_bn32_bk16_wm2_wn2_MN_naligned_K_taligned,128,6.4,0.1007,0.035675003891810775,0.0003428739684882714,0.03504262380871869
126,512,2048,6144,regular,"attn wo, full-attention layers",steel_gemm_fused_nt_bfloat16_bfloat16_bm64_bn64_bk16_wm2_wn2,256,12.8,12.8849,1.843358197947964,0.0006458223012263472,1.8106825740315111
127,512,256,2048,splitk,MoE router logits GEMM (38 MoE layers),steel_gemm_splitk_nt_bfloat16_float32_bm32_bn32_bk16_wm2_wn2_MN_taligned_K_taligned,256,12.8,0.5369,0.10245000594295561,0.0006125284866737422,0.1006339628818962
128,512,1024,2048,splitk,"attn wk / wv  (K and V projections, all 40 layers)",steel_gemm_splitk_nt_bfloat16_float32_bm32_bn32_bk16_wm2_wn2_MN_taligned_K_taligned,1024,51.2,2.1475,0.34158318885602057,0.0006440457158562441,0.33552823771973733
129,512,1024,2048,splitk,"attn wk / wv  (K and V projections, all 40 layers)",steel_gemm_splitk_nt_bfloat16_float32_bm32_bn32_bk16_wm2_wn2_MN_taligned_K_taligned,1024,51.2,2.1475,0.3405749914236367,0.0018180388753840234,0.33453791173532854
130,512,8192,2048,regular,"attn wq, sliding-window layers + layer-0 dense gate/up",steel_gemm_fused_nt_bfloat16_bfloat16_bm64_bn64_bk16_wm2_wn2,1024,51.2,17.1799,2.339116600342095,0.0023240808423130675,2.297653094001008
131,512,64,2048,splitk,"attn g_proj (per-head gate), sliding-window layers",steel_gemm_splitk_nt_bfloat16_float32_bm32_bn32_bk16_wm2_wn2_MN_taligned_K_taligned,128,6.4,0.1342,0.03500839811749756,0.00024706995537796314,0.034387834381117824
132,512,2048,8192,regular,"attn wo, sliding-window layers + layer-0 dense down",steel_gemm_fused_nt_bfloat16_bfloat16_bm64_bn64_bk16_wm2_wn2,256,12.8,17.1799,2.445916790748015,0.002032317026925063,2.402560129370759
133,512,256,2048,splitk,MoE router logits GEMM (38 MoE layers),steel_gemm_splitk_nt_bfloat16_float32_bm32_bn32_bk16_wm2_wn2_MN_taligned_K_taligned,256,12.8,0.5369,0.10254180524498224,0.0005280024014531951,0.10072413493672142
134,512,1024,2048,splitk,"attn wk / wv  (K and V projections, all 40 layers)",steel_gemm_splitk_nt_bfloat16_float32_bm32_bn32_bk16_wm2_wn2_MN_taligned_K_taligned,1024,51.2,2.1475,0.3409584052860737,0.0015383308724863994,0.33491452915028874
135,512,1024,2048,splitk,"attn wk / wv  (K and V projections, all 40 layers)",steel_gemm_splitk_nt_bfloat16_float32_bm32_bn32_bk16_wm2_wn2_MN_taligned_K_taligned,1024,51.2,2.1475,0.3411751997191459,0.0013701336438040588,0.3351274806550738
136,512,8192,2048,regular,"attn wq, sliding-window layers + layer-0 dense gate/up",steel_gemm_fused_nt_bfloat16_bfloat16_bm64_bn64_bk16_wm2_wn2,1024,51.2,17.1799,2.3356165969744325,0.0012593563326117752,2.2942151321800592
137,512,64,2048,splitk,"attn g_proj (per-head gate), sliding-window layers",steel_gemm_splitk_nt_bfloat16_float32_bm32_bn32_bk16_wm2_wn2_MN_taligned_K_taligned,128,6.4,0.1342,0.03469180082902312,0.000335400506497006,0.03407684914023277
138,512,2048,8192,regular,"attn wo, sliding-window layers + layer-0 dense down",steel_gemm_fused_nt_bfloat16_bfloat16_bm64_bn64_bk16_wm2_wn2,256,12.8,17.1799,2.441924996674061,0.0020367421110719184,2.3986390943940097
139,512,256,2048,splitk,MoE router logits GEMM (38 MoE layers),steel_gemm_splitk_nt_bfloat16_float32_bm32_bn32_bk16_wm2_wn2_MN_taligned_K_taligned,256,12.8,0.5369,0.10176679352298379,0.0003688274721172764,0.09996286118034844
140,512,1024,2048,splitk,"attn wk / wv  (K and V projections, all 40 layers)",steel_gemm_splitk_nt_bfloat16_float32_bm32_bn32_bk16_wm2_wn2_MN_taligned_K_taligned,1024,51.2,2.1475,0.3384915995411575,0.0014216763846512485,0.332491450347258
141,512,1024,2048,splitk,"attn wk / wv  (K and V projections, all 40 layers)",steel_gemm_splitk_nt_bfloat16_float32_bm32_bn32_bk16_wm2_wn2_MN_taligned_K_taligned,1024,51.2,2.1475,0.3395665960852057,0.0006011493349929758,0.3335473913529828
142,512,8192,2048,regular,"attn wq, sliding-window layers + layer-0 dense gate/up",steel_gemm_fused_nt_bfloat16_bfloat16_bm64_bn64_bk16_wm2_wn2,1024,51.2,17.1799,2.337516797706485,0.0009001820167481168,2.296081649689526
143,512,64,2048,splitk,"attn g_proj (per-head gate), sliding-window layers",steel_gemm_splitk_nt_bfloat16_float32_bm32_bn32_bk16_wm2_wn2_MN_taligned_K_taligned,128,6.4,0.1342,0.034450198290869594,0.00046429580373418184,0.03383952928228906
144,512,2048,8192,regular,"attn wo, sliding-window layers + layer-0 dense down",steel_gemm_fused_nt_bfloat16_bfloat16_bm64_bn64_bk16_wm2_wn2,256,12.8,17.1799,2.4415998021140695,0.0031822300863946907,2.3983196642780387
145,512,256,2048,splitk,MoE router logits GEMM (38 MoE layers),steel_gemm_splitk_nt_bfloat16_float32_bm32_bn32_bk16_wm2_wn2_MN_taligned_K_taligned,256,12.8,0.5369,0.10251660132780671,0.0008516150665342833,0.10069937778768881
146,512,1024,2048,splitk,"attn wk / wv  (K and V projections, all 40 layers)",steel_gemm_splitk_nt_bfloat16_float32_bm32_bn32_bk16_wm2_wn2_MN_taligned_K_taligned,1024,51.2,2.1475,0.34004999324679375,0.002207226738923188,0.3340222197492208
147,512,1024,2048,splitk,"attn wk / wv  (K and V projections, all 40 layers)",steel_gemm_splitk_nt_bfloat16_float32_bm32_bn32_bk16_wm2_wn2_MN_taligned_K_taligned,1024,51.2,2.1475,0.3399750043172389,0.002056613160106792,0.3339485600838658
148,512,6144,2048,regular,"attn wq, full-attention layers",steel_gemm_fused_nt_bfloat16_bfloat16_bm64_bn64_bk16_wm2_wn2,768,38.4,12.8849,1.767658197786659,0.002574173674863098,1.7363244426065698
149,512,48,2048,splitk,"attn g_proj (per-head gate), full-attention layers",steel_gemm_splitk_nt_bfloat16_float32_bm32_bn32_bk16_wm2_wn2_MN_naligned_K_taligned,128,6.4,0.1007,0.03535820287652314,0.0003685717555432754,0.034731438452310276
150,512,2048,6144,regular,"attn wo, full-attention layers",steel_gemm_fused_nt_bfloat16_bfloat16_bm64_bn64_bk16_wm2_wn2,256,12.8,12.8849,1.8436083977576345,0.0021417900782463653,1.8109283387645407
151,512,256,2048,splitk,MoE router logits GEMM (38 MoE layers),steel_gemm_splitk_nt_bfloat16_float32_bm32_bn32_bk16_wm2_wn2_MN_taligned_K_taligned,256,12.8,0.5369,0.1019165909383446,0.00040276411717395506,0.10011000326588056
152,512,1024,2048,splitk,"attn wk / wv  (K and V projections, all 40 layers)",steel_gemm_splitk_nt_bfloat16_float32_bm32_bn32_bk16_wm2_wn2_MN_taligned_K_taligned,1024,51.2,2.1475,0.3411832032725215,0.0018561935838520324,0.33513534233634856
153,512,1024,2048,splitk,"attn wk / wv  (K and V projections, all 40 layers)",steel_gemm_splitk_nt_bfloat16_float32_bm32_bn32_bk16_wm2_wn2_MN_taligned_K_taligned,1024,51.2,2.1475,0.3397250024136156,0.002197453768004047,0.3337029897487734
154,512,8192,2048,regular,"attn wq, sliding-window layers + layer-0 dense gate/up",steel_gemm_fused_nt_bfloat16_bfloat16_bm64_bn64_bk16_wm2_wn2,1024,51.2,17.1799,2.336383395595476,0.0008696098285132507,2.2949683384220476
155,512,64,2048,splitk,"attn g_proj (per-head gate), sliding-window layers",steel_gemm_splitk_nt_bfloat16_float32_bm32_bn32_bk16_wm2_wn2_MN_taligned_K_taligned,128,6.4,0.1342,0.03510000533424318,0.0006239106727545708,0.034477817755592444
156,512,2048,8192,regular,"attn wo, sliding-window layers + layer-0 dense down",steel_gemm_fused_nt_bfloat16_bfloat16_bm64_bn64_bk16_wm2_wn2,256,12.8,17.1799,2.444866596488282,0.002516141861597271,2.4015285510006064
157,512,256,2048,splitk,MoE router logits GEMM (38 MoE layers),steel_gemm_splitk_nt_bfloat16_float32_bm32_bn32_bk16_wm2_wn2_MN_taligned_K_taligned,256,12.8,0.5369,0.10285840835422277,0.0011238936577013631,0.10103512589519285
158,512,1024,2048,splitk,"attn wk / wv  (K and V projections, all 40 layers)",steel_gemm_splitk_nt_bfloat16_float32_bm32_bn32_bk16_wm2_wn2_MN_taligned_K_taligned,1024,51.2,2.1475,0.33998338622041047,0.0012806331792960162,0.3339567934082554
159,512,1024,2048,splitk,"attn wk / wv  (K and V projections, all 40 layers)",steel_gemm_splitk_nt_bfloat16_float32_bm32_bn32_bk16_wm2_wn2_MN_taligned_K_taligned,1024,51.2,2.1475,0.34115000162273645,0.0009634265368090976,0.33510272922362755
160,512,8192,2048,regular,"attn wq, sliding-window layers + layer-0 dense gate/up",steel_gemm_fused_nt_bfloat16_bfloat16_bm64_bn64_bk16_wm2_wn2,1024,51.2,17.1799,2.3360582010354847,0.0011046531107070288,2.294648908306077
161,512,64,2048,splitk,"attn g_proj (per-head gate), sliding-window layers",steel_gemm_splitk_nt_bfloat16_float32_bm32_bn32_bk16_wm2_wn2_MN_taligned_K_taligned,128,6.4,0.1342,0.03465838963165879,0.0002753565935715647,0.03404403019440202
162,512,2048,8192,regular,"attn wo, sliding-window layers + layer-0 dense down",steel_gemm_fused_nt_bfloat16_bfloat16_bm64_bn64_bk16_wm2_wn2,256,12.8,17.1799,2.44202499743551,0.0013167062310261107,2.3987373225280466
163,512,256,2048,splitk,MoE router logits GEMM (38 MoE layers),steel_gemm_splitk_nt_bfloat16_float32_bm32_bn32_bk16_wm2_wn2_MN_taligned_K_taligned,256,12.8,0.5369,0.10291659855283797,0.0004382187645475985,0.10109228460625035
164,512,1024,2048,splitk,"attn wk / wv  (K and V projections, all 40 layers)",steel_gemm_splitk_nt_bfloat16_float32_bm32_bn32_bk16_wm2_wn2_MN_taligned_K_taligned,1024,51.2,2.1475,0.33993320539593697,0.0015439346055247975,0.33390750209605913
165,512,1024,2048,splitk,"attn wk / wv  (K and V projections, all 40 layers)",steel_gemm_splitk_nt_bfloat16_float32_bm32_bn32_bk16_wm2_wn2_MN_taligned_K_taligned,1024,51.2,2.1475,0.3394250001292676,0.0020317375804305296,0.33340830534666244
166,512,8192,2048,regular,"attn wq, sliding-window layers + layer-0 dense gate/up",steel_gemm_fused_nt_bfloat16_bfloat16_bm64_bn64_bk16_wm2_wn2,1024,51.2,17.1799,2.3370082024484873,0.0012978365950193048,2.2955820698618417
167,512,64,2048,splitk,"attn g_proj (per-head gate), sliding-window layers",steel_gemm_splitk_nt_bfloat16_float32_bm32_bn32_bk16_wm2_wn2_MN_taligned_K_taligned,128,6.4,0.1342,0.03495819983072579,0.00024996679580624096,0.03433852591616236
168,512,2048,8192,regular,"attn wo, sliding-window layers + layer-0 dense down",steel_gemm_fused_nt_bfloat16_bfloat16_bm64_bn64_bk16_wm2_wn2,256,12.8,17.1799,2.4438916065264493,0.0021222446544243026,2.4005708438465048
169,512,256,2048,splitk,MoE router logits GEMM (38 MoE layers),steel_gemm_splitk_nt_bfloat16_float32_bm32_bn32_bk16_wm2_wn2_MN_taligned_K_taligned,256,12.8,0.5369,0.102283398155123,0.0007690170113951634,0.10047030840689385
170,512,1024,2048,splitk,"attn wk / wv  (K and V projections, all 40 layers)",steel_gemm_splitk_nt_bfloat16_float32_bm32_bn32_bk16_wm2_wn2_MN_taligned_K_taligned,1024,51.2,2.1475,0.3395084000658244,0.0015508619548771493,0.33349022692433894
171,512,1024,2048,splitk,"attn wk / wv  (K and V projections, all 40 layers)",steel_gemm_splitk_nt_bfloat16_float32_bm32_bn32_bk16_wm2_wn2_MN_taligned_K_taligned,1024,51.2,2.1475,0.34106660750694573,0.0019812975795389593,0.33502081336353745
172,512,6144,2048,regular,"attn wq, full-attention layers",steel_gemm_fused_nt_bfloat16_bfloat16_bm64_bn64_bk16_wm2_wn2,768,38.4,12.8849,1.7644166015088558,0.0007710183434223399,1.7331403073154488
173,512,48,2048,splitk,"attn g_proj (per-head gate), full-attention layers",steel_gemm_splitk_nt_bfloat16_float32_bm32_bn32_bk16_wm2_wn2_MN_naligned_K_taligned,128,6.4,0.1007,0.03565819934010506,0.000429312196563655,0.03502611713683483
174,512,2048,6144,regular,"attn wo, full-attention layers",steel_gemm_fused_nt_bfloat16_bfloat16_bm64_bn64_bk16_wm2_wn2,256,12.8,12.8849,1.843558403197676,0.0005049037982753137,1.8108792304151085
175,512,256,2048,splitk,MoE router logits GEMM (38 MoE layers),steel_gemm_splitk_nt_bfloat16_float32_bm32_bn32_bk16_wm2_wn2_MN_taligned_K_taligned,256,12.8,0.5369,0.1019917952362448,0.0004917011939031611,0.10018387448193165
176,512,1024,2048,splitk,"attn wk / wv  (K and V projections, all 40 layers)",steel_gemm_splitk_nt_bfloat16_float32_bm32_bn32_bk16_wm2_wn2_MN_taligned_K_taligned,1024,51.2,2.1475,0.3393834049347788,0.0014913444400851638,0.3333674474743791
177,512,1024,2048,splitk,"attn wk / wv  (K and V projections, all 40 layers)",steel_gemm_splitk_nt_bfloat16_float32_bm32_bn32_bk16_wm2_wn2_MN_taligned_K_taligned,1024,51.2,2.1475,0.3406499919947237,0.002591330660625216,0.3346115828358563
178,512,8192,2048,regular,"attn wq, sliding-window layers + layer-0 dense gate/up",steel_gemm_fused_nt_bfloat16_bfloat16_bm64_bn64_bk16_wm2_wn2,1024,51.2,17.1799,2.3815000022295862,0.05530072661576794,2.3392852018090755
179,512,64,2048,splitk,"attn g_proj (per-head gate), sliding-window layers",steel_gemm_splitk_nt_bfloat16_float32_bm32_bn32_bk16_wm2_wn2_MN_taligned_K_taligned,128,6.4,0.1342,0.03564999788068235,0.0011346832353278688,0.03501806105762307
180,512,2048,8192,regular,"attn wo, sliding-window layers + layer-0 dense down",steel_gemm_fused_nt_bfloat16_bfloat16_bm64_bn64_bk16_wm2_wn2,256,12.8,17.1799,2.4467831884976476,0.0013945618096086656,2.4034111692333235
181,512,256,2048,splitk,MoE router logits GEMM (38 MoE layers),steel_gemm_splitk_nt_bfloat16_float32_bm32_bn32_bk16_wm2_wn2_MN_taligned_K_taligned,256,12.8,0.5369,0.10247499449178576,0.0002863728546707765,0.10065850848023268
182,512,1024,2048,splitk,"attn wk / wv  (K and V projections, all 40 layers)",steel_gemm_splitk_nt_bfloat16_float32_bm32_bn32_bk16_wm2_wn2_MN_taligned_K_taligned,1024,51.2,2.1475,0.34180000075139105,0.0008496336816229811,0.33574120637728155
183,512,1024,2048,splitk,"attn wk / wv  (K and V projections, all 40 layers)",steel_gemm_splitk_nt_bfloat16_float32_bm32_bn32_bk16_wm2_wn2_MN_taligned_K_taligned,1024,51.2,2.1475,0.3404082031920552,0.0017274606278115784,0.33437408001514834
184,512,8192,2048,regular,"attn wq, sliding-window layers + layer-0 dense gate/up",steel_gemm_fused_nt_bfloat16_bfloat16_bm64_bn64_bk16_wm2_wn2,1024,51.2,17.1799,2.3373500036541373,0.0009026052186005958,2.2959178122517594
185,512,64,2048,splitk,"attn g_proj (per-head gate), sliding-window layers",steel_gemm_splitk_nt_bfloat16_float32_bm32_bn32_bk16_wm2_wn2_MN_taligned_K_taligned,128,6.4,0.1342,0.03394160303287208,0.001455502014864676,0.03333994945460483
186,512,2048,8192,regular,"attn wo, sliding-window layers + layer-0 dense down",steel_gemm_fused_nt_bfloat16_bfloat16_bm64_bn64_bk16_wm2_wn2,256,12.8,17.1799,2.461891807615757,0.03979278011697524,2.4182519708666113
187,512,256,2048,splitk,MoE router logits GEMM (38 MoE layers),steel_gemm_splitk_nt_bfloat16_float32_bm32_bn32_bk16_wm2_wn2_MN_taligned_K_taligned,256,12.8,0.5369,0.10226659360341728,0.0006411061690260331,0.10045380173500999
188,512,1024,2048,splitk,"attn wk / wv  (K and V projections, all 40 layers)",steel_gemm_splitk_nt_bfloat16_float32_bm32_bn32_bk16_wm2_wn2_MN_taligned_K_taligned,1024,51.2,2.1475,0.34064999781548977,0.0019937222409148283,0.3346115885534427
189,512,1024,2048,splitk,"attn wk / wv  (K and V projections, all 40 layers)",steel_gemm_splitk_nt_bfloat16_float32_bm32_bn32_bk16_wm2_wn2_MN_taligned_K_taligned,1024,51.2,2.1475,0.3394333994947374,0.001245292777652125,0.3334165558238112
190,512,8192,2048,regular,"attn wq, sliding-window layers + layer-0 dense gate/up",steel_gemm_fused_nt_bfloat16_bfloat16_bm64_bn64_bk16_wm2_wn2,1024,51.2,17.1799,2.337274997262284,0.000917956918562406,2.2958441354336454
191,512,64,2048,splitk,"attn g_proj (per-head gate), sliding-window layers",steel_gemm_splitk_nt_bfloat16_float32_bm32_bn32_bk16_wm2_wn2_MN_taligned_K_taligned,128,6.4,0.1342,0.03496679710224271,0.0004780809885664605,0.03434697079124808
192,512,2048,8192,regular,"attn wo, sliding-window layers + layer-0 dense down",steel_gemm_fused_nt_bfloat16_bfloat16_bm64_bn64_bk16_wm2_wn2,256,12.8,17.1799,2.4472081975545734,0.003026265731074134,2.4038286445205674
193,512,256,2048,splitk,MoE router logits GEMM (38 MoE layers),steel_gemm_splitk_nt_bfloat16_float32_bm32_bn32_bk16_wm2_wn2_MN_taligned_K_taligned,256,12.8,0.5369,0.10274160304106772,0.0005029093685157121,0.10092039108927202
194,512,1024,2048,splitk,"attn wk / wv  (K and V projections, all 40 layers)",steel_gemm_splitk_nt_bfloat16_float32_bm32_bn32_bk16_wm2_wn2_MN_taligned_K_taligned,1024,51.2,2.1475,0.33889999613165855,0.002073651942637066,0.3328926076429683
195,512,1024,2048,splitk,"attn wk / wv  (K and V projections, all 40 layers)",steel_gemm_splitk_nt_bfloat16_float32_bm32_bn32_bk16_wm2_wn2_MN_taligned_K_taligned,1024,51.2,2.1475,0.3402334055863321,0.001637433462130898,0.334202380896107
196,512,6144,2048,regular,"attn wq, full-attention layers",steel_gemm_fused_nt_bfloat16_bfloat16_bm64_bn64_bk16_wm2_wn2,768,38.4,12.8849,1.7649583925958723,0.001282670909242849,1.7336724945382676
197,512,48,2048,splitk,"attn g_proj (per-head gate), full-attention layers",steel_gemm_splitk_nt_bfloat16_float32_bm32_bn32_bk16_wm2_wn2_MN_naligned_K_taligned,128,6.4,0.1007,0.03625000244937837,0.0016105116154545446,0.03560742986184494
198,512,2048,6144,regular,"attn wo, full-attention layers",steel_gemm_fused_nt_bfloat16_bfloat16_bm64_bn64_bk16_wm2_wn2,256,12.8,12.8849,1.845950004644692,0.001025915662172865,1.8132284380020882
199,512,256,2048,splitk,MoE router logits GEMM (38 MoE layers),steel_gemm_splitk_nt_bfloat16_float32_bm32_bn32_bk16_wm2_wn2_MN_taligned_K_taligned,256,12.8,0.5369,0.1027833903208375,0.0009874355252467966,0.10096143764190597
200,512,1024,2048,splitk,"attn wk / wv  (K and V projections, all 40 layers)",steel_gemm_splitk_nt_bfloat16_float32_bm32_bn32_bk16_wm2_wn2_MN_taligned_K_taligned,1024,51.2,2.1475,0.3416082006879151,0.0009287615031082784,0.3355528061884194
201,512,1024,2048,splitk,"attn wk / wv  (K and V projections, all 40 layers)",steel_gemm_splitk_nt_bfloat16_float32_bm32_bn32_bk16_wm2_wn2_MN_taligned_K_taligned,1024,51.2,2.1475,0.3403249953407794,0.0015438818163520589,0.33429234711782246
202,512,8192,2048,regular,"attn wq, sliding-window layers + layer-0 dense gate/up",steel_gemm_fused_nt_bfloat16_bfloat16_bm64_bn64_bk16_wm2_wn2,1024,51.2,17.1799,2.339825202943757,0.000841251295868229,2.2983491358143526
203,512,64,2048,splitk,"attn g_proj (per-head gate), sliding-window layers",steel_gemm_splitk_nt_bfloat16_float32_bm32_bn32_bk16_wm2_wn2_MN_taligned_K_taligned,128,6.4,0.1342,0.035166600719094276,0.0002321911048536393,0.03454323266138506
204,512,2048,8192,regular,"attn wo, sliding-window layers + layer-0 dense down",steel_gemm_fused_nt_bfloat16_bfloat16_bm64_bn64_bk16_wm2_wn2,256,12.8,17.1799,2.4440002045594156,0.0018069731896717843,2.4006775168556276
205,512,256,2048,splitk,MoE router logits GEMM (38 MoE layers),steel_gemm_splitk_nt_bfloat16_float32_bm32_bn32_bk16_wm2_wn2_MN_taligned_K_taligned,256,12.8,0.5369,0.10225019650533795,0.0004815151652763129,0.10043769529417285
206,512,1024,2048,splitk,"attn wk / wv  (K and V projections, all 40 layers)",steel_gemm_splitk_nt_bfloat16_float32_bm32_bn32_bk16_wm2_wn2_MN_taligned_K_taligned,1024,51.2,2.1475,0.3405916038900614,0.001787198308712302,0.33455422972686183
207,512,1024,2048,splitk,"attn wk / wv  (K and V projections, all 40 layers)",steel_gemm_splitk_nt_bfloat16_float32_bm32_bn32_bk16_wm2_wn2_MN_taligned_K_taligned,1024,51.2,2.1475,0.3397250024136156,0.0019395976123728017,0.3337029897487734
208,512,8192,2048,regular,"attn wq, sliding-window layers + layer-0 dense gate/up",steel_gemm_fused_nt_bfloat16_bfloat16_bm64_bn64_bk16_wm2_wn2,1024,51.2,17.1799,2.339299995219335,0.0010500986076953395,2.297833237995135
209,512,64,2048,splitk,"attn g_proj (per-head gate), sliding-window layers",steel_gemm_splitk_nt_bfloat16_float32_bm32_bn32_bk16_wm2_wn2_MN_taligned_K_taligned,128,6.4,0.1342,0.03485819906927645,0.00021338911779587708,0.03424029778212538
210,512,2048,8192,regular,"attn wo, sliding-window layers + layer-0 dense down",steel_gemm_fused_nt_bfloat16_bfloat16_bm64_bn64_bk16_wm2_wn2,256,12.8,17.1799,2.4450665980111808,0.0014261689563636925,2.40172500726868
211,512,256,2048,splitk,MoE router logits GEMM (38 MoE layers),steel_gemm_splitk_nt_bfloat16_float32_bm32_bn32_bk16_wm2_wn2_MN_taligned_K_taligned,256,12.8,0.5369,0.10250000050291419,0.0002947491556731113,0.10068307123132832
212,512,1024,2048,splitk,"attn wk / wv  (K and V projections, all 40 layers)",steel_gemm_splitk_nt_bfloat16_float32_bm32_bn32_bk16_wm2_wn2_MN_taligned_K_taligned,1024,51.2,2.1475,0.340233399765566,0.0015458354818489609,0.33420237517852064
213,512,1024,2048,splitk,"attn wk / wv  (K and V projections, all 40 layers)",steel_gemm_splitk_nt_bfloat16_float32_bm32_bn32_bk16_wm2_wn2_MN_taligned_K_taligned,1024,51.2,2.1475,0.33941659494303167,0.0024344630172064537,0.33340004915192734
214,512,8192,2048,regular,"attn wq, sliding-window layers + layer-0 dense gate/up",steel_gemm_fused_nt_bfloat16_bfloat16_bm64_bn64_bk16_wm2_wn2,1024,51.2,17.1799,2.3525583965238184,0.03586174816540953,2.310856619033215
215,512,64,2048,splitk,"attn g_proj (per-head gate), sliding-window layers",steel_gemm_splitk_nt_bfloat16_float32_bm32_bn32_bk16_wm2_wn2_MN_taligned_K_taligned,128,6.4,0.1342,0.03490820527076721,0.00042954121547233824,0.034289417566730256
216,512,2048,8192,regular,"attn wo, sliding-window layers + layer-0 dense down",steel_gemm_fused_nt_bfloat16_bfloat16_bm64_bn64_bk16_wm2_wn2,256,12.8,17.1799,2.440208406187594,0.0014893098844191714,2.396952932429366
217,512,256,2048,splitk,MoE router logits GEMM (38 MoE layers),steel_gemm_splitk_nt_bfloat16_float32_bm32_bn32_bk16_wm2_wn2_MN_taligned_K_taligned,256,12.8,0.5369,0.10284159216098487,0.000654468901689175,0.10101860778813623
218,512,1024,2048,splitk,"attn wk / wv  (K and V projections, all 40 layers)",steel_gemm_splitk_nt_bfloat16_float32_bm32_bn32_bk16_wm2_wn2_MN_taligned_K_taligned,1024,51.2,2.1475,0.3411250014323741,0.0007828289950941691,0.3350781721901183
219,512,1024,2048,splitk,"attn wk / wv  (K and V projections, all 40 layers)",steel_gemm_splitk_nt_bfloat16_float32_bm32_bn32_bk16_wm2_wn2_MN_taligned_K_taligned,1024,51.2,2.1475,0.3404834074899554,0.002119821069433954,0.33444795123119947
220,512,6144,2048,regular,"attn wq, full-attention layers",steel_gemm_fused_nt_bfloat16_bfloat16_bm64_bn64_bk16_wm2_wn2,768,38.4,12.8849,1.765500009059906,0.001444277793235865,1.734204510233495
221,512,48,2048,splitk,"attn g_proj (per-head gate), full-attention layers",steel_gemm_splitk_nt_bfloat16_float32_bm32_bn32_bk16_wm2_wn2_MN_naligned_K_taligned,128,6.4,0.1007,0.03563339705578983,0.0004189904138377802,0.03500175450126256
222,512,2048,6144,regular,"attn wo, full-attention layers",steel_gemm_fused_nt_bfloat16_bfloat16_bm64_bn64_bk16_wm2_wn2,256,12.8,12.8849,1.8440334009937942,0.0008245844525586635,1.8113458083341978
223,512,256,2048,splitk,MoE router logits GEMM (38 MoE layers),steel_gemm_splitk_nt_bfloat16_float32_bm32_bn32_bk16_wm2_wn2_MN_taligned_K_taligned,256,12.8,0.5369,0.10168319568037987,0.0005741196543014546,0.099880745204735
224,512,1024,2048,splitk,"attn wk / wv  (K and V projections, all 40 layers)",steel_gemm_splitk_nt_bfloat16_float32_bm32_bn32_bk16_wm2_wn2_MN_taligned_K_taligned,1024,51.2,2.1475,0.3407999989576638,0.0008524969192019626,0.33475893075449814
225,512,1024,2048,splitk,"attn wk / wv  (K and V projections, all 40 layers)",steel_gemm_splitk_nt_bfloat16_float32_bm32_bn32_bk16_wm2_wn2_MN_taligned_K_taligned,1024,51.2,2.1475,0.3408916003536433,0.001281536513990096,0.33484890841138637
226,512,8192,2048,regular,"attn wq, sliding-window layers + layer-0 dense gate/up",steel_gemm_fused_nt_bfloat16_bfloat16_bm64_bn64_bk16_wm2_wn2,1024,51.2,17.1799,2.3360750055871904,0.0005631983047405437,2.2946654149779606
227,512,64,2048,splitk,"attn g_proj (per-head gate), sliding-window layers",steel_gemm_splitk_nt_bfloat16_float32_bm32_bn32_bk16_wm2_wn2_MN_taligned_K_taligned,128,6.4,0.1342,0.0348083907738328,0.00041620948222004906,0.034191372395457484
228,512,2048,8192,regular,"attn wo, sliding-window layers + layer-0 dense down",steel_gemm_fused_nt_bfloat16_bfloat16_bm64_bn64_bk16_wm2_wn2,256,12.8,17.1799,2.4421752023044974,0.0027995129173309023,2.3988848648446255
229,512,256,2048,splitk,MoE router logits GEMM (38 MoE layers),steel_gemm_splitk_nt_bfloat16_float32_bm32_bn32_bk16_wm2_wn2_MN_taligned_K_taligned,256,12.8,0.5369,0.10212479974143207,0.0006086226362489994,0.10031452133075267
230,512,1024,2048,splitk,"attn wk / wv  (K and V projections, all 40 layers)",steel_gemm_splitk_nt_bfloat16_float32_bm32_bn32_bk16_wm2_wn2_MN_taligned_K_taligned,1024,51.2,2.1475,0.3395999956410378,0.002321186538908867,0.33358019886364076
231,512,1024,2048,splitk,"attn wk / wv  (K and V projections, all 40 layers)",steel_gemm_splitk_nt_bfloat16_float32_bm32_bn32_bk16_wm2_wn2_MN_taligned_K_taligned,1024,51.2,2.1475,0.34113339497707784,0.0019872592990257416,0.33508641694968067
232,512,8192,2048,regular,"attn wq, sliding-window layers + layer-0 dense gate/up",steel_gemm_fused_nt_bfloat16_bfloat16_bm64_bn64_bk16_wm2_wn2,1024,51.2,17.1799,2.3370332084596157,0.0013558661445375695,2.2956066326129374
233,512,64,2048,splitk,"attn g_proj (per-head gate), sliding-window layers",steel_gemm_splitk_nt_bfloat16_float32_bm32_bn32_bk16_wm2_wn2_MN_taligned_K_taligned,128,6.4,0.1342,0.034908391535282135,0.00048167979515175655,0.034289600529494466
234,512,2048,8192,regular,"attn wo, sliding-window layers + layer-0 dense down",steel_gemm_fused_nt_bfloat16_bfloat16_bm64_bn64_bk16_wm2_wn2,256,12.8,17.1799,2.4443333968520164,0.0023916260908118008,2.4010048029352866
235,512,256,2048,splitk,MoE router logits GEMM (38 MoE layers),steel_gemm_splitk_nt_bfloat16_float32_bm32_bn32_bk16_wm2_wn2_MN_taligned_K_taligned,256,12.8,0.5369,0.10296660475432873,0.0007815925343787588,0.10114140439085523
236,512,2048,2048,regular,layer-39 [K;V] bank projection,steel_gemm_fused_nt_bfloat16_bfloat16_bm64_bn64_bk16_wm2_wn2,256,12.8,4.295,0.617400009650737,0.0009004915274260067,0.6064558911696846
