stage,block,order,arm,token_index,step_us
confirm,C1,ABBA,ctl,16,8181.0
confirm,C1,ABBA,ctl,17,8154.0
confirm,C1,ABBA,ctl,18,8177.0
confirm,C1,ABBA,ctl,19,8172.0
confirm,C1,ABBA,ctl,20,8170.0
confirm,C1,ABBA,ctl,21,8143.0
confirm,C1,ABBA,ctl,22,8178.0
confirm,C1,ABBA,ctl,23,8174.0
confirm,C1,ABBA,ctl,24,8173.0
confirm,C1,ABBA,ctl,25,8212.0
confirm,C1,ABBA,ctl,26,8182.0
confirm,C1,ABBA,ctl,27,8193.0
confirm,C1,ABBA,ctl,28,8189.0
confirm,C1,ABBA,ctl,29,8243.0
confirm,C1,ABBA,ctl,30,8271.0
confirm,C1,ABBA,qmvse0,16,8176.0
confirm,C1,ABBA,qmvse0,17,8147.0
confirm,C1,ABBA,qmvse0,18,8192.0
confirm,C1,ABBA,qmvse0,19,8189.0
confirm,C1,ABBA,qmvse0,20,8166.0
confirm,C1,ABBA,qmvse0,21,8155.0
confirm,C1,ABBA,qmvse0,22,8197.0
confirm,C1,ABBA,qmvse0,23,8207.0
confirm,C1,ABBA,qmvse0,24,8203.0
confirm,C1,ABBA,qmvse0,25,8200.0
confirm,C1,ABBA,qmvse0,26,8271.0
confirm,C1,ABBA,qmvse0,27,8264.0
confirm,C1,ABBA,qmvse0,28,8256.0
confirm,C1,ABBA,qmvse0,29,8220.0
confirm,C1,ABBA,qmvse0,30,8227.0
confirm,C1,ABBA,sc0,16,8134.0
confirm,C1,ABBA,sc0,17,8160.0
confirm,C1,ABBA,sc0,18,8161.0
confirm,C1,ABBA,sc0,19,8154.0
confirm,C1,ABBA,sc0,20,8160.0
confirm,C1,ABBA,sc0,21,8175.0
confirm,C1,ABBA,sc0,22,8163.0
confirm,C1,ABBA,sc0,23,8194.0
confirm,C1,ABBA,sc0,24,8178.0
confirm,C1,ABBA,sc0,25,8207.0
confirm,C1,ABBA,sc0,26,8236.0
confirm,C1,ABBA,sc0,27,8283.0
confirm,C1,ABBA,sc0,28,8232.0
confirm,C1,ABBA,sc0,29,8203.0
confirm,C1,ABBA,sc0,30,8232.0
confirm,C2,BAAB,ctl,16,8206.0
confirm,C2,BAAB,ctl,17,8209.0
confirm,C2,BAAB,ctl,18,8209.0
confirm,C2,BAAB,ctl,19,8238.0
confirm,C2,BAAB,ctl,20,8199.0
confirm,C2,BAAB,ctl,21,8160.0
confirm,C2,BAAB,ctl,22,8168.0
confirm,C2,BAAB,ctl,23,8156.0
confirm,C2,BAAB,ctl,24,8174.0
confirm,C2,BAAB,ctl,25,8178.0
confirm,C2,BAAB,ctl,26,8183.0
confirm,C2,BAAB,ctl,27,8161.0
confirm,C2,BAAB,ctl,28,8309.0
confirm,C2,BAAB,ctl,29,8184.0
confirm,C2,BAAB,ctl,30,8190.0
confirm,C2,BAAB,qmvsc0,16,8195.0
confirm,C2,BAAB,qmvsc0,17,8135.0
confirm,C2,BAAB,qmvsc0,18,8156.0
confirm,C2,BAAB,qmvsc0,19,8161.0
confirm,C2,BAAB,qmvsc0,20,8153.0
confirm,C2,BAAB,qmvsc0,21,8171.0
confirm,C2,BAAB,qmvsc0,22,8166.0
confirm,C2,BAAB,qmvsc0,23,8172.0
confirm,C2,BAAB,qmvsc0,24,8186.0
confirm,C2,BAAB,qmvsc0,25,8177.0
confirm,C2,BAAB,qmvsc0,26,8215.0
confirm,C2,BAAB,qmvsc0,27,8199.0
confirm,C2,BAAB,qmvsc0,28,8193.0
confirm,C2,BAAB,qmvsc0,29,8188.0
confirm,C2,BAAB,qmvsc0,30,8200.0
confirm,C2,BAAB,qmvse0,16,8185.0
confirm,C2,BAAB,qmvse0,17,8154.0
confirm,C2,BAAB,qmvse0,18,8191.0
confirm,C2,BAAB,qmvse0,19,8157.0
confirm,C2,BAAB,qmvse0,20,8206.0
confirm,C2,BAAB,qmvse0,21,8195.0
confirm,C2,BAAB,qmvse0,22,8172.0
confirm,C2,BAAB,qmvse0,23,8212.0
confirm,C2,BAAB,qmvse0,24,8169.0
confirm,C2,BAAB,qmvse0,25,8199.0
confirm,C2,BAAB,qmvse0,26,8211.0
confirm,C2,BAAB,qmvse0,27,8210.0
confirm,C2,BAAB,qmvse0,28,8233.0
confirm,C2,BAAB,qmvse0,29,8205.0
confirm,C2,BAAB,qmvse0,30,8203.0
confirm,C2,BAAB,sc0,16,8154.0
confirm,C2,BAAB,sc0,17,8142.0
confirm,C2,BAAB,sc0,18,8167.0
confirm,C2,BAAB,sc0,19,8190.0
confirm,C2,BAAB,sc0,20,8185.0
confirm,C2,BAAB,sc0,21,8194.0
confirm,C2,BAAB,sc0,22,8206.0
confirm,C2,BAAB,sc0,23,8274.0
confirm,C2,BAAB,sc0,24,8230.0
confirm,C2,BAAB,sc0,25,8349.0
confirm,C2,BAAB,sc0,26,8227.0
confirm,C2,BAAB,sc0,27,8197.0
confirm,C2,BAAB,sc0,28,8183.0
confirm,C2,BAAB,sc0,29,8366.0
confirm,C2,BAAB,sc0,30,8182.0
confirm,C3,ABBA,ctl,16,8197.0
confirm,C3,ABBA,ctl,17,8184.0
confirm,C3,ABBA,ctl,18,8171.0
confirm,C3,ABBA,ctl,19,8180.0
confirm,C3,ABBA,ctl,20,8201.0
confirm,C3,ABBA,ctl,21,8176.0
confirm,C3,ABBA,ctl,22,8178.0
confirm,C3,ABBA,ctl,23,8188.0
confirm,C3,ABBA,ctl,24,8276.0
confirm,C3,ABBA,ctl,25,8257.0
confirm,C3,ABBA,ctl,26,8242.0
confirm,C3,ABBA,ctl,27,8216.0
confirm,C3,ABBA,ctl,28,8202.0
confirm,C3,ABBA,ctl,29,8152.0
confirm,C3,ABBA,ctl,30,8273.0
confirm,C3,ABBA,qmvsc0,16,8160.0
confirm,C3,ABBA,qmvsc0,17,8152.0
confirm,C3,ABBA,qmvsc0,18,8179.0
confirm,C3,ABBA,qmvsc0,19,8200.0
confirm,C3,ABBA,qmvsc0,20,8233.0
confirm,C3,ABBA,qmvsc0,21,8239.0
confirm,C3,ABBA,qmvsc0,22,8148.0
confirm,C3,ABBA,qmvsc0,23,8234.0
confirm,C3,ABBA,qmvsc0,24,8189.0
confirm,C3,ABBA,qmvsc0,25,8130.0
confirm,C3,ABBA,qmvsc0,26,8167.0
confirm,C3,ABBA,qmvsc0,27,8155.0
confirm,C3,ABBA,qmvsc0,28,8167.0
confirm,C3,ABBA,qmvsc0,29,8198.0
confirm,C3,ABBA,qmvsc0,30,8193.0
confirm,C3,ABBA,qmvse0,16,8194.0
confirm,C3,ABBA,qmvse0,17,8148.0
confirm,C3,ABBA,qmvse0,18,8080.0
confirm,C3,ABBA,qmvse0,19,8269.0
confirm,C3,ABBA,qmvse0,20,8249.0
confirm,C3,ABBA,qmvse0,21,8200.0
confirm,C3,ABBA,qmvse0,22,8174.0
confirm,C3,ABBA,qmvse0,23,8177.0
confirm,C3,ABBA,qmvse0,24,8158.0
confirm,C3,ABBA,qmvse0,25,8177.0
confirm,C3,ABBA,qmvse0,26,8182.0
confirm,C3,ABBA,qmvse0,27,8242.0
confirm,C3,ABBA,qmvse0,28,8234.0
confirm,C3,ABBA,qmvse0,29,8224.0
confirm,C3,ABBA,qmvse0,30,8252.0
confirm,C3,ABBA,sc0,16,8145.0
confirm,C3,ABBA,sc0,17,8166.0
confirm,C3,ABBA,sc0,18,8172.0
confirm,C3,ABBA,sc0,19,8191.0
confirm,C3,ABBA,sc0,20,8199.0
confirm,C3,ABBA,sc0,21,8242.0
confirm,C3,ABBA,sc0,22,8236.0
confirm,C3,ABBA,sc0,23,8226.0
confirm,C3,ABBA,sc0,24,8196.0
confirm,C3,ABBA,sc0,25,8252.0
confirm,C3,ABBA,sc0,26,8151.0
confirm,C3,ABBA,sc0,27,8175.0
confirm,C3,ABBA,sc0,28,8200.0
confirm,C3,ABBA,sc0,29,8222.0
confirm,C3,ABBA,sc0,30,8178.0
confirm,C4,BAAB,ctl,16,8168.0
confirm,C4,BAAB,ctl,17,8159.0
confirm,C4,BAAB,ctl,18,8195.0
confirm,C4,BAAB,ctl,19,8209.0
confirm,C4,BAAB,ctl,20,8166.0
confirm,C4,BAAB,ctl,21,8212.0
confirm,C4,BAAB,ctl,22,8215.0
confirm,C4,BAAB,ctl,23,8187.0
confirm,C4,BAAB,ctl,24,8367.0
confirm,C4,BAAB,ctl,25,8199.0
confirm,C4,BAAB,ctl,26,8184.0
confirm,C4,BAAB,ctl,27,8193.0
confirm,C4,BAAB,ctl,28,8312.0
confirm,C4,BAAB,ctl,29,8190.0
confirm,C4,BAAB,ctl,30,8198.0
confirm,C4,BAAB,qmvsc0,16,8209.0
confirm,C4,BAAB,qmvsc0,17,8290.0
confirm,C4,BAAB,qmvsc0,18,8222.0
confirm,C4,BAAB,qmvsc0,19,8191.0
confirm,C4,BAAB,qmvsc0,20,8186.0
confirm,C4,BAAB,qmvsc0,21,8167.0
confirm,C4,BAAB,qmvsc0,22,8139.0
confirm,C4,BAAB,qmvsc0,23,8183.0
confirm,C4,BAAB,qmvsc0,24,8169.0
confirm,C4,BAAB,qmvsc0,25,8175.0
confirm,C4,BAAB,qmvsc0,26,8212.0
confirm,C4,BAAB,qmvsc0,27,8178.0
confirm,C4,BAAB,qmvsc0,28,8196.0
confirm,C4,BAAB,qmvsc0,29,8215.0
confirm,C4,BAAB,qmvsc0,30,8176.0
confirm,C4,BAAB,qmvse0,16,8297.0
confirm,C4,BAAB,qmvse0,17,8264.0
confirm,C4,BAAB,qmvse0,18,8210.0
confirm,C4,BAAB,qmvse0,19,8187.0
confirm,C4,BAAB,qmvse0,20,8194.0
confirm,C4,BAAB,qmvse0,21,8192.0
confirm,C4,BAAB,qmvse0,22,8185.0
confirm,C4,BAAB,qmvse0,23,8185.0
confirm,C4,BAAB,qmvse0,24,8166.0
confirm,C4,BAAB,qmvse0,25,8188.0
confirm,C4,BAAB,qmvse0,26,8224.0
confirm,C4,BAAB,qmvse0,27,8241.0
confirm,C4,BAAB,qmvse0,28,8263.0
confirm,C4,BAAB,qmvse0,29,8262.0
confirm,C4,BAAB,qmvse0,30,8254.0
confirm,C4,BAAB,sc0,16,8165.0
confirm,C4,BAAB,sc0,17,8159.0
confirm,C4,BAAB,sc0,18,8172.0
confirm,C4,BAAB,sc0,19,8161.0
confirm,C4,BAAB,sc0,20,8178.0
confirm,C4,BAAB,sc0,21,8198.0
confirm,C4,BAAB,sc0,22,8183.0
confirm,C4,BAAB,sc0,23,8195.0
confirm,C4,BAAB,sc0,24,8239.0
confirm,C4,BAAB,sc0,25,8237.0
confirm,C4,BAAB,sc0,26,8229.0
confirm,C4,BAAB,sc0,27,8232.0
confirm,C4,BAAB,sc0,28,8214.0
confirm,C4,BAAB,sc0,29,8208.0
confirm,C4,BAAB,sc0,30,8198.0
confirm,C5,ABBA,ctl,16,8161.0
confirm,C5,ABBA,ctl,17,8152.0
confirm,C5,ABBA,ctl,18,8158.0
confirm,C5,ABBA,ctl,19,8187.0
confirm,C5,ABBA,ctl,20,8164.0
confirm,C5,ABBA,ctl,21,8165.0
confirm,C5,ABBA,ctl,22,8164.0
confirm,C5,ABBA,ctl,23,8212.0
confirm,C5,ABBA,ctl,24,8226.0
confirm,C5,ABBA,ctl,25,8231.0
confirm,C5,ABBA,ctl,26,8233.0
confirm,C5,ABBA,ctl,27,8371.0
confirm,C5,ABBA,ctl,28,8183.0
confirm,C5,ABBA,ctl,29,8171.0
confirm,C5,ABBA,ctl,30,8181.0
confirm,C5,ABBA,qmvsc0,16,8136.0
confirm,C5,ABBA,qmvsc0,17,8146.0
confirm,C5,ABBA,qmvsc0,18,8156.0
confirm,C5,ABBA,qmvsc0,19,8150.0
confirm,C5,ABBA,qmvsc0,20,8178.0
confirm,C5,ABBA,qmvsc0,21,8199.0
confirm,C5,ABBA,qmvsc0,22,8220.0
confirm,C5,ABBA,qmvsc0,23,8233.0
confirm,C5,ABBA,qmvsc0,24,8234.0
confirm,C5,ABBA,qmvsc0,25,8192.0
confirm,C5,ABBA,qmvsc0,26,8153.0
confirm,C5,ABBA,qmvsc0,27,8203.0
confirm,C5,ABBA,qmvsc0,28,8398.0
confirm,C5,ABBA,qmvsc0,29,8175.0
confirm,C5,ABBA,qmvsc0,30,8197.0
confirm,C5,ABBA,qmvse0,16,8209.0
confirm,C5,ABBA,qmvse0,17,8216.0
confirm,C5,ABBA,qmvse0,18,8229.0
confirm,C5,ABBA,qmvse0,19,8253.0
confirm,C5,ABBA,qmvse0,20,8189.0
confirm,C5,ABBA,qmvse0,21,8182.0
confirm,C5,ABBA,qmvse0,22,8179.0
confirm,C5,ABBA,qmvse0,23,8181.0
confirm,C5,ABBA,qmvse0,24,8226.0
confirm,C5,ABBA,qmvse0,25,8192.0
confirm,C5,ABBA,qmvse0,26,8211.0
confirm,C5,ABBA,qmvse0,27,8243.0
confirm,C5,ABBA,qmvse0,28,8193.0
confirm,C5,ABBA,qmvse0,29,8206.0
confirm,C5,ABBA,qmvse0,30,8197.0
confirm,C5,ABBA,sc0,16,8179.0
confirm,C5,ABBA,sc0,17,8162.0
confirm,C5,ABBA,sc0,18,8176.0
confirm,C5,ABBA,sc0,19,8187.0
confirm,C5,ABBA,sc0,20,8190.0
confirm,C5,ABBA,sc0,21,8167.0
confirm,C5,ABBA,sc0,22,8211.0
confirm,C5,ABBA,sc0,23,8275.0
confirm,C5,ABBA,sc0,24,8230.0
confirm,C5,ABBA,sc0,25,8229.0
confirm,C5,ABBA,sc0,26,8242.0
confirm,C5,ABBA,sc0,27,8253.0
confirm,C5,ABBA,sc0,28,8194.0
confirm,C5,ABBA,sc0,29,8212.0
confirm,C5,ABBA,sc0,30,8194.0
confirm,C6,BAAB,ctl,16,8374.0
confirm,C6,BAAB,ctl,17,8209.0
confirm,C6,BAAB,ctl,18,8189.0
confirm,C6,BAAB,ctl,19,8158.0
confirm,C6,BAAB,ctl,20,8174.0
confirm,C6,BAAB,ctl,21,8151.0
confirm,C6,BAAB,ctl,22,8175.0
confirm,C6,BAAB,ctl,23,8190.0
confirm,C6,BAAB,ctl,24,8203.0
confirm,C6,BAAB,ctl,25,8167.0
confirm,C6,BAAB,ctl,26,8222.0
confirm,C6,BAAB,ctl,27,8188.0
confirm,C6,BAAB,ctl,28,8199.0
confirm,C6,BAAB,ctl,29,8192.0
confirm,C6,BAAB,ctl,30,8230.0
confirm,C6,BAAB,qmvsc0,16,8172.0
confirm,C6,BAAB,qmvsc0,17,8258.0
confirm,C6,BAAB,qmvsc0,18,8231.0
confirm,C6,BAAB,qmvsc0,19,8222.0
confirm,C6,BAAB,qmvsc0,20,8147.0
confirm,C6,BAAB,qmvsc0,21,8275.0
confirm,C6,BAAB,qmvsc0,22,8188.0
confirm,C6,BAAB,qmvsc0,23,8175.0
confirm,C6,BAAB,qmvsc0,24,8337.0
confirm,C6,BAAB,qmvsc0,25,8238.0
confirm,C6,BAAB,qmvsc0,26,8249.0
confirm,C6,BAAB,qmvsc0,27,8223.0
confirm,C6,BAAB,qmvsc0,28,8342.0
confirm,C6,BAAB,qmvsc0,29,8271.0
confirm,C6,BAAB,qmvsc0,30,8307.0
confirm,C6,BAAB,qmvse0,16,8166.0
confirm,C6,BAAB,qmvse0,17,8299.0
confirm,C6,BAAB,qmvse0,18,8331.0
confirm,C6,BAAB,qmvse0,19,8310.0
confirm,C6,BAAB,qmvse0,20,8252.0
confirm,C6,BAAB,qmvse0,21,8223.0
confirm,C6,BAAB,qmvse0,22,8240.0
confirm,C6,BAAB,qmvse0,23,8231.0
confirm,C6,BAAB,qmvse0,24,8220.0
confirm,C6,BAAB,qmvse0,25,8219.0
confirm,C6,BAAB,qmvse0,26,8239.0
confirm,C6,BAAB,qmvse0,27,8227.0
confirm,C6,BAAB,qmvse0,28,8232.0
confirm,C6,BAAB,qmvse0,29,8244.0
confirm,C6,BAAB,qmvse0,30,8261.0
confirm,C6,BAAB,sc0,16,8179.0
confirm,C6,BAAB,sc0,17,8150.0
confirm,C6,BAAB,sc0,18,8177.0
confirm,C6,BAAB,sc0,19,8238.0
confirm,C6,BAAB,sc0,20,8189.0
confirm,C6,BAAB,sc0,21,8217.0
confirm,C6,BAAB,sc0,22,8048.0
confirm,C6,BAAB,sc0,23,8315.0
confirm,C6,BAAB,sc0,24,8284.0
confirm,C6,BAAB,sc0,25,8168.0
confirm,C6,BAAB,sc0,26,8184.0
confirm,C6,BAAB,sc0,27,8233.0
confirm,C6,BAAB,sc0,28,8226.0
confirm,C6,BAAB,sc0,29,8230.0
confirm,C6,BAAB,sc0,30,8247.0
confirm,C7,ABBA,ctl,16,8172.0
confirm,C7,ABBA,ctl,17,8151.0
confirm,C7,ABBA,ctl,18,8160.0
confirm,C7,ABBA,ctl,19,8171.0
confirm,C7,ABBA,ctl,20,8190.0
confirm,C7,ABBA,ctl,21,8228.0
confirm,C7,ABBA,ctl,22,8261.0
confirm,C7,ABBA,ctl,23,8245.0
confirm,C7,ABBA,ctl,24,8275.0
confirm,C7,ABBA,ctl,25,8218.0
confirm,C7,ABBA,ctl,26,8213.0
confirm,C7,ABBA,ctl,27,8200.0
confirm,C7,ABBA,ctl,28,8189.0
confirm,C7,ABBA,ctl,29,8176.0
confirm,C7,ABBA,ctl,30,8173.0
screen,S1,ABBA,ctl,16,8428.0
screen,S1,ABBA,ctl,17,8211.0
screen,S1,ABBA,ctl,18,8201.0
screen,S1,ABBA,ctl,19,8177.0
screen,S1,ABBA,ctl,20,8192.0
screen,S1,ABBA,ctl,21,8198.0
screen,S1,ABBA,ctl,22,8159.0
screen,S1,ABBA,ctl,23,8241.0
screen,S1,ABBA,ctl,24,8189.0
screen,S1,ABBA,ctl,25,8202.0
screen,S1,ABBA,ctl,26,8287.0
screen,S1,ABBA,ctl,27,8168.0
screen,S1,ABBA,ctl,28,8217.0
screen,S1,ABBA,ctl,29,8154.0
screen,S1,ABBA,ctl,30,8252.0
screen,S1,ABBA,ns0,16,8212.0
screen,S1,ABBA,ns0,17,8195.0
screen,S1,ABBA,ns0,18,8187.0
screen,S1,ABBA,ns0,19,8195.0
screen,S1,ABBA,ns0,20,8193.0
screen,S1,ABBA,ns0,21,8199.0
screen,S1,ABBA,ns0,22,8171.0
screen,S1,ABBA,ns0,23,8183.0
screen,S1,ABBA,ns0,24,8193.0
screen,S1,ABBA,ns0,25,8203.0
screen,S1,ABBA,ns0,26,8225.0
screen,S1,ABBA,ns0,27,8219.0
screen,S1,ABBA,ns0,28,8229.0
screen,S1,ABBA,ns0,29,8219.0
screen,S1,ABBA,ns0,30,8208.0
screen,S1,ABBA,ns2,16,8216.0
screen,S1,ABBA,ns2,17,8166.0
screen,S1,ABBA,ns2,18,8157.0
screen,S1,ABBA,ns2,19,8181.0
screen,S1,ABBA,ns2,20,8197.0
screen,S1,ABBA,ns2,21,8202.0
screen,S1,ABBA,ns2,22,8180.0
screen,S1,ABBA,ns2,23,8191.0
screen,S1,ABBA,ns2,24,8199.0
screen,S1,ABBA,ns2,25,8206.0
screen,S1,ABBA,ns2,26,8228.0
screen,S1,ABBA,ns2,27,8268.0
screen,S1,ABBA,ns2,28,8253.0
screen,S1,ABBA,ns2,29,8253.0
screen,S1,ABBA,ns2,30,8182.0
screen,S1,ABBA,qmvsc0,16,8225.0
screen,S1,ABBA,qmvsc0,17,8142.0
screen,S1,ABBA,qmvsc0,18,8210.0
screen,S1,ABBA,qmvsc0,19,8241.0
screen,S1,ABBA,qmvsc0,20,8392.0
screen,S1,ABBA,qmvsc0,21,8261.0
screen,S1,ABBA,qmvsc0,22,8307.0
screen,S1,ABBA,qmvsc0,23,8268.0
screen,S1,ABBA,qmvsc0,24,8257.0
screen,S1,ABBA,qmvsc0,25,8373.0
screen,S1,ABBA,qmvsc0,26,8269.0
screen,S1,ABBA,qmvsc0,27,8184.0
screen,S1,ABBA,qmvsc0,28,8346.0
screen,S1,ABBA,qmvsc0,29,8262.0
screen,S1,ABBA,qmvsc0,30,8297.0
screen,S1,ABBA,qmvse0,16,8313.0
screen,S1,ABBA,qmvse0,17,8282.0
screen,S1,ABBA,qmvse0,18,8135.0
screen,S1,ABBA,qmvse0,19,8195.0
screen,S1,ABBA,qmvse0,20,8076.0
screen,S1,ABBA,qmvse0,21,8179.0
screen,S1,ABBA,qmvse0,22,8187.0
screen,S1,ABBA,qmvse0,23,8172.0
screen,S1,ABBA,qmvse0,24,8190.0
screen,S1,ABBA,qmvse0,25,8207.0
screen,S1,ABBA,qmvse0,26,8223.0
screen,S1,ABBA,qmvse0,27,8247.0
screen,S1,ABBA,qmvse0,28,8312.0
screen,S1,ABBA,qmvse0,29,8244.0
screen,S1,ABBA,qmvse0,30,8249.0
screen,S1,ABBA,qse0,16,8210.0
screen,S1,ABBA,qse0,17,8199.0
screen,S1,ABBA,qse0,18,8190.0
screen,S1,ABBA,qse0,19,8229.0
screen,S1,ABBA,qse0,20,8215.0
screen,S1,ABBA,qse0,21,8269.0
screen,S1,ABBA,qse0,22,8241.0
screen,S1,ABBA,qse0,23,8170.0
screen,S1,ABBA,qse0,24,8263.0
screen,S1,ABBA,qse0,25,8197.0
screen,S1,ABBA,qse0,26,8258.0
screen,S1,ABBA,qse0,27,8179.0
screen,S1,ABBA,qse0,28,8262.0
screen,S1,ABBA,qse0,29,8277.0
screen,S1,ABBA,qse0,30,8004.0
screen,S1,ABBA,sc0,16,8187.0
screen,S1,ABBA,sc0,17,8221.0
screen,S1,ABBA,sc0,18,8214.0
screen,S1,ABBA,sc0,19,8192.0
screen,S1,ABBA,sc0,20,8186.0
screen,S1,ABBA,sc0,21,8184.0
screen,S1,ABBA,sc0,22,8171.0
screen,S1,ABBA,sc0,23,8173.0
screen,S1,ABBA,sc0,24,8191.0
screen,S1,ABBA,sc0,25,8165.0
screen,S1,ABBA,sc0,26,8199.0
screen,S1,ABBA,sc0,27,8186.0
screen,S1,ABBA,sc0,28,8083.0
screen,S1,ABBA,sc0,29,8099.0
screen,S1,ABBA,sc0,30,8202.0
screen,S1,ABBA,sd0,16,8269.0
screen,S1,ABBA,sd0,17,8217.0
screen,S1,ABBA,sd0,18,8102.0
screen,S1,ABBA,sd0,19,8123.0
screen,S1,ABBA,sd0,20,8145.0
screen,S1,ABBA,sd0,21,8089.0
screen,S1,ABBA,sd0,22,8063.0
screen,S1,ABBA,sd0,23,8202.0
screen,S1,ABBA,sd0,24,8663.0
screen,S1,ABBA,sd0,25,8378.0
screen,S1,ABBA,sd0,26,8388.0
screen,S1,ABBA,sd0,27,8353.0
screen,S1,ABBA,sd0,28,8364.0
screen,S1,ABBA,sd0,29,8344.0
screen,S1,ABBA,sd0,30,8365.0
screen,S1,ABBA,sfd1,16,8256.0
screen,S1,ABBA,sfd1,17,8426.0
screen,S1,ABBA,sfd1,18,8288.0
screen,S1,ABBA,sfd1,19,8272.0
screen,S1,ABBA,sfd1,20,8219.0
screen,S1,ABBA,sfd1,21,8229.0
screen,S1,ABBA,sfd1,22,8252.0
screen,S1,ABBA,sfd1,23,8248.0
screen,S1,ABBA,sfd1,24,8219.0
screen,S1,ABBA,sfd1,25,8232.0
screen,S1,ABBA,sfd1,26,8245.0
screen,S1,ABBA,sfd1,27,8233.0
screen,S1,ABBA,sfd1,28,8245.0
screen,S1,ABBA,sfd1,29,8261.0
screen,S1,ABBA,sfd1,30,8351.0
screen,S2,BAAB,ctl,16,8175.0
screen,S2,BAAB,ctl,17,8152.0
screen,S2,BAAB,ctl,18,8173.0
screen,S2,BAAB,ctl,19,8167.0
screen,S2,BAAB,ctl,20,8169.0
screen,S2,BAAB,ctl,21,8189.0
screen,S2,BAAB,ctl,22,8170.0
screen,S2,BAAB,ctl,23,8217.0
screen,S2,BAAB,ctl,24,8201.0
screen,S2,BAAB,ctl,25,8212.0
screen,S2,BAAB,ctl,26,8197.0
screen,S2,BAAB,ctl,27,8237.0
screen,S2,BAAB,ctl,28,8228.0
screen,S2,BAAB,ctl,29,8192.0
screen,S2,BAAB,ctl,30,8239.0
screen,S2,BAAB,ns0,16,8192.0
screen,S2,BAAB,ns0,17,8200.0
screen,S2,BAAB,ns0,18,8187.0
screen,S2,BAAB,ns0,19,8203.0
screen,S2,BAAB,ns0,20,8186.0
screen,S2,BAAB,ns0,21,8172.0
screen,S2,BAAB,ns0,22,8230.0
screen,S2,BAAB,ns0,23,8245.0
screen,S2,BAAB,ns0,24,8233.0
screen,S2,BAAB,ns0,25,8314.0
screen,S2,BAAB,ns0,26,8225.0
screen,S2,BAAB,ns0,27,8242.0
screen,S2,BAAB,ns0,28,8195.0
screen,S2,BAAB,ns0,29,8476.0
screen,S2,BAAB,ns0,30,8196.0
screen,S2,BAAB,ns2,16,8178.0
screen,S2,BAAB,ns2,17,8182.0
screen,S2,BAAB,ns2,18,8185.0
screen,S2,BAAB,ns2,19,8198.0
screen,S2,BAAB,ns2,20,8212.0
screen,S2,BAAB,ns2,21,8220.0
screen,S2,BAAB,ns2,22,8247.0
screen,S2,BAAB,ns2,23,8225.0
screen,S2,BAAB,ns2,24,8256.0
screen,S2,BAAB,ns2,25,8249.0
screen,S2,BAAB,ns2,26,8247.0
screen,S2,BAAB,ns2,27,8327.0
screen,S2,BAAB,ns2,28,8237.0
screen,S2,BAAB,ns2,29,8172.0
screen,S2,BAAB,ns2,30,8208.0
screen,S2,BAAB,qmvsc0,16,8279.0
screen,S2,BAAB,qmvsc0,17,8151.0
screen,S2,BAAB,qmvsc0,18,8168.0
screen,S2,BAAB,qmvsc0,19,8186.0
screen,S2,BAAB,qmvsc0,20,8155.0
screen,S2,BAAB,qmvsc0,21,8139.0
screen,S2,BAAB,qmvsc0,22,8151.0
screen,S2,BAAB,qmvsc0,23,8154.0
screen,S2,BAAB,qmvsc0,24,8177.0
screen,S2,BAAB,qmvsc0,25,8300.0
screen,S2,BAAB,qmvsc0,26,8254.0
screen,S2,BAAB,qmvsc0,27,8284.0
screen,S2,BAAB,qmvsc0,28,8174.0
screen,S2,BAAB,qmvsc0,29,8480.0
screen,S2,BAAB,qmvsc0,30,8387.0
screen,S2,BAAB,qmvse0,16,8240.0
screen,S2,BAAB,qmvse0,17,8207.0
screen,S2,BAAB,qmvse0,18,8140.0
screen,S2,BAAB,qmvse0,19,8177.0
screen,S2,BAAB,qmvse0,20,8164.0
screen,S2,BAAB,qmvse0,21,8223.0
screen,S2,BAAB,qmvse0,22,8184.0
screen,S2,BAAB,qmvse0,23,8174.0
screen,S2,BAAB,qmvse0,24,8164.0
screen,S2,BAAB,qmvse0,25,8197.0
screen,S2,BAAB,qmvse0,26,8198.0
screen,S2,BAAB,qmvse0,27,8231.0
screen,S2,BAAB,qmvse0,28,8205.0
screen,S2,BAAB,qmvse0,29,8264.0
screen,S2,BAAB,qmvse0,30,8246.0
screen,S2,BAAB,qse0,16,8262.0
screen,S2,BAAB,qse0,17,8227.0
screen,S2,BAAB,qse0,18,8233.0
screen,S2,BAAB,qse0,19,8204.0
screen,S2,BAAB,qse0,20,8155.0
screen,S2,BAAB,qse0,21,8150.0
screen,S2,BAAB,qse0,22,8186.0
screen,S2,BAAB,qse0,23,8186.0
screen,S2,BAAB,qse0,24,8162.0
screen,S2,BAAB,qse0,25,8162.0
screen,S2,BAAB,qse0,26,8193.0
screen,S2,BAAB,qse0,27,8227.0
screen,S2,BAAB,qse0,28,8189.0
screen,S2,BAAB,qse0,29,8217.0
screen,S2,BAAB,qse0,30,8257.0
screen,S2,BAAB,sc0,16,8164.0
screen,S2,BAAB,sc0,17,8157.0
screen,S2,BAAB,sc0,18,8157.0
screen,S2,BAAB,sc0,19,8135.0
screen,S2,BAAB,sc0,20,8192.0
screen,S2,BAAB,sc0,21,8092.0
screen,S2,BAAB,sc0,22,8196.0
screen,S2,BAAB,sc0,23,8293.0
screen,S2,BAAB,sc0,24,8276.0
screen,S2,BAAB,sc0,25,8225.0
screen,S2,BAAB,sc0,26,8272.0
screen,S2,BAAB,sc0,27,8230.0
screen,S2,BAAB,sc0,28,8192.0
screen,S2,BAAB,sc0,29,8219.0
screen,S2,BAAB,sc0,30,8173.0
screen,S2,BAAB,sd0,16,8288.0
screen,S2,BAAB,sd0,17,8132.0
screen,S2,BAAB,sd0,18,8146.0
screen,S2,BAAB,sd0,19,8170.0
screen,S2,BAAB,sd0,20,8158.0
screen,S2,BAAB,sd0,21,8173.0
screen,S2,BAAB,sd0,22,8189.0
screen,S2,BAAB,sd0,23,8195.0
screen,S2,BAAB,sd0,24,8260.0
screen,S2,BAAB,sd0,25,8145.0
screen,S2,BAAB,sd0,26,8143.0
screen,S2,BAAB,sd0,27,8165.0
screen,S2,BAAB,sd0,28,8206.0
screen,S2,BAAB,sd0,29,8121.0
screen,S2,BAAB,sd0,30,8221.0
screen,S2,BAAB,sfd1,16,8217.0
screen,S2,BAAB,sfd1,17,8235.0
screen,S2,BAAB,sfd1,18,8278.0
screen,S2,BAAB,sfd1,19,8234.0
screen,S2,BAAB,sfd1,20,8362.0
screen,S2,BAAB,sfd1,21,8242.0
screen,S2,BAAB,sfd1,22,8246.0
screen,S2,BAAB,sfd1,23,8242.0
screen,S2,BAAB,sfd1,24,8224.0
screen,S2,BAAB,sfd1,25,8232.0
screen,S2,BAAB,sfd1,26,8238.0
screen,S2,BAAB,sfd1,27,8343.0
screen,S2,BAAB,sfd1,28,8212.0
screen,S2,BAAB,sfd1,29,8245.0
screen,S2,BAAB,sfd1,30,8251.0
screen,S3,ABBA,ctl,16,8272.0
screen,S3,ABBA,ctl,17,8163.0
screen,S3,ABBA,ctl,18,8155.0
screen,S3,ABBA,ctl,19,8164.0
screen,S3,ABBA,ctl,20,8187.0
screen,S3,ABBA,ctl,21,8177.0
screen,S3,ABBA,ctl,22,8221.0
screen,S3,ABBA,ctl,23,8188.0
screen,S3,ABBA,ctl,24,8242.0
screen,S3,ABBA,ctl,25,8189.0
screen,S3,ABBA,ctl,26,8171.0
screen,S3,ABBA,ctl,27,8210.0
screen,S3,ABBA,ctl,28,8233.0
screen,S3,ABBA,ctl,29,8188.0
screen,S3,ABBA,ctl,30,8212.0
screen,S3,ABBA,ns0,16,8199.0
screen,S3,ABBA,ns0,17,8216.0
screen,S3,ABBA,ns0,18,8193.0
screen,S3,ABBA,ns0,19,8228.0
screen,S3,ABBA,ns0,20,8234.0
screen,S3,ABBA,ns0,21,8207.0
screen,S3,ABBA,ns0,22,8205.0
screen,S3,ABBA,ns0,23,8196.0
screen,S3,ABBA,ns0,24,8201.0
screen,S3,ABBA,ns0,25,8179.0
screen,S3,ABBA,ns0,26,8229.0
screen,S3,ABBA,ns0,27,8245.0
screen,S3,ABBA,ns0,28,8233.0
screen,S3,ABBA,ns0,29,8275.0
screen,S3,ABBA,ns0,30,8304.0
screen,S3,ABBA,ns2,16,8178.0
screen,S3,ABBA,ns2,17,8177.0
screen,S3,ABBA,ns2,18,8188.0
screen,S3,ABBA,ns2,19,8172.0
screen,S3,ABBA,ns2,20,8224.0
screen,S3,ABBA,ns2,21,8226.0
screen,S3,ABBA,ns2,22,8223.0
screen,S3,ABBA,ns2,23,8258.0
screen,S3,ABBA,ns2,24,8250.0
screen,S3,ABBA,ns2,25,8219.0
screen,S3,ABBA,ns2,26,8234.0
screen,S3,ABBA,ns2,27,8301.0
screen,S3,ABBA,ns2,28,8195.0
screen,S3,ABBA,ns2,29,8183.0
screen,S3,ABBA,ns2,30,8336.0
screen,S3,ABBA,qmvsc0,16,8161.0
screen,S3,ABBA,qmvsc0,17,8178.0
screen,S3,ABBA,qmvsc0,18,8140.0
screen,S3,ABBA,qmvsc0,19,8157.0
screen,S3,ABBA,qmvsc0,20,8161.0
screen,S3,ABBA,qmvsc0,21,8164.0
screen,S3,ABBA,qmvsc0,22,8167.0
screen,S3,ABBA,qmvsc0,23,8227.0
screen,S3,ABBA,qmvsc0,24,8190.0
screen,S3,ABBA,qmvsc0,25,8203.0
screen,S3,ABBA,qmvsc0,26,8251.0
screen,S3,ABBA,qmvsc0,27,8251.0
screen,S3,ABBA,qmvsc0,28,8227.0
screen,S3,ABBA,qmvsc0,29,8194.0
screen,S3,ABBA,qmvsc0,30,8215.0
screen,S3,ABBA,qmvse0,16,8306.0
screen,S3,ABBA,qmvse0,17,8162.0
screen,S3,ABBA,qmvse0,18,8169.0
screen,S3,ABBA,qmvse0,19,8177.0
screen,S3,ABBA,qmvse0,20,8185.0
screen,S3,ABBA,qmvse0,21,8174.0
screen,S3,ABBA,qmvse0,22,8250.0
screen,S3,ABBA,qmvse0,23,8188.0
screen,S3,ABBA,qmvse0,24,8233.0
screen,S3,ABBA,qmvse0,25,8232.0
screen,S3,ABBA,qmvse0,26,8199.0
screen,S3,ABBA,qmvse0,27,8218.0
screen,S3,ABBA,qmvse0,28,8240.0
screen,S3,ABBA,qmvse0,29,8283.0
screen,S3,ABBA,qmvse0,30,8246.0
screen,S3,ABBA,qse0,16,8152.0
screen,S3,ABBA,qse0,17,8159.0
screen,S3,ABBA,qse0,18,8156.0
screen,S3,ABBA,qse0,19,8166.0
screen,S3,ABBA,qse0,20,8182.0
screen,S3,ABBA,qse0,21,8167.0
screen,S3,ABBA,qse0,22,8234.0
screen,S3,ABBA,qse0,23,8256.0
screen,S3,ABBA,qse0,24,8253.0
screen,S3,ABBA,qse0,25,8230.0
screen,S3,ABBA,qse0,26,8253.0
screen,S3,ABBA,qse0,27,8243.0
screen,S3,ABBA,qse0,28,8167.0
screen,S3,ABBA,qse0,29,8174.0
screen,S3,ABBA,qse0,30,8196.0
screen,S3,ABBA,sc0,16,8154.0
screen,S3,ABBA,sc0,17,8160.0
screen,S3,ABBA,sc0,18,8208.0
screen,S3,ABBA,sc0,19,8190.0
screen,S3,ABBA,sc0,20,8249.0
screen,S3,ABBA,sc0,21,8211.0
screen,S3,ABBA,sc0,22,8220.0
screen,S3,ABBA,sc0,23,8206.0
screen,S3,ABBA,sc0,24,8174.0
screen,S3,ABBA,sc0,25,8200.0
screen,S3,ABBA,sc0,26,8215.0
screen,S3,ABBA,sc0,27,8174.0
screen,S3,ABBA,sc0,28,8182.0
screen,S3,ABBA,sc0,29,8196.0
screen,S3,ABBA,sc0,30,8310.0
screen,S3,ABBA,sd0,16,8123.0
screen,S3,ABBA,sd0,17,8154.0
screen,S3,ABBA,sd0,18,8129.0
screen,S3,ABBA,sd0,19,8121.0
screen,S3,ABBA,sd0,20,8144.0
screen,S3,ABBA,sd0,21,8123.0
screen,S3,ABBA,sd0,22,8154.0
screen,S3,ABBA,sd0,23,8180.0
screen,S3,ABBA,sd0,24,8195.0
screen,S3,ABBA,sd0,25,8205.0
screen,S3,ABBA,sd0,26,8205.0
screen,S3,ABBA,sd0,27,8195.0
screen,S3,ABBA,sd0,28,8178.0
screen,S3,ABBA,sd0,29,8152.0
screen,S3,ABBA,sd0,30,8196.0
screen,S3,ABBA,sfd1,16,8307.0
screen,S3,ABBA,sfd1,17,8243.0
screen,S3,ABBA,sfd1,18,8204.0
screen,S3,ABBA,sfd1,19,8208.0
screen,S3,ABBA,sfd1,20,8220.0
screen,S3,ABBA,sfd1,21,8214.0
screen,S3,ABBA,sfd1,22,8231.0
screen,S3,ABBA,sfd1,23,8229.0
screen,S3,ABBA,sfd1,24,8256.0
screen,S3,ABBA,sfd1,25,8225.0
screen,S3,ABBA,sfd1,26,8251.0
screen,S3,ABBA,sfd1,27,8255.0
screen,S3,ABBA,sfd1,28,8268.0
screen,S3,ABBA,sfd1,29,8289.0
screen,S3,ABBA,sfd1,30,8288.0
