name,n,min,max,distinct,rows,row_span_max,blocks,blk_span_max,row_le15,row_le31,blk_le15,blk_le31
L0.q,786432,0,32,27,6144,27,24576,26,0.99821,1.0,0.999674,1.0
L0.k,131072,0,24,23,1024,21,4096,20,0.991211,1.0,0.997803,1.0
L0.v,131072,2,20,19,1024,16,4096,16,0.994141,1.0,0.999512,1.0
L0.o,786432,1,27,27,2048,24,24576,24,0.945312,1.0,0.995361,1.0
L1.q,1048576,0,25,26,8192,21,32768,21,0.997559,1.0,0.999512,1.0
L1.k,131072,0,20,21,1024,16,4096,16,0.998047,1.0,0.999756,1.0
L1.v,131072,3,16,14,1024,12,4096,12,1.0,1.0,1.0,1.0
L1.o,1048576,2,32,27,2048,27,32768,25,0.959473,1.0,0.997681,1.0
L1.routed.gate_up,33554432,2,30,23,262144,24,1048576,24,0.999966,1.0,0.999992,1.0
L1.routed.down,16777216,2,33,28,524288,22,524288,22,0.999971,1.0,0.999971,1.0
L1.routed.packed,33554432,2,30,23,1048576,24,1048576,24,0.999992,1.0,0.999992,1.0
L1.shared.gate_up,131072,1,17,15,1024,14,4096,14,1.0,1.0,1.0,1.0
L1.shared.down,65536,2,27,22,2048,25,2048,25,0.996582,1.0,0.996582,1.0
L2.q,1048576,0,27,28,8192,21,32768,19,0.99646,1.0,0.999329,1.0
L2.k,131072,1,27,25,1024,22,4096,22,0.99707,1.0,0.999023,1.0
L2.v,131072,3,17,15,1024,13,4096,13,1.0,1.0,1.0,1.0
L2.o,1048576,2,33,32,2048,29,32768,29,0.961426,1.0,0.997681,1.0
L2.routed.gate_up,33554432,2,21,19,262144,17,1048576,16,0.999996,1.0,0.999999,1.0
L2.routed.down,16777216,2,34,25,524288,27,524288,27,0.999983,1.0,0.999983,1.0
L2.routed.packed,33554432,2,21,19,1048576,16,1048576,16,0.999999,1.0,0.999999,1.0
L2.shared.gate_up,131072,1,22,18,1024,19,4096,18,0.999023,1.0,0.999756,1.0
L2.shared.down,65536,2,33,20,2048,29,2048,29,0.99707,1.0,0.99707,1.0
L3.q,1048576,0,29,29,8192,21,32768,20,0.993652,1.0,0.998474,1.0
L3.k,131072,2,24,19,1024,21,4096,20,0.999023,1.0,0.999756,1.0
L3.v,131072,3,16,14,1024,12,4096,11,1.0,1.0,1.0,1.0
L3.o,1048576,1,33,31,2048,29,32768,24,0.984375,1.0,0.999207,1.0
L3.routed.gate_up,33554432,2,22,19,262144,17,1048576,15,0.999996,1.0,1.0,1.0
L3.routed.down,16777216,2,29,26,524288,22,524288,22,0.999954,1.0,0.999954,1.0
L3.routed.packed,33554432,2,22,19,1048576,15,1048576,15,1.0,1.0,1.0,1.0
L3.shared.gate_up,131072,2,19,15,1024,15,4096,15,1.0,1.0,1.0,1.0
L3.shared.down,65536,2,37,20,2048,30,2048,30,0.998047,1.0,0.998047,1.0
L4.q,786432,0,27,27,6144,22,24576,21,0.992839,1.0,0.998454,1.0
L4.k,131072,0,27,23,1024,24,4096,24,0.995117,1.0,0.999268,1.0
L4.v,131072,3,16,14,1024,13,4096,12,1.0,1.0,1.0,1.0
L4.o,786432,1,29,29,2048,24,24576,21,0.946777,1.0,0.997925,1.0
L4.routed.gate_up,33554432,2,29,27,262144,25,1048576,23,0.999866,1.0,0.999957,1.0
L4.routed.down,16777216,2,28,26,524288,24,524288,24,0.99992,1.0,0.99992,1.0
L4.routed.packed,33554432,2,29,27,1048576,23,1048576,23,0.999957,1.0,0.999957,1.0
L4.shared.gate_up,131072,2,26,21,1024,24,4096,24,0.99707,1.0,0.998291,1.0
L4.shared.down,65536,2,25,19,2048,21,2048,21,0.996582,1.0,0.996582,1.0
L5.q,1048576,0,30,31,8192,23,32768,23,0.983154,1.0,0.993713,1.0
L5.k,131072,0,25,26,1024,22,4096,20,0.963867,1.0,0.991211,1.0
L5.v,131072,3,17,15,1024,13,4096,12,1.0,1.0,1.0,1.0
L5.o,1048576,1,36,33,2048,32,32768,26,0.982422,0.999512,0.999359,1.0
L5.routed.gate_up,33554432,2,23,22,262144,18,1048576,17,0.999969,1.0,0.999991,1.0
L5.routed.down,16777216,2,29,27,524288,22,524288,22,0.999918,1.0,0.999918,1.0
L5.routed.packed,33554432,2,23,22,1048576,17,1048576,17,0.999991,1.0,0.999991,1.0
L5.shared.gate_up,131072,2,26,25,1024,22,4096,22,0.994141,1.0,0.998047,1.0
L5.shared.down,65536,2,32,23,2048,25,2048,25,0.993652,1.0,0.993652,1.0
L6.q,1048576,0,26,26,8192,21,32768,21,0.996704,1.0,0.999359,1.0
L6.k,131072,1,23,23,1024,20,4096,20,0.987305,1.0,0.996826,1.0
L6.v,131072,3,20,17,1024,17,4096,16,0.999023,1.0,0.999756,1.0
L6.o,1048576,2,33,32,2048,30,32768,28,0.975098,1.0,0.998566,1.0
L6.routed.gate_up,33554432,2,26,24,262144,23,1048576,23,0.999882,1.0,0.999963,1.0
L6.routed.down,16777216,2,26,25,524288,21,524288,21,0.999924,1.0,0.999924,1.0
L6.routed.packed,33554432,2,26,24,1048576,23,1048576,23,0.999963,1.0,0.999963,1.0
L6.shared.gate_up,131072,2,26,23,1024,23,4096,23,0.987305,1.0,0.995605,1.0
L6.shared.down,65536,2,28,24,2048,23,2048,23,0.996094,1.0,0.996094,1.0
L7.q,1048576,0,25,25,8192,19,32768,18,0.998779,1.0,0.999756,1.0
L7.k,131072,1,20,20,1024,17,4096,16,0.99707,1.0,0.999756,1.0
L7.v,131072,3,23,20,1024,19,4096,18,0.986328,1.0,0.997803,1.0
L7.o,1048576,1,34,33,2048,28,32768,25,0.956543,1.0,0.998138,1.0
L7.routed.gate_up,33554432,2,25,23,262144,21,1048576,21,0.99995,1.0,0.999987,1.0
L7.routed.down,16777216,2,27,24,524288,21,524288,21,0.999956,1.0,0.999956,1.0
L7.routed.packed,33554432,2,25,23,1048576,21,1048576,21,0.999987,1.0,0.999987,1.0
L7.shared.gate_up,131072,2,27,23,1024,24,4096,23,0.992188,1.0,0.997559,1.0
L7.shared.down,65536,2,37,24,2048,31,2048,31,0.996582,1.0,0.996582,1.0
L8.q,786432,0,26,27,6144,21,24576,20,0.979492,1.0,0.996012,1.0
L8.k,131072,1,23,23,1024,19,4096,18,0.966797,1.0,0.992432,1.0
L8.v,131072,3,17,15,1024,13,4096,13,1.0,1.0,1.0,1.0
L8.o,786432,0,32,31,2048,26,24576,25,0.948242,1.0,0.999146,1.0
L8.routed.gate_up,33554432,2,27,25,262144,24,1048576,24,0.999897,1.0,0.999976,1.0
L8.routed.down,16777216,2,28,26,524288,22,524288,22,0.999846,1.0,0.999846,1.0
L8.routed.packed,33554432,2,27,25,1048576,24,1048576,24,0.999976,1.0,0.999976,1.0
L8.shared.gate_up,131072,2,29,20,1024,26,4096,25,0.988281,1.0,0.99707,1.0
L8.shared.down,65536,2,31,22,2048,24,2048,24,0.996094,1.0,0.996094,1.0
L9.q,1048576,0,30,26,8192,25,32768,25,0.999023,1.0,0.999725,1.0
L9.k,131072,1,28,24,1024,23,4096,23,0.996094,1.0,0.999023,1.0
L9.v,131072,3,20,18,1024,16,4096,16,0.998047,1.0,0.999512,1.0
L9.o,1048576,1,32,32,2048,28,32768,26,0.974121,1.0,0.998077,1.0
L9.routed.gate_up,33554432,2,30,27,262144,25,1048576,25,0.999557,1.0,0.999874,1.0
L9.routed.down,16777216,2,29,27,524288,23,524288,23,0.99979,1.0,0.99979,1.0
L9.routed.packed,33554432,2,30,27,1048576,25,1048576,25,0.999874,1.0,0.999874,1.0
L9.shared.gate_up,131072,2,34,26,1024,28,4096,28,0.984375,1.0,0.994141,1.0
L9.shared.down,65536,2,36,26,2048,29,2048,29,0.993652,1.0,0.993652,1.0
L10.q,1048576,0,23,23,8192,19,32768,18,0.999512,1.0,0.999908,1.0
L10.k,131072,2,26,21,1024,22,4096,22,0.99707,1.0,0.999023,1.0
L10.v,131072,3,25,22,1024,21,4096,20,0.973633,1.0,0.994141,1.0
L10.o,1048576,1,31,31,2048,26,32768,23,0.96582,1.0,0.99823,1.0
L10.routed.gate_up,33554432,2,26,23,262144,21,1048576,21,0.999905,1.0,0.999976,1.0
L10.routed.down,16777216,2,27,25,524288,23,524288,23,0.999903,1.0,0.999903,1.0
L10.routed.packed,33554432,2,26,23,1048576,21,1048576,21,0.999976,1.0,0.999976,1.0
L10.shared.gate_up,131072,2,30,28,1024,28,4096,27,0.986328,1.0,0.994385,1.0
L10.shared.down,65536,1,35,25,2048,31,2048,31,0.991699,1.0,0.991699,1.0
L11.q,1048576,1,28,24,8192,22,32768,21,0.999146,1.0,0.999847,1.0
L11.k,131072,2,30,21,1024,25,4096,25,0.99707,1.0,0.999268,1.0
L11.v,131072,2,16,15,1024,13,4096,13,1.0,1.0,1.0,1.0
L11.o,1048576,1,38,30,2048,33,32768,29,0.993652,0.999512,0.999878,1.0
L11.routed.gate_up,33554432,2,25,22,262144,19,1048576,18,0.999966,1.0,0.999992,1.0
L11.routed.down,16777216,2,24,21,524288,17,524288,17,0.999994,1.0,0.999994,1.0
L11.routed.packed,33554432,2,25,22,1048576,18,1048576,18,0.999992,1.0,0.999992,1.0
L11.shared.gate_up,131072,1,26,24,1024,23,4096,23,0.981445,1.0,0.994629,1.0
L11.shared.down,65536,1,35,22,2048,31,2048,31,0.999023,1.0,0.999023,1.0
L12.q,786432,0,26,27,6144,22,24576,22,0.992025,1.0,0.997925,1.0
L12.k,131072,1,21,20,1024,17,4096,16,0.999023,1.0,0.999756,1.0
L12.v,131072,3,16,14,1024,12,4096,12,1.0,1.0,1.0,1.0
L12.o,786432,1,33,29,2048,27,24576,19,0.998047,1.0,0.999797,1.0
L12.routed.gate_up,33554432,2,29,27,262144,24,1048576,24,0.999672,1.0,0.999906,1.0
L12.routed.down,16777216,1,25,25,524288,20,524288,20,0.999931,1.0,0.999931,1.0
L12.routed.packed,33554432,2,29,27,1048576,24,1048576,24,0.999906,1.0,0.999906,1.0
L12.shared.gate_up,131072,2,28,25,1024,26,4096,24,0.967773,1.0,0.990234,1.0
L12.shared.down,65536,2,29,24,2048,22,2048,22,0.998047,1.0,0.998047,1.0
L13.q,1048576,1,29,27,8192,24,32768,23,0.995605,1.0,0.999084,1.0
L13.k,131072,1,27,23,1024,22,4096,21,0.994141,1.0,0.998291,1.0
L13.v,131072,2,24,23,1024,21,4096,21,0.96582,1.0,0.992676,1.0
L13.o,1048576,1,34,34,2048,32,32768,31,0.96582,0.999023,0.997314,1.0
L13.routed.gate_up,33554432,2,30,28,262144,25,1048576,25,0.999432,1.0,0.999856,1.0
L13.routed.down,16777216,2,26,24,524288,22,524288,22,0.999956,1.0,0.999956,1.0
L13.routed.packed,33554432,2,30,28,1048576,25,1048576,25,0.999856,1.0,0.999856,1.0
L13.shared.gate_up,131072,1,34,28,1024,30,4096,30,0.9375,1.0,0.97998,1.0
L13.shared.down,65536,1,36,22,2048,31,2048,31,0.999023,1.0,0.999023,1.0
L14.q,1048576,0,29,30,8192,22,32768,21,0.986328,1.0,0.995941,1.0
L14.k,131072,1,23,22,1024,20,4096,19,0.988281,1.0,0.998535,1.0
L14.v,131072,3,18,16,1024,14,4096,14,1.0,1.0,1.0,1.0
L14.o,1048576,1,36,31,2048,30,32768,28,0.982422,1.0,0.999176,1.0
L14.routed.gate_up,33554432,2,31,29,262144,27,1048576,26,0.999115,1.0,0.999748,1.0
L14.routed.down,16777216,1,26,26,524288,21,524288,21,0.999952,1.0,0.999952,1.0
L14.routed.packed,33554432,2,31,29,1048576,26,1048576,26,0.999748,1.0,0.999748,1.0
L14.shared.gate_up,131072,1,33,29,1024,29,4096,29,0.958008,1.0,0.983887,1.0
L14.shared.down,65536,1,35,23,2048,25,2048,25,0.995605,1.0,0.995605,1.0
L15.q,1048576,0,26,26,8192,21,32768,21,0.998047,1.0,0.999603,1.0
L15.k,131072,1,21,20,1024,16,4096,15,0.999023,1.0,1.0,1.0
L15.v,131072,3,20,18,1024,16,4096,15,0.996094,1.0,1.0,1.0
L15.o,1048576,1,34,28,2048,28,32768,25,0.989258,1.0,0.999756,1.0
L15.routed.gate_up,33554432,2,32,31,262144,28,1048576,27,0.999077,1.0,0.999735,1.0
L15.routed.down,16777216,2,26,25,524288,22,524288,22,0.999954,1.0,0.999954,1.0
L15.routed.packed,33554432,2,32,31,1048576,27,1048576,27,0.999735,1.0,0.999735,1.0
L15.shared.gate_up,131072,1,27,23,1024,24,4096,24,0.952148,1.0,0.984131,1.0
L15.shared.down,65536,1,31,26,2048,20,2048,20,0.998535,1.0,0.998535,1.0
L16.q,786432,0,25,26,6144,21,24576,21,0.984538,1.0,0.996297,1.0
L16.k,131072,1,18,18,1024,15,4096,14,1.0,1.0,1.0,1.0
L16.v,131072,3,18,16,1024,14,4096,14,1.0,1.0,1.0,1.0
L16.o,786432,1,33,27,2048,27,24576,25,0.995605,1.0,0.999878,1.0
L16.routed.gate_up,33554432,2,35,32,262144,32,1048576,31,0.997906,0.999996,0.999383,1.0
L16.routed.down,16777216,2,28,26,524288,24,524288,24,0.999863,1.0,0.999863,1.0
L16.routed.packed,33554432,2,35,32,1048576,31,1048576,31,0.999383,1.0,0.999383,1.0
L16.shared.gate_up,131072,1,31,30,1024,29,4096,29,0.959961,1.0,0.986572,1.0
L16.shared.down,65536,1,32,25,2048,26,2048,26,0.99707,1.0,0.99707,1.0
L17.q,1048576,0,30,31,8192,23,32768,23,0.992188,1.0,0.997314,1.0
L17.k,131072,2,26,25,1024,22,4096,22,0.977539,1.0,0.994385,1.0
L17.v,131072,2,26,21,1024,22,4096,22,0.995117,1.0,0.998779,1.0
L17.o,1048576,1,40,31,2048,35,32768,31,0.98584,0.999512,0.999573,1.0
L17.routed.gate_up,33554432,2,32,29,262144,25,1048576,25,0.998466,1.0,0.999546,1.0
L17.routed.down,16777216,2,27,24,524288,22,524288,22,0.999922,1.0,0.999922,1.0
L17.routed.packed,33554432,2,32,29,1048576,25,1048576,25,0.999546,1.0,0.999546,1.0
L17.shared.gate_up,131072,1,31,29,1024,30,4096,29,0.972656,1.0,0.991211,1.0
L17.shared.down,65536,1,30,25,2048,27,2048,27,0.996582,1.0,0.996582,1.0
L18.q,1048576,1,25,24,8192,21,32768,20,0.998413,1.0,0.999756,1.0
L18.k,131072,1,25,22,1024,21,4096,21,0.99707,1.0,0.999512,1.0
L18.v,131072,2,16,15,1024,12,4096,12,1.0,1.0,1.0,1.0
L18.o,1048576,1,39,28,2048,32,32768,29,0.995117,0.999512,0.999847,1.0
L18.routed.gate_up,33554432,2,33,31,262144,28,1048576,26,0.998875,1.0,0.999682,1.0
L18.routed.down,16777216,1,26,26,524288,21,524288,21,0.999964,1.0,0.999964,1.0
L18.routed.packed,33554432,2,33,31,1048576,26,1048576,26,0.999682,1.0,0.999682,1.0
L18.shared.gate_up,131072,1,34,31,1024,32,4096,32,0.974609,0.999023,0.991211,0.999756
L18.shared.down,65536,1,34,28,2048,30,2048,30,0.993652,1.0,0.993652,1.0
L19.q,1048576,1,25,25,8192,20,32768,20,0.997437,1.0,0.999451,1.0
L19.k,131072,2,24,22,1024,20,4096,19,0.995117,1.0,0.999023,1.0
L19.v,131072,3,17,15,1024,14,4096,14,1.0,1.0,1.0,1.0
L19.o,1048576,1,41,32,2048,34,32768,28,0.992676,0.999512,0.999756,1.0
L19.routed.gate_up,33554432,2,31,30,262144,27,1048576,27,0.998817,1.0,0.999656,1.0
L19.routed.down,16777216,1,29,27,524288,22,524288,22,0.999962,1.0,0.999962,1.0
L19.routed.packed,33554432,2,31,30,1048576,27,1048576,27,0.999656,1.0,0.999656,1.0
L19.shared.gate_up,131072,1,34,33,1024,32,4096,32,0.921875,0.998047,0.970215,0.999512
L19.shared.down,65536,1,36,31,2048,30,2048,30,0.986328,1.0,0.986328,1.0
L20.q,786432,0,30,30,6144,21,24576,21,0.998047,1.0,0.999512,1.0
L20.k,131072,1,21,18,1024,16,4096,16,0.998047,1.0,0.999756,1.0
L20.v,131072,3,17,15,1024,12,4096,11,1.0,1.0,1.0,1.0
L20.o,786432,1,32,30,2048,24,24576,19,0.998047,1.0,0.999797,1.0
L20.routed.gate_up,33554432,2,38,34,262144,33,1048576,32,0.998169,0.999996,0.999429,0.999999
L20.routed.down,16777216,1,26,26,524288,21,524288,21,0.999941,1.0,0.999941,1.0
L20.routed.packed,33554432,2,38,34,1048576,32,1048576,32,0.999429,0.999999,0.999429,0.999999
L20.shared.gate_up,131072,1,32,28,1024,31,4096,31,0.941406,1.0,0.977295,1.0
L20.shared.down,65536,1,33,28,2048,32,2048,32,0.991699,0.999512,0.991699,0.999512
L21.q,1048576,1,27,27,8192,23,32768,23,0.993896,1.0,0.998413,1.0
L21.k,131072,1,24,22,1024,19,4096,18,0.996094,1.0,0.999268,1.0
L21.v,131072,3,19,17,1024,15,4096,15,1.0,1.0,1.0,1.0
L21.o,1048576,1,39,33,2048,31,32768,23,0.995605,1.0,0.999817,1.0
L21.routed.gate_up,33554432,2,33,31,262144,30,1048576,29,0.99807,1.0,0.999356,1.0
L21.routed.down,16777216,1,30,29,524288,26,524288,26,0.999939,1.0,0.999939,1.0
L21.routed.packed,33554432,2,33,31,1048576,29,1048576,29,0.999356,1.0,0.999356,1.0
L21.shared.gate_up,131072,1,30,25,1024,28,4096,28,0.960938,1.0,0.986084,1.0
L21.shared.down,65536,1,36,26,2048,28,2048,28,0.995605,1.0,0.995605,1.0
L22.q,1048576,1,28,27,8192,22,32768,21,0.998169,1.0,0.999603,1.0
L22.k,131072,1,22,22,1024,18,4096,17,0.993164,1.0,0.998535,1.0
L22.v,131072,3,14,12,1024,10,4096,10,1.0,1.0,1.0,1.0
L22.o,1048576,1,36,28,2048,29,32768,28,0.999512,1.0,0.999908,1.0
L22.routed.gate_up,33554432,2,35,34,262144,31,1048576,31,0.997372,1.0,0.999075,1.0
L22.routed.down,16777216,1,26,25,524288,22,524288,22,0.999958,1.0,0.999958,1.0
L22.routed.packed,33554432,2,35,34,1048576,31,1048576,31,0.999075,1.0,0.999075,1.0
L22.shared.gate_up,131072,1,32,30,1024,26,4096,26,0.959961,1.0,0.983643,1.0
L22.shared.down,65536,1,35,27,2048,27,2048,27,0.991211,1.0,0.991211,1.0
L23.q,1048576,1,27,27,8192,22,32768,22,0.998535,1.0,0.999725,1.0
L23.k,131072,1,26,25,1024,22,4096,22,0.990234,1.0,0.997803,1.0
L23.v,131072,3,17,15,1024,13,4096,13,1.0,1.0,1.0,1.0
L23.o,1048576,1,35,32,2048,28,32768,20,0.992188,1.0,0.999664,1.0
L23.routed.gate_up,33554432,2,39,36,262144,34,1048576,34,0.996746,0.999996,0.998898,0.999998
L23.routed.down,16777216,2,29,26,524288,26,524288,26,0.999939,1.0,0.999939,1.0
L23.routed.packed,33554432,2,39,36,1048576,34,1048576,34,0.998898,0.999998,0.998898,0.999998
L23.shared.gate_up,131072,1,35,30,1024,31,4096,30,0.94043,1.0,0.980225,1.0
L23.shared.down,65536,2,38,27,2048,27,2048,27,0.996094,1.0,0.996094,1.0
L24.q,786432,0,34,34,6144,27,24576,27,0.975586,1.0,0.988932,1.0
L24.k,131072,1,28,27,1024,25,4096,25,0.943359,1.0,0.977783,1.0
L24.v,131072,3,19,17,1024,15,4096,15,1.0,1.0,1.0,1.0
L24.o,786432,1,38,30,2048,30,24576,29,0.993652,1.0,0.999512,1.0
L24.routed.gate_up,33554432,2,37,35,262144,33,1048576,33,0.994343,0.999996,0.9979,0.999999
L24.routed.down,16777216,1,26,25,524288,21,524288,21,0.999964,1.0,0.999964,1.0
L24.routed.packed,33554432,2,37,35,1048576,33,1048576,33,0.9979,0.999999,0.9979,0.999999
L24.shared.gate_up,131072,1,37,31,1024,35,4096,35,0.930664,0.999023,0.971436,0.999756
L24.shared.down,65536,1,28,25,2048,23,2048,23,0.994629,1.0,0.994629,1.0
L25.q,1048576,0,35,36,8192,31,32768,30,0.991089,1.0,0.994598,1.0
L25.k,131072,1,26,26,1024,23,4096,23,0.964844,1.0,0.987305,1.0
L25.v,131072,3,24,21,1024,21,4096,20,0.962891,1.0,0.991211,1.0
L25.o,1048576,2,38,33,2048,30,32768,27,0.971191,1.0,0.997314,1.0
L25.routed.gate_up,33554432,2,39,36,262144,34,1048576,34,0.992195,0.999985,0.997196,0.999998
L25.routed.down,16777216,2,29,28,524288,23,524288,23,0.999947,1.0,0.999947,1.0
L25.routed.packed,33554432,2,39,36,1048576,34,1048576,34,0.997196,0.999998,0.997196,0.999998
L25.shared.gate_up,131072,1,31,26,1024,24,4096,24,0.958008,1.0,0.986328,1.0
L25.shared.down,65536,2,35,22,2048,23,2048,23,0.992676,1.0,0.992676,1.0
L26.q,1048576,1,32,28,8192,22,32768,20,0.99707,1.0,0.999359,1.0
L26.k,131072,1,26,26,1024,22,4096,21,0.982422,1.0,0.996582,1.0
L26.v,131072,3,17,15,1024,13,4096,13,1.0,1.0,1.0,1.0
L26.o,1048576,2,39,31,2048,33,32768,25,0.995117,0.999512,0.999817,1.0
L26.routed.gate_up,33554432,2,37,35,262144,32,1048576,32,0.993816,0.999996,0.997924,0.999999
L26.routed.down,16777216,2,29,28,524288,23,524288,23,0.999968,1.0,0.999968,1.0
L26.routed.packed,33554432,2,37,35,1048576,32,1048576,32,0.997924,0.999999,0.997924,0.999999
L26.shared.gate_up,131072,1,33,31,1024,27,4096,27,0.961914,1.0,0.987305,1.0
L26.shared.down,65536,2,37,24,2048,25,2048,25,0.995605,1.0,0.995605,1.0
L27.q,1048576,0,27,28,8192,21,32768,21,0.995972,1.0,0.999023,1.0
L27.k,131072,2,28,23,1024,23,4096,22,0.982422,1.0,0.997314,1.0
L27.v,131072,3,20,18,1024,16,4096,16,0.99707,1.0,0.999512,1.0
L27.o,1048576,2,37,29,2048,30,32768,28,0.990234,1.0,0.999573,1.0
L27.routed.gate_up,33554432,2,38,36,262144,32,1048576,31,0.995651,0.999989,0.998619,1.0
L27.routed.down,16777216,2,33,29,524288,28,524288,28,0.999916,1.0,0.999916,1.0
L27.routed.packed,33554432,2,38,36,1048576,31,1048576,31,0.998619,1.0,0.998619,1.0
L27.shared.gate_up,131072,1,30,30,1024,28,4096,28,0.920898,1.0,0.975586,1.0
L27.shared.down,65536,2,37,27,2048,25,2048,25,0.994141,1.0,0.994141,1.0
L28.q,786432,0,32,30,6144,24,24576,24,0.99349,1.0,0.998698,1.0
L28.k,131072,1,24,24,1024,21,4096,21,0.989258,1.0,0.996826,1.0
L28.v,131072,3,24,22,1024,20,4096,19,0.988281,1.0,0.997314,1.0
L28.o,786432,2,34,29,2048,27,24576,22,0.987305,1.0,0.999064,1.0
L28.routed.gate_up,33554432,2,38,37,262144,32,1048576,32,0.995632,0.999992,0.998708,0.999999
L28.routed.down,16777216,2,30,27,524288,23,524288,23,0.999937,1.0,0.999937,1.0
L28.routed.packed,33554432,2,38,37,1048576,32,1048576,32,0.998708,0.999999,0.998708,0.999999
L28.shared.gate_up,131072,1,28,28,1024,26,4096,26,0.97168,1.0,0.98999,1.0
L28.shared.down,65536,2,35,25,2048,22,2048,22,0.995605,1.0,0.995605,1.0
L29.q,1048576,0,25,26,8192,20,32768,19,0.997559,1.0,0.999634,1.0
L29.k,131072,1,29,26,1024,24,4096,23,0.979492,1.0,0.995361,1.0
L29.v,131072,3,22,20,1024,18,4096,17,0.995117,1.0,0.999023,1.0
L29.o,1048576,2,34,30,2048,27,32768,26,0.977051,1.0,0.998535,1.0
L29.routed.gate_up,33554432,2,37,33,262144,30,1048576,30,0.996525,1.0,0.999076,1.0
L29.routed.down,16777216,2,33,29,524288,29,524288,29,0.999964,1.0,0.999964,1.0
L29.routed.packed,33554432,2,37,33,1048576,30,1048576,30,0.999076,1.0,0.999076,1.0
L29.shared.gate_up,131072,1,33,28,1024,29,4096,29,0.970703,1.0,0.991455,1.0
L29.shared.down,65536,2,31,29,2048,23,2048,23,0.994629,1.0,0.994629,1.0
L30.q,1048576,1,26,26,8192,21,32768,20,0.998413,1.0,0.999725,1.0
L30.k,131072,1,26,26,1024,22,4096,21,0.975586,1.0,0.995361,1.0
L30.v,131072,3,23,20,1024,19,4096,18,0.990234,1.0,0.998291,1.0
L30.o,1048576,2,38,32,2048,33,32768,25,0.992676,0.999512,0.999695,1.0
L30.routed.gate_up,33554432,2,32,31,262144,26,1048576,26,0.997917,1.0,0.999485,1.0
L30.routed.down,16777216,2,34,25,524288,27,524288,27,0.99996,1.0,0.99996,1.0
L30.routed.packed,33554432,2,32,31,1048576,26,1048576,26,0.999485,1.0,0.999485,1.0
L30.shared.gate_up,131072,1,27,25,1024,24,4096,24,0.945312,1.0,0.986328,1.0
L30.shared.down,65536,2,36,30,2048,21,2048,21,0.994629,1.0,0.994629,1.0
L31.q,1048576,1,30,29,8192,22,32768,22,0.992798,1.0,0.99884,1.0
L31.k,131072,1,26,26,1024,21,4096,20,0.976562,1.0,0.994629,1.0
L31.v,131072,3,18,15,1024,14,4096,14,1.0,1.0,1.0,1.0
L31.o,1048576,2,34,32,2048,26,32768,21,0.985352,1.0,0.999329,1.0
L31.routed.gate_up,33554432,2,34,31,262144,25,1048576,25,0.998703,1.0,0.999704,1.0
L31.routed.down,16777216,2,32,30,524288,28,524288,28,0.999943,1.0,0.999943,1.0
L31.routed.packed,33554432,2,34,31,1048576,25,1048576,25,0.999704,1.0,0.999704,1.0
L31.shared.gate_up,131072,1,37,32,1024,35,4096,34,0.916992,0.999023,0.979004,0.999756
L31.shared.down,65536,2,36,23,2048,24,2048,24,0.995605,1.0,0.995605,1.0
L32.q,786432,0,24,25,6144,18,24576,17,0.999512,1.0,0.999878,1.0
L32.k,131072,1,25,25,1024,21,4096,21,0.985352,1.0,0.997314,1.0
L32.v,131072,3,20,18,1024,16,4096,16,0.999023,1.0,0.999756,1.0
L32.o,786432,1,32,29,2048,26,24576,21,0.995117,1.0,0.999715,1.0
L32.routed.gate_up,33554432,2,30,29,262144,25,1048576,25,0.999401,1.0,0.999823,1.0
L32.routed.down,16777216,1,29,26,524288,23,524288,23,0.999958,1.0,0.999958,1.0
L32.routed.packed,33554432,2,30,29,1048576,25,1048576,25,0.999823,1.0,0.999823,1.0
L32.shared.gate_up,131072,1,33,29,1024,28,4096,28,0.945312,1.0,0.980957,1.0
L32.shared.down,65536,2,36,29,2048,27,2048,27,0.991211,1.0,0.991211,1.0
L33.q,1048576,0,29,30,8192,20,32768,19,0.995117,1.0,0.999084,1.0
L33.k,131072,1,26,24,1024,22,4096,21,0.980469,1.0,0.996094,1.0
L33.v,131072,2,19,18,1024,14,4096,14,1.0,1.0,1.0,1.0
L33.o,1048576,2,40,32,2048,34,32768,26,0.990234,0.999512,0.999817,1.0
L33.routed.gate_up,33554432,2,33,30,262144,28,1048576,27,0.999218,1.0,0.99978,1.0
L33.routed.down,16777216,1,29,28,524288,23,524288,23,0.999977,1.0,0.999977,1.0
L33.routed.packed,33554432,2,33,30,1048576,27,1048576,27,0.99978,1.0,0.99978,1.0
L33.shared.gate_up,131072,1,29,28,1024,26,4096,26,0.930664,1.0,0.978516,1.0
L33.shared.down,65536,2,36,25,2048,24,2048,24,0.997559,1.0,0.997559,1.0
L34.q,1048576,1,30,27,8192,23,32768,22,0.996094,1.0,0.999207,1.0
L34.k,131072,1,25,23,1024,21,4096,20,0.990234,1.0,0.999023,1.0
L34.v,131072,3,20,16,1024,16,4096,15,0.999023,1.0,1.0,1.0
L34.o,1048576,1,37,33,2048,31,32768,25,0.991699,1.0,0.999664,1.0
L34.routed.gate_up,33554432,2,29,28,262144,25,1048576,24,0.999306,1.0,0.999816,1.0
L34.routed.down,16777216,1,33,27,524288,28,524288,28,0.999966,1.0,0.999966,1.0
L34.routed.packed,33554432,2,29,28,1048576,24,1048576,24,0.999816,1.0,0.999816,1.0
L34.shared.gate_up,131072,1,30,29,1024,29,4096,28,0.936523,1.0,0.981445,1.0
L34.shared.down,65536,2,36,30,2048,21,2048,21,0.99707,1.0,0.99707,1.0
L35.q,1048576,1,29,29,8192,21,32768,21,0.997559,1.0,0.999603,1.0
L35.k,131072,1,25,24,1024,21,4096,20,0.985352,1.0,0.996826,1.0
L35.v,131072,3,19,17,1024,15,4096,15,1.0,1.0,1.0,1.0
L35.o,1048576,1,38,32,2048,32,32768,23,0.988281,0.999512,0.999573,1.0
L35.routed.gate_up,33554432,2,32,29,262144,26,1048576,25,0.998913,1.0,0.999722,1.0
L35.routed.down,16777216,1,29,27,524288,21,524288,21,0.999962,1.0,0.999962,1.0
L35.routed.packed,33554432,2,32,29,1048576,25,1048576,25,0.999722,1.0,0.999722,1.0
L35.shared.gate_up,131072,1,31,31,1024,28,4096,28,0.921875,1.0,0.976318,1.0
L35.shared.down,65536,2,35,26,2048,25,2048,25,0.994629,1.0,0.994629,1.0
L36.q,786432,0,24,25,6144,18,24576,18,0.997884,1.0,0.999593,1.0
L36.k,131072,1,21,21,1024,17,4096,17,0.986328,1.0,0.997803,1.0
L36.v,131072,4,20,17,1024,15,4096,14,1.0,1.0,1.0,1.0
L36.o,786432,2,32,31,2048,26,24576,22,0.986328,1.0,0.999064,1.0
L36.routed.gate_up,33554432,2,33,31,262144,27,1048576,26,0.999123,1.0,0.999756,1.0
L36.routed.down,16777216,2,33,30,524288,28,524288,28,0.999939,1.0,0.999939,1.0
L36.routed.packed,33554432,2,33,31,1048576,26,1048576,26,0.999756,1.0,0.999756,1.0
L36.shared.gate_up,131072,1,35,31,1024,33,4096,33,0.94043,0.999023,0.979492,0.999756
L36.shared.down,65536,2,33,23,2048,23,2048,23,0.994141,1.0,0.994141,1.0
L37.q,1048576,0,28,29,8192,20,32768,19,0.99646,1.0,0.999268,1.0
L37.k,131072,1,28,25,1024,24,4096,23,0.986328,1.0,0.996826,1.0
L37.v,131072,3,20,17,1024,17,4096,15,0.999023,1.0,1.0,1.0
L37.o,1048576,2,36,34,2048,29,32768,22,0.975098,1.0,0.999573,1.0
L37.routed.gate_up,33554432,2,34,33,262144,29,1048576,29,0.998753,1.0,0.999692,1.0
L37.routed.down,16777216,2,28,27,524288,24,524288,24,0.99992,1.0,0.99992,1.0
L37.routed.packed,33554432,2,34,33,1048576,29,1048576,29,0.999692,1.0,0.999692,1.0
L37.shared.gate_up,131072,1,31,30,1024,29,4096,29,0.945312,1.0,0.982422,1.0
L37.shared.down,65536,1,32,26,2048,23,2048,23,0.996094,1.0,0.996094,1.0
L38.q,1048576,0,33,30,8192,24,32768,23,0.992065,1.0,0.998474,1.0
L38.k,131072,2,26,25,1024,23,4096,21,0.973633,1.0,0.994629,1.0
L38.v,131072,3,18,16,1024,14,4096,14,1.0,1.0,1.0,1.0
L38.o,1048576,2,33,29,2048,28,32768,22,0.979492,1.0,0.998932,1.0
L38.routed.gate_up,33554432,2,52,51,262144,29,1048576,29,0.998016,1.0,0.999498,1.0
L38.routed.down,16777216,1,41,40,524288,35,524288,35,0.998062,0.999949,0.998062,0.999949
L38.routed.packed,33554432,2,52,51,1048576,29,1048576,29,0.999498,1.0,0.999498,1.0
L38.shared.gate_up,131072,1,33,31,1024,32,4096,31,0.961914,0.999023,0.989014,1.0
L38.shared.down,65536,2,37,26,2048,34,2048,34,0.978027,0.999512,0.978027,0.999512
L39.q,1048576,1,29,28,8192,23,32768,22,0.983276,1.0,0.99588,1.0
L39.k,131072,2,27,26,1024,23,4096,22,0.958984,1.0,0.990967,1.0
L39.v,131072,3,24,22,1024,20,4096,19,0.992188,1.0,0.998047,1.0
L39.o,1048576,1,37,34,2048,33,32768,21,0.972656,0.999512,0.999176,1.0
L39.routed.gate_up,33554432,2,73,57,262144,39,1048576,39,0.997814,0.999969,0.999475,0.999992
L39.routed.down,16777216,2,42,41,524288,34,524288,34,0.996199,0.999989,0.996199,0.999989
L39.routed.packed,33554432,2,73,57,1048576,39,1048576,39,0.999475,0.999992,0.999475,0.999992
L39.shared.gate_up,131072,1,43,34,1024,37,4096,37,0.967773,0.998047,0.991211,0.999512
L39.shared.down,65536,2,41,31,2048,32,2048,32,0.966309,0.999512,0.966309,0.999512
attn.q,39321600,0,35,36,307200,31,1228800,30,0.994395,1.0,0.998465,1.0
attn.k,5242880,0,30,31,40960,25,163840,25,0.986353,1.0,0.996716,1.0
attn.v,5242880,2,26,25,40960,22,163840,22,0.995776,1.0,0.999133,1.0
attn.o,39321600,0,41,42,81920,35,1228800,31,0.981372,0.999854,0.999055,1.0
routed.gate_up,1308622848,2,73,58,10223616,39,40894464,39,0.998359,0.999998,0.999491,1.0
routed.down,654311424,1,42,42,20447232,35,20447232,35,0.999795,0.999998,0.999795,0.999998
routed.packed,1308622848,2,73,58,40894464,39,40894464,39,0.999491,1.0,0.999491,1.0
shared.gate_up,5111808,1,43,38,39936,37,159744,37,0.961113,0.999775,0.987205,0.99995
shared.down,2555904,1,41,40,79872,34,79872,34,0.994028,0.999962,0.994028,0.999962
global,3368353792,0,73,60,72156160,39,105261056,39,0.999338,0.999999,0.999505,0.999999
