order,cycle,position,arm,seconds
ABBA,0,0,control,0.001033750
ABBA,0,1,candidate,0.001047333
ABBA,0,2,candidate,0.001036416
ABBA,0,3,control,0.001048250
ABBA,1,0,control,0.001019750
ABBA,1,1,candidate,0.001028458
ABBA,1,2,candidate,0.001035125
ABBA,1,3,control,0.001003208
ABBA,2,0,control,0.001018417
ABBA,2,1,candidate,0.001016917
ABBA,2,2,candidate,0.001014583
ABBA,2,3,control,0.001006833
ABBA,3,0,control,0.001009083
ABBA,3,1,candidate,0.001037459
ABBA,3,2,candidate,0.001008750
ABBA,3,3,control,0.000999500
ABBA,4,0,control,0.000994666
ABBA,4,1,candidate,0.001016750
ABBA,4,2,candidate,0.001014625
ABBA,4,3,control,0.000995917
ABBA,5,0,control,0.001005792
ABBA,5,1,candidate,0.001012958
ABBA,5,2,candidate,0.001016084
ABBA,5,3,control,0.000995167
ABBA,6,0,control,0.000994333
ABBA,6,1,candidate,0.001008667
ABBA,6,2,candidate,0.001009167
ABBA,6,3,control,0.001058209
ABBA,7,0,control,0.000995625
ABBA,7,1,candidate,0.000998000
ABBA,7,2,candidate,0.000990958
ABBA,7,3,control,0.000995541
ABBA,8,0,control,0.001004000
ABBA,8,1,candidate,0.001013250
ABBA,8,2,candidate,0.001010667
ABBA,8,3,control,0.000990208
ABBA,9,0,control,0.000985834
ABBA,9,1,candidate,0.001011334
ABBA,9,2,candidate,0.001001959
ABBA,9,3,control,0.000974042
ABBA,10,0,control,0.001011583
ABBA,10,1,candidate,0.001020708
ABBA,10,2,candidate,0.000998375
ABBA,10,3,control,0.001005500
ABBA,11,0,control,0.001004417
ABBA,11,1,candidate,0.001008708
ABBA,11,2,candidate,0.001020542
ABBA,11,3,control,0.001005917
ABBA,12,0,control,0.001010666
ABBA,12,1,candidate,0.001024458
ABBA,12,2,candidate,0.001019666
ABBA,12,3,control,0.000991958
ABBA,13,0,control,0.001016500
ABBA,13,1,candidate,0.001016458
ABBA,13,2,candidate,0.001014416
ABBA,13,3,control,0.001008250
ABBA,14,0,control,0.000999667
ABBA,14,1,candidate,0.001020666
ABBA,14,2,candidate,0.001001167
ABBA,14,3,control,0.001009166
ABBA,15,0,control,0.001010875
ABBA,15,1,candidate,0.001024250
ABBA,15,2,candidate,0.001021541
ABBA,15,3,control,0.000992541
ABBA,16,0,control,0.001010583
ABBA,16,1,candidate,0.001017416
ABBA,16,2,candidate,0.001001542
ABBA,16,3,control,0.001013750
ABBA,17,0,control,0.001005291
ABBA,17,1,candidate,0.001020208
ABBA,17,2,candidate,0.001013958
ABBA,17,3,control,0.000991166
ABBA,18,0,control,0.001006167
ABBA,18,1,candidate,0.001010584
ABBA,18,2,candidate,0.001003458
ABBA,18,3,control,0.001013750
ABBA,19,0,control,0.001011333
ABBA,19,1,candidate,0.001023791
ABBA,19,2,candidate,0.001006083
ABBA,19,3,control,0.001004250
ABBA,20,0,control,0.001001209
ABBA,20,1,candidate,0.001022334
ABBA,20,2,candidate,0.001016833
ABBA,20,3,control,0.000983792
ABBA,21,0,control,0.001003875
ABBA,21,1,candidate,0.001020875
ABBA,21,2,candidate,0.000999750
ABBA,21,3,control,0.001014458
ABBA,22,0,control,0.000985084
ABBA,22,1,candidate,0.000992667
ABBA,22,2,candidate,0.001015500
ABBA,22,3,control,0.001011417
ABBA,23,0,control,0.001011958
ABBA,23,1,candidate,0.000999292
ABBA,23,2,candidate,0.001016875
ABBA,23,3,control,0.001007167
ABBA,24,0,control,0.000990334
ABBA,24,1,candidate,0.001017750
ABBA,24,2,candidate,0.001014167
ABBA,24,3,control,0.001010417
ABBA,25,0,control,0.001010583
ABBA,25,1,candidate,0.000998500
ABBA,25,2,candidate,0.001021000
ABBA,25,3,control,0.000999542
ABBA,26,0,control,0.000990625
ABBA,26,1,candidate,0.001024000
ABBA,26,2,candidate,0.001020666
ABBA,26,3,control,0.001013375
ABBA,27,0,control,0.001002250
ABBA,27,1,candidate,0.001023417
ABBA,27,2,candidate,0.001015917
ABBA,27,3,control,0.001011667
ABBA,28,0,control,0.001008875
ABBA,28,1,candidate,0.001002625
ABBA,28,2,candidate,0.001022125
ABBA,28,3,control,0.001008875
ABBA,29,0,control,0.000996125
ABBA,29,1,candidate,0.001016167
ABBA,29,2,candidate,0.001011958
ABBA,29,3,control,0.001010250
ABBA,30,0,control,0.001010500
ABBA,30,1,candidate,0.001023958
ABBA,30,2,candidate,0.001006667
ABBA,30,3,control,0.001012875
ABBA,31,0,control,0.001008459
ABBA,31,1,candidate,0.000996583
ABBA,31,2,candidate,0.001021750
ABBA,31,3,control,0.001008459
ABBA,32,0,control,0.001003042
ABBA,32,1,candidate,0.001010458
ABBA,32,2,candidate,0.001017583
ABBA,32,3,control,0.001006542
ABBA,33,0,control,0.001007458
ABBA,33,1,candidate,0.000997167
ABBA,33,2,candidate,0.001009500
ABBA,33,3,control,0.001006375
ABBA,34,0,control,0.001011500
ABBA,34,1,candidate,0.001000458
ABBA,34,2,candidate,0.001024625
ABBA,34,3,control,0.001010458
ABBA,35,0,control,0.001004334
ABBA,35,1,candidate,0.001023959
ABBA,35,2,candidate,0.001013417
ABBA,35,3,control,0.001010125
ABBA,36,0,control,0.001009208
ABBA,36,1,candidate,0.000998333
ABBA,36,2,candidate,0.001019042
ABBA,36,3,control,0.001007083
ABBA,37,0,control,0.000995292
ABBA,37,1,candidate,0.001005958
ABBA,37,2,candidate,0.001020625
ABBA,37,3,control,0.001010333
ABBA,38,0,control,0.001011917
ABBA,38,1,candidate,0.001014208
ABBA,38,2,candidate,0.001010666
ABBA,38,3,control,0.001003833
ABBA,39,0,control,0.001017125
ABBA,39,1,candidate,0.000999750
ABBA,39,2,candidate,0.001021875
ABBA,39,3,control,0.001010208
ABBA,40,0,control,0.001002584
ABBA,40,1,candidate,0.001014667
ABBA,40,2,candidate,0.001000958
ABBA,40,3,control,0.001001334
ABBA,41,0,control,0.001011875
ABBA,41,1,candidate,0.001021666
ABBA,41,2,candidate,0.000995291
ABBA,41,3,control,0.000992791
ABBA,42,0,control,0.000981250
ABBA,42,1,candidate,0.000992125
ABBA,42,2,candidate,0.000990583
ABBA,42,3,control,0.000981875
ABBA,43,0,control,0.000982250
ABBA,43,1,candidate,0.000983750
ABBA,43,2,candidate,0.000960958
ABBA,43,3,control,0.000950916
ABBA,44,0,control,0.000956667
ABBA,44,1,candidate,0.000987292
ABBA,44,2,candidate,0.000976125
ABBA,44,3,control,0.000981250
ABBA,45,0,control,0.000972125
ABBA,45,1,candidate,0.000985875
ABBA,45,2,candidate,0.000980375
ABBA,45,3,control,0.000990875
ABBA,46,0,control,0.000973958
ABBA,46,1,candidate,0.000986541
ABBA,46,2,candidate,0.001009834
ABBA,46,3,control,0.001002416
ABBA,47,0,control,0.000996334
ABBA,47,1,candidate,0.000993958
ABBA,47,2,candidate,0.001007542
ABBA,47,3,control,0.000993375
ABBA,48,0,control,0.000979375
ABBA,48,1,candidate,0.000994916
ABBA,48,2,candidate,0.000999917
ABBA,48,3,control,0.000988125
ABBA,49,0,control,0.000996542
ABBA,49,1,candidate,0.000996209
ABBA,49,2,candidate,0.000995458
ABBA,49,3,control,0.000990167
ABBA,50,0,control,0.000993959
ABBA,50,1,candidate,0.000986791
ABBA,50,2,candidate,0.001005125
ABBA,50,3,control,0.000988917
ABBA,51,0,control,0.000977334
ABBA,51,1,candidate,0.000998750
ABBA,51,2,candidate,0.000998541
ABBA,51,3,control,0.000991458
ABBA,52,0,control,0.000983875
ABBA,52,1,candidate,0.000983375
ABBA,52,2,candidate,0.001002042
ABBA,52,3,control,0.000984208
ABBA,53,0,control,0.000991458
ABBA,53,1,candidate,0.000984042
ABBA,53,2,candidate,0.001002625
ABBA,53,3,control,0.000984500
ABBA,54,0,control,0.000984208
ABBA,54,1,candidate,0.001007125
ABBA,54,2,candidate,0.000987083
ABBA,54,3,control,0.000993125
ABBA,55,0,control,0.000991458
ABBA,55,1,candidate,0.000986459
ABBA,55,2,candidate,0.001000875
ABBA,55,3,control,0.000994041
ABBA,56,0,control,0.001012000
ABBA,56,1,candidate,0.000993250
ABBA,56,2,candidate,0.001003250
ABBA,56,3,control,0.000978292
ABBA,57,0,control,0.000991750
ABBA,57,1,candidate,0.001007292
ABBA,57,2,candidate,0.000982292
ABBA,57,3,control,0.000992541
ABBA,58,0,control,0.000996209
ABBA,58,1,candidate,0.000982083
ABBA,58,2,candidate,0.001000000
ABBA,58,3,control,0.000992875
ABBA,59,0,control,0.000994875
ABBA,59,1,candidate,0.000996750
ABBA,59,2,candidate,0.000989500
ABBA,59,3,control,0.000976667
ABBA,60,0,control,0.000977041
ABBA,60,1,candidate,0.000991667
ABBA,60,2,candidate,0.001002333
ABBA,60,3,control,0.000984375
ABBA,61,0,control,0.000992250
ABBA,61,1,candidate,0.000982959
ABBA,61,2,candidate,0.000996333
ABBA,61,3,control,0.000989625
ABBA,62,0,control,0.000996250
ABBA,62,1,candidate,0.000997875
ABBA,62,2,candidate,0.000990292
ABBA,62,3,control,0.000989709
ABBA,63,0,control,0.000997041
ABBA,63,1,candidate,0.000980542
ABBA,63,2,candidate,0.000996459
ABBA,63,3,control,0.000969750
BAAB,0,0,candidate,0.000991209
BAAB,0,1,control,0.000997209
BAAB,0,2,control,0.000994417
BAAB,0,3,candidate,0.000975959
BAAB,1,0,candidate,0.001002583
BAAB,1,1,control,0.000988375
BAAB,1,2,control,0.000974166
BAAB,1,3,candidate,0.001006541
BAAB,2,0,candidate,0.000998416
BAAB,2,1,control,0.000984458
BAAB,2,2,control,0.000991666
BAAB,2,3,candidate,0.000991167
BAAB,3,0,candidate,0.000997583
BAAB,3,1,control,0.000987708
BAAB,3,2,control,0.000969875
BAAB,3,3,candidate,0.001005083
BAAB,4,0,candidate,0.000991041
BAAB,4,1,control,0.000992542
BAAB,4,2,control,0.000982916
BAAB,4,3,candidate,0.001003625
BAAB,5,0,candidate,0.000999541
BAAB,5,1,control,0.000988458
BAAB,5,2,control,0.000991792
BAAB,5,3,candidate,0.000986625
BAAB,6,0,candidate,0.001000042
BAAB,6,1,control,0.000993291
BAAB,6,2,control,0.000983500
BAAB,6,3,candidate,0.000999250
BAAB,7,0,candidate,0.000990958
BAAB,7,1,control,0.001002875
BAAB,7,2,control,0.000995500
BAAB,7,3,candidate,0.001007958
BAAB,8,0,candidate,0.000998708
BAAB,8,1,control,0.000993625
BAAB,8,2,control,0.000990833
BAAB,8,3,candidate,0.000998584
BAAB,9,0,candidate,0.000999334
BAAB,9,1,control,0.000977292
BAAB,9,2,control,0.000986458
BAAB,9,3,candidate,0.000997250
BAAB,10,0,candidate,0.000985208
BAAB,10,1,control,0.000991250
BAAB,10,2,control,0.000987875
BAAB,10,3,candidate,0.001002208
BAAB,11,0,candidate,0.000991708
BAAB,11,1,control,0.000975083
BAAB,11,2,control,0.000980125
BAAB,11,3,candidate,0.001005417
BAAB,12,0,candidate,0.000999875
BAAB,12,1,control,0.000975333
BAAB,12,2,control,0.000993000
BAAB,12,3,candidate,0.001002833
BAAB,13,0,candidate,0.000969333
BAAB,13,1,control,0.000995750
BAAB,13,2,control,0.000996667
BAAB,13,3,candidate,0.000988250
BAAB,14,0,candidate,0.001000959
BAAB,14,1,control,0.000993500
BAAB,14,2,control,0.000975875
BAAB,14,3,candidate,0.000997833
BAAB,15,0,candidate,0.000990500
BAAB,15,1,control,0.000978583
BAAB,15,2,control,0.000995042
BAAB,15,3,candidate,0.001005542
BAAB,16,0,candidate,0.000994250
BAAB,16,1,control,0.000994875
BAAB,16,2,control,0.000991333
BAAB,16,3,candidate,0.000976291
BAAB,17,0,candidate,0.001003250
BAAB,17,1,control,0.000992125
BAAB,17,2,control,0.000979875
BAAB,17,3,candidate,0.001005917
BAAB,18,0,candidate,0.001000084
BAAB,18,1,control,0.000996458
BAAB,18,2,control,0.000993291
BAAB,18,3,candidate,0.001013750
BAAB,19,0,candidate,0.000999958
BAAB,19,1,control,0.000992500
BAAB,19,2,control,0.000994667
BAAB,19,3,candidate,0.000979792
BAAB,20,0,candidate,0.000997000
BAAB,20,1,control,0.000995958
BAAB,20,2,control,0.000981333
BAAB,20,3,candidate,0.001007625
BAAB,21,0,candidate,0.000979667
BAAB,21,1,control,0.000990750
BAAB,21,2,control,0.000987208
BAAB,21,3,candidate,0.000987583
BAAB,22,0,candidate,0.000999584
BAAB,22,1,control,0.000983584
BAAB,22,2,control,0.000985958
BAAB,22,3,candidate,0.000979375
BAAB,23,0,candidate,0.001002958
BAAB,23,1,control,0.000986667
BAAB,23,2,control,0.000989583
BAAB,23,3,candidate,0.001001875
BAAB,24,0,candidate,0.000972584
BAAB,24,1,control,0.000975334
BAAB,24,2,control,0.000991083
BAAB,24,3,candidate,0.000988000
BAAB,25,0,candidate,0.001001667
BAAB,25,1,control,0.000991542
BAAB,25,2,control,0.000993959
BAAB,25,3,candidate,0.001001167
BAAB,26,0,candidate,0.000983458
BAAB,26,1,control,0.000974042
BAAB,26,2,control,0.000971375
BAAB,26,3,candidate,0.000988500
BAAB,27,0,candidate,0.000999958
BAAB,27,1,control,0.000993250
BAAB,27,2,control,0.000978958
BAAB,27,3,candidate,0.001000792
BAAB,28,0,candidate,0.000999291
BAAB,28,1,control,0.000982625
BAAB,28,2,control,0.000990083
BAAB,28,3,candidate,0.000993958
BAAB,29,0,candidate,0.001003834
BAAB,29,1,control,0.000992500
BAAB,29,2,control,0.000972708
BAAB,29,3,candidate,0.001009500
BAAB,30,0,candidate,0.000987042
BAAB,30,1,control,0.000971042
BAAB,30,2,control,0.000977792
BAAB,30,3,candidate,0.001003542
BAAB,31,0,candidate,0.000983625
BAAB,31,1,control,0.000988584
BAAB,31,2,control,0.000987958
BAAB,31,3,candidate,0.000980000
BAAB,32,0,candidate,0.000996084
BAAB,32,1,control,0.000984583
BAAB,32,2,control,0.000986042
BAAB,32,3,candidate,0.001002625
BAAB,33,0,candidate,0.000991292
BAAB,33,1,control,0.000993500
BAAB,33,2,control,0.000981750
BAAB,33,3,candidate,0.001037583
BAAB,34,0,candidate,0.000984833
BAAB,34,1,control,0.000991583
BAAB,34,2,control,0.000971875
BAAB,34,3,candidate,0.001001250
BAAB,35,0,candidate,0.000960875
BAAB,35,1,control,0.000954084
BAAB,35,2,control,0.000953250
BAAB,35,3,candidate,0.000963500
BAAB,36,0,candidate,0.000965542
BAAB,36,1,control,0.000952500
BAAB,36,2,control,0.000953333
BAAB,36,3,candidate,0.000965625
BAAB,37,0,candidate,0.000965708
BAAB,37,1,control,0.000953333
BAAB,37,2,control,0.000961625
BAAB,37,3,candidate,0.000981875
BAAB,38,0,candidate,0.000979000
BAAB,38,1,control,0.000969417
BAAB,38,2,control,0.000970791
BAAB,38,3,candidate,0.000981792
BAAB,39,0,candidate,0.000981542
BAAB,39,1,control,0.000978834
BAAB,39,2,control,0.000999375
BAAB,39,3,candidate,0.001015042
BAAB,40,0,candidate,0.001013125
BAAB,40,1,control,0.000978708
BAAB,40,2,control,0.000986375
BAAB,40,3,candidate,0.001003792
BAAB,41,0,candidate,0.000999792
BAAB,41,1,control,0.000995125
BAAB,41,2,control,0.000987958
BAAB,41,3,candidate,0.001008959
BAAB,42,0,candidate,0.001009375
BAAB,42,1,control,0.000980875
BAAB,42,2,control,0.000988959
BAAB,42,3,candidate,0.001003375
BAAB,43,0,candidate,0.000979667
BAAB,43,1,control,0.000994583
BAAB,43,2,control,0.000980584
BAAB,43,3,candidate,0.001006833
BAAB,44,0,candidate,0.000999833
BAAB,44,1,control,0.000979833
BAAB,44,2,control,0.000987958
BAAB,44,3,candidate,0.001002875
BAAB,45,0,candidate,0.000973209
BAAB,45,1,control,0.000993208
BAAB,45,2,control,0.001030625
BAAB,45,3,candidate,0.001002667
BAAB,46,0,candidate,0.001000292
BAAB,46,1,control,0.000991083
BAAB,46,2,control,0.000988583
BAAB,46,3,candidate,0.001002792
BAAB,47,0,candidate,0.000978041
BAAB,47,1,control,0.000993916
BAAB,47,2,control,0.000991417
BAAB,47,3,candidate,0.000988000
BAAB,48,0,candidate,0.000998333
BAAB,48,1,control,0.000982875
BAAB,48,2,control,0.000998334
BAAB,48,3,candidate,0.001001333
BAAB,49,0,candidate,0.000977917
BAAB,49,1,control,0.000971791
BAAB,49,2,control,0.000992167
BAAB,49,3,candidate,0.000983750
BAAB,50,0,candidate,0.001005834
BAAB,50,1,control,0.000991250
BAAB,50,2,control,0.000984917
BAAB,50,3,candidate,0.001003917
BAAB,51,0,candidate,0.000988333
BAAB,51,1,control,0.000994416
BAAB,51,2,control,0.000993500
BAAB,51,3,candidate,0.000985083
BAAB,52,0,candidate,0.000997333
BAAB,52,1,control,0.000989666
BAAB,52,2,control,0.000995709
BAAB,52,3,candidate,0.001002166
BAAB,53,0,candidate,0.000978709
BAAB,53,1,control,0.000993875
BAAB,53,2,control,0.000984125
BAAB,53,3,candidate,0.000979792
BAAB,54,0,candidate,0.001002375
BAAB,54,1,control,0.000994000
BAAB,54,2,control,0.000986625
BAAB,54,3,candidate,0.000995583
BAAB,55,0,candidate,0.000987750
BAAB,55,1,control,0.000978084
BAAB,55,2,control,0.000984042
BAAB,55,3,candidate,0.000990541
BAAB,56,0,candidate,0.000999083
BAAB,56,1,control,0.000987792
BAAB,56,2,control,0.000967209
BAAB,56,3,candidate,0.001050291
BAAB,57,0,candidate,0.000986833
BAAB,57,1,control,0.000995375
BAAB,57,2,control,0.000990958
BAAB,57,3,candidate,0.000996583
BAAB,58,0,candidate,0.001001000
BAAB,58,1,control,0.000992708
BAAB,58,2,control,0.000980750
BAAB,58,3,candidate,0.000994209
BAAB,59,0,candidate,0.000997084
BAAB,59,1,control,0.000986542
BAAB,59,2,control,0.000991958
BAAB,59,3,candidate,0.000987542
BAAB,60,0,candidate,0.001000792
BAAB,60,1,control,0.000992375
BAAB,60,2,control,0.000967625
BAAB,60,3,candidate,0.000992584
BAAB,61,0,candidate,0.000998167
BAAB,61,1,control,0.000984167
BAAB,61,2,control,0.000995667
BAAB,61,3,candidate,0.000985709
BAAB,62,0,candidate,0.000996917
BAAB,62,1,control,0.000992500
BAAB,62,2,control,0.000979000
BAAB,62,3,candidate,0.000994000
BAAB,63,0,candidate,0.000993791
BAAB,63,1,control,0.000991917
BAAB,63,2,control,0.000991792
BAAB,63,3,candidate,0.000983459
