idx	kernel	kind	grid	group	barrier	enc	n_in	n_out
0	custom_kernel_laguna_decode_embedding_rope_atlas_bf16_2048_v2_int32_tc_bfloat16_t_float_float_int32_ts_bfloat16_t_float_float	threads	512x1x1	512x1x1	0	1051	8	3
1	rmsbfloat16	threads	512x1x1	512x1x1	0	1052	3	1
2	custom_kernel_laguna_gate_sp_h48_v1_bfloat16_t_uint32_t_bfloat16_t_bfloat16_t_bfloat16_t	threads	384x1x1	64x1x1	1	1052	5	1
3	custom_kernel_laguna_decode_nvfp4_qkv_h48_r1_v1_lm1_pw1_se1_sd1_bfloat16_t_uint32_t_uint8_t_uint8_t_uint8_t_bfloat16_t	threads	262144x1x1	64x1x1	0	1052	6	1
4	custom_kernel_laguna_full_fused_attn_grow_v1_bfloat16_t_bfloat16_t_bfloat16_t_bfloat16_t_bfloat16_t_float_bfloat16_t_bfloat16_t_uint32_tc_floatc_bfloat16_t	threads	24576x1x1	1024x1x1	0	1053	11	1
5	custom_kernel_laguna_oproj_act_h48_v1_lm1_pw1_sc1_se1_bfloat16_t_bfloat16_t_uint32_t_uint8_t_uint8_t_uint8_t_bfloat16_t	threads	16384x1x1	64x1x1	1	1053	7	1
6	custom_kernel_laguna_residual_rms_bf16_2048_v1_bfloat16_t_bfloat16_t_bfloat16_t_bfloat16_t_bfloat16_t	threads	512x1x1	512x1x1	1	1053	5	2
7	custom_kernel_laguna_dense_gate_up_swiglu_bf16_v1_bfloat16_t_bfloat16_t_bfloat16_t	threads	65536x1x1	512x1x1	1	1053	3	1
8	custom_kernel_laguna_dense_down_residual_bf16_v1_bfloat16_t_bfloat16_t_bfloat16_t_bfloat16_t	threads	16384x1x1	128x1x1	1	1053	4	1
9	rmsbfloat16	threads	512x1x1	512x1x1	0	1054	3	1
10	custom_kernel_laguna_decode_nvfp4_qkv_h64_r1_v1_lm1_pw1_se1_sd1_bfloat16_t_uint32_t_uint8_t_uint8_t_uint8_t_bfloat16_t	threads	327680x1x1	64x1x1	1	1054	6	1
11	custom_kernel_laguna_sliding_fused_attn_ring_v1_bfloat16_t_bfloat16_t_bfloat16_t_bfloat16_t_bfloat16_t_float_bfloat16_t_bfloat16_t_uint32_tc_floatc_bfloat16_t	threads	32768x1x1	1024x1x1	1	1054	11	1
12	custom_kernel_laguna_gate_sp_h64_v1_bfloat16_t_uint32_t_bfloat16_t_bfloat16_t_bfloat16_t	threads	512x1x1	64x1x1	0	1054	5	1
13	custom_kernel_laguna_oproj_act_h64_v1_lm1_pw1_sc1_se1_bfloat16_t_bfloat16_t_uint32_t_uint8_t_uint8_t_uint8_t_bfloat16_t	threads	16384x1x1	64x1x1	1	1054	7	1
14	custom_kernel_laguna_residual_rms_router_bf16_2048_rpg8_keys_v1_pf1_bfloat16_t_bfloat16_t_bfloat16_t_bfloat16_t_float_bfloat16_t_bfloat16_t_bfloat16_t_uint32_t	threads	16384x1x1	512x1x1	1	1054	9	4
15	custom_kernel_laguna_shared_nvfp4_swiglu_qmv_rows1_halved_bf16_v1_bfloat16_t_uint32_t_uint8_t_bfloat16_t	threads	16384x1x1	64x1x1	1	1054	4	1
16	custom_kernel_laguna_prefill_router_tournament_ordinal_norm_active64_v2_bfloat16_t_float_uint32_t_float	threads	256x1x1	256x1x1	0	1054	4	2
17	custom_kernel_laguna_routed_nvfp4_swiglu_qmv_packed_top8keys_r1_bf16_v2_bfloat16_t_uint32_t_uint8_t_uint32_t_bfloat16_t	threads	131072x1x1	64x1x1	0	1054	5	1
18	custom_kernel_laguna_routed_shared_nvfp4_down_residual_bf16_sh_stage4_v6_bfloat16_t_uint32_t_uint8_t_uint32_t_float_bfloat16_t_uint32_t_uint8_t_bfloat16_t_bfloat16_t	threads	147456x1x1	288x1x1	1	1054	10	1
19	rmsbfloat16	threads	512x1x1	512x1x1	0	1055	3	1
20	custom_kernel_laguna_decode_nvfp4_qkv_h64_r1_v1_lm1_pw1_se1_sd1_bfloat16_t_uint32_t_uint8_t_uint8_t_uint8_t_bfloat16_t	threads	327680x1x1	64x1x1	1	1055	6	1
21	custom_kernel_laguna_sliding_fused_attn_ring_v1_bfloat16_t_bfloat16_t_bfloat16_t_bfloat16_t_bfloat16_t_float_bfloat16_t_bfloat16_t_uint32_tc_floatc_bfloat16_t	threads	32768x1x1	1024x1x1	1	1055	11	1
22	custom_kernel_laguna_gate_sp_h64_v1_bfloat16_t_uint32_t_bfloat16_t_bfloat16_t_bfloat16_t	threads	512x1x1	64x1x1	0	1055	5	1
23	custom_kernel_laguna_oproj_act_h64_v1_lm1_pw1_sc1_se1_bfloat16_t_bfloat16_t_uint32_t_uint8_t_uint8_t_uint8_t_bfloat16_t	threads	16384x1x1	64x1x1	1	1055	7	1
24	custom_kernel_laguna_residual_rms_router_bf16_2048_rpg8_keys_v1_pf1_bfloat16_t_bfloat16_t_bfloat16_t_bfloat16_t_float_bfloat16_t_bfloat16_t_bfloat16_t_uint32_t	threads	16384x1x1	512x1x1	1	1055	9	4
25	custom_kernel_laguna_shared_nvfp4_swiglu_qmv_rows1_halved_bf16_v1_bfloat16_t_uint32_t_uint8_t_bfloat16_t	threads	16384x1x1	64x1x1	1	1055	4	1
26	custom_kernel_laguna_prefill_router_tournament_ordinal_norm_active64_v2_bfloat16_t_float_uint32_t_float	threads	256x1x1	256x1x1	0	1055	4	2
27	custom_kernel_laguna_routed_nvfp4_swiglu_qmv_packed_top8keys_r1_bf16_v2_bfloat16_t_uint32_t_uint8_t_uint32_t_bfloat16_t	threads	131072x1x1	64x1x1	0	1055	5	1
28	custom_kernel_laguna_routed_shared_nvfp4_down_residual_bf16_sh_stage4_v6_bfloat16_t_uint32_t_uint8_t_uint32_t_float_bfloat16_t_uint32_t_uint8_t_bfloat16_t_bfloat16_t	threads	147456x1x1	288x1x1	1	1055	10	1
29	rmsbfloat16	threads	512x1x1	512x1x1	0	1056	3	1
30	custom_kernel_laguna_decode_nvfp4_qkv_h64_r1_v1_lm1_pw1_se1_sd1_bfloat16_t_uint32_t_uint8_t_uint8_t_uint8_t_bfloat16_t	threads	327680x1x1	64x1x1	1	1056	6	1
31	custom_kernel_laguna_sliding_fused_attn_ring_v1_bfloat16_t_bfloat16_t_bfloat16_t_bfloat16_t_bfloat16_t_float_bfloat16_t_bfloat16_t_uint32_tc_floatc_bfloat16_t	threads	32768x1x1	1024x1x1	1	1056	11	1
32	custom_kernel_laguna_gate_sp_h64_v1_bfloat16_t_uint32_t_bfloat16_t_bfloat16_t_bfloat16_t	threads	512x1x1	64x1x1	0	1056	5	1
33	custom_kernel_laguna_oproj_act_h64_v1_lm1_pw1_sc1_se1_bfloat16_t_bfloat16_t_uint32_t_uint8_t_uint8_t_uint8_t_bfloat16_t	threads	16384x1x1	64x1x1	1	1056	7	1
34	custom_kernel_laguna_residual_rms_router_bf16_2048_rpg8_keys_v1_pf1_bfloat16_t_bfloat16_t_bfloat16_t_bfloat16_t_float_bfloat16_t_bfloat16_t_bfloat16_t_uint32_t	threads	16384x1x1	512x1x1	1	1056	9	4
35	custom_kernel_laguna_shared_nvfp4_swiglu_qmv_rows1_halved_bf16_v1_bfloat16_t_uint32_t_uint8_t_bfloat16_t	threads	16384x1x1	64x1x1	1	1056	4	1
36	custom_kernel_laguna_prefill_router_tournament_ordinal_norm_active64_v2_bfloat16_t_float_uint32_t_float	threads	256x1x1	256x1x1	0	1056	4	2
37	custom_kernel_laguna_routed_nvfp4_swiglu_qmv_packed_top8keys_r1_bf16_v2_bfloat16_t_uint32_t_uint8_t_uint32_t_bfloat16_t	threads	131072x1x1	64x1x1	0	1056	5	1
38	custom_kernel_laguna_routed_shared_nvfp4_down_residual_bf16_sh_stage4_v6_bfloat16_t_uint32_t_uint8_t_uint32_t_float_bfloat16_t_uint32_t_uint8_t_bfloat16_t_bfloat16_t	threads	147456x1x1	288x1x1	1	1056	10	1
39	rmsbfloat16	threads	512x1x1	512x1x1	0	1057	3	1
40	custom_kernel_laguna_decode_nvfp4_qkv_h48_r1_v1_lm1_pw1_se1_sd1_bfloat16_t_uint32_t_uint8_t_uint8_t_uint8_t_bfloat16_t	threads	262144x1x1	64x1x1	1	1057	6	1
41	custom_kernel_laguna_full_fused_attn_grow_v1_bfloat16_t_bfloat16_t_bfloat16_t_bfloat16_t_bfloat16_t_float_bfloat16_t_bfloat16_t_uint32_tc_floatc_bfloat16_t	threads	24576x1x1	1024x1x1	1	1057	11	1
42	custom_kernel_laguna_gate_sp_h48_v1_bfloat16_t_uint32_t_bfloat16_t_bfloat16_t_bfloat16_t	threads	384x1x1	64x1x1	0	1057	5	1
43	custom_kernel_laguna_oproj_act_h48_v1_lm1_pw1_sc1_se1_bfloat16_t_bfloat16_t_uint32_t_uint8_t_uint8_t_uint8_t_bfloat16_t	threads	16384x1x1	64x1x1	1	1057	7	1
44	custom_kernel_laguna_residual_rms_router_bf16_2048_rpg8_keys_v1_pf1_bfloat16_t_bfloat16_t_bfloat16_t_bfloat16_t_float_bfloat16_t_bfloat16_t_bfloat16_t_uint32_t	threads	16384x1x1	512x1x1	1	1057	9	4
45	custom_kernel_laguna_shared_nvfp4_swiglu_qmv_rows1_halved_bf16_v1_bfloat16_t_uint32_t_uint8_t_bfloat16_t	threads	16384x1x1	64x1x1	1	1057	4	1
46	custom_kernel_laguna_prefill_router_tournament_ordinal_norm_active64_v2_bfloat16_t_float_uint32_t_float	threads	256x1x1	256x1x1	0	1057	4	2
47	custom_kernel_laguna_routed_nvfp4_swiglu_qmv_packed_top8keys_r1_bf16_v2_bfloat16_t_uint32_t_uint8_t_uint32_t_bfloat16_t	threads	131072x1x1	64x1x1	0	1057	5	1
48	custom_kernel_laguna_routed_shared_nvfp4_down_residual_bf16_sh_stage4_v6_bfloat16_t_uint32_t_uint8_t_uint32_t_float_bfloat16_t_uint32_t_uint8_t_bfloat16_t_bfloat16_t	threads	147456x1x1	288x1x1	1	1057	10	1
49	rmsbfloat16	threads	512x1x1	512x1x1	1	1057	3	1
50	custom_kernel_laguna_decode_nvfp4_qkv_h64_r1_v1_lm1_pw1_se1_sd1_bfloat16_t_uint32_t_uint8_t_uint8_t_uint8_t_bfloat16_t	threads	327680x1x1	64x1x1	1	1057	6	1
51	custom_kernel_laguna_sliding_fused_attn_ring_v1_bfloat16_t_bfloat16_t_bfloat16_t_bfloat16_t_bfloat16_t_float_bfloat16_t_bfloat16_t_uint32_tc_floatc_bfloat16_t	threads	32768x1x1	1024x1x1	0	1058	11	1
52	custom_kernel_laguna_gate_sp_h64_v1_bfloat16_t_uint32_t_bfloat16_t_bfloat16_t_bfloat16_t	threads	512x1x1	64x1x1	0	1058	5	1
53	custom_kernel_laguna_oproj_act_h64_v1_lm1_pw1_sc1_se1_bfloat16_t_bfloat16_t_uint32_t_uint8_t_uint8_t_uint8_t_bfloat16_t	threads	16384x1x1	64x1x1	1	1058	7	1
54	custom_kernel_laguna_residual_rms_router_bf16_2048_rpg8_keys_v1_pf1_bfloat16_t_bfloat16_t_bfloat16_t_bfloat16_t_float_bfloat16_t_bfloat16_t_bfloat16_t_uint32_t	threads	16384x1x1	512x1x1	1	1058	9	4
55	custom_kernel_laguna_shared_nvfp4_swiglu_qmv_rows1_halved_bf16_v1_bfloat16_t_uint32_t_uint8_t_bfloat16_t	threads	16384x1x1	64x1x1	1	1058	4	1
56	custom_kernel_laguna_prefill_router_tournament_ordinal_norm_active64_v2_bfloat16_t_float_uint32_t_float	threads	256x1x1	256x1x1	0	1058	4	2
57	custom_kernel_laguna_routed_nvfp4_swiglu_qmv_packed_top8keys_r1_bf16_v2_bfloat16_t_uint32_t_uint8_t_uint32_t_bfloat16_t	threads	131072x1x1	64x1x1	0	1058	5	1
58	custom_kernel_laguna_routed_shared_nvfp4_down_residual_bf16_sh_stage4_v6_bfloat16_t_uint32_t_uint8_t_uint32_t_float_bfloat16_t_uint32_t_uint8_t_bfloat16_t_bfloat16_t	threads	147456x1x1	288x1x1	1	1058	10	1
59	rmsbfloat16	threads	512x1x1	512x1x1	1	1058	3	1
60	custom_kernel_laguna_decode_nvfp4_qkv_h64_r1_v1_lm1_pw1_se1_sd1_bfloat16_t_uint32_t_uint8_t_uint8_t_uint8_t_bfloat16_t	threads	327680x1x1	64x1x1	1	1058	6	1
61	custom_kernel_laguna_sliding_fused_attn_ring_v1_bfloat16_t_bfloat16_t_bfloat16_t_bfloat16_t_bfloat16_t_float_bfloat16_t_bfloat16_t_uint32_tc_floatc_bfloat16_t	threads	32768x1x1	1024x1x1	0	1059	11	1
62	custom_kernel_laguna_gate_sp_h64_v1_bfloat16_t_uint32_t_bfloat16_t_bfloat16_t_bfloat16_t	threads	512x1x1	64x1x1	0	1059	5	1
63	custom_kernel_laguna_oproj_act_h64_v1_lm1_pw1_sc1_se1_bfloat16_t_bfloat16_t_uint32_t_uint8_t_uint8_t_uint8_t_bfloat16_t	threads	16384x1x1	64x1x1	1	1059	7	1
64	custom_kernel_laguna_residual_rms_router_bf16_2048_rpg8_keys_v1_pf1_bfloat16_t_bfloat16_t_bfloat16_t_bfloat16_t_float_bfloat16_t_bfloat16_t_bfloat16_t_uint32_t	threads	16384x1x1	512x1x1	1	1059	9	4
65	custom_kernel_laguna_shared_nvfp4_swiglu_qmv_rows1_halved_bf16_v1_bfloat16_t_uint32_t_uint8_t_bfloat16_t	threads	16384x1x1	64x1x1	1	1059	4	1
66	custom_kernel_laguna_prefill_router_tournament_ordinal_norm_active64_v2_bfloat16_t_float_uint32_t_float	threads	256x1x1	256x1x1	0	1059	4	2
67	custom_kernel_laguna_routed_nvfp4_swiglu_qmv_packed_top8keys_r1_bf16_v2_bfloat16_t_uint32_t_uint8_t_uint32_t_bfloat16_t	threads	131072x1x1	64x1x1	0	1059	5	1
68	custom_kernel_laguna_routed_shared_nvfp4_down_residual_bf16_sh_stage4_v6_bfloat16_t_uint32_t_uint8_t_uint32_t_float_bfloat16_t_uint32_t_uint8_t_bfloat16_t_bfloat16_t	threads	147456x1x1	288x1x1	1	1059	10	1
69	rmsbfloat16	threads	512x1x1	512x1x1	1	1059	3	1
70	custom_kernel_laguna_decode_nvfp4_qkv_h64_r1_v1_lm1_pw1_se1_sd1_bfloat16_t_uint32_t_uint8_t_uint8_t_uint8_t_bfloat16_t	threads	327680x1x1	64x1x1	1	1059	6	1
71	custom_kernel_laguna_sliding_fused_attn_ring_v1_bfloat16_t_bfloat16_t_bfloat16_t_bfloat16_t_bfloat16_t_float_bfloat16_t_bfloat16_t_uint32_tc_floatc_bfloat16_t	threads	32768x1x1	1024x1x1	0	1060	11	1
72	custom_kernel_laguna_gate_sp_h64_v1_bfloat16_t_uint32_t_bfloat16_t_bfloat16_t_bfloat16_t	threads	512x1x1	64x1x1	0	1060	5	1
73	custom_kernel_laguna_oproj_act_h64_v1_lm1_pw1_sc1_se1_bfloat16_t_bfloat16_t_uint32_t_uint8_t_uint8_t_uint8_t_bfloat16_t	threads	16384x1x1	64x1x1	1	1060	7	1
74	custom_kernel_laguna_residual_rms_router_bf16_2048_rpg8_keys_v1_pf1_bfloat16_t_bfloat16_t_bfloat16_t_bfloat16_t_float_bfloat16_t_bfloat16_t_bfloat16_t_uint32_t	threads	16384x1x1	512x1x1	1	1060	9	4
75	custom_kernel_laguna_shared_nvfp4_swiglu_qmv_rows1_halved_bf16_v1_bfloat16_t_uint32_t_uint8_t_bfloat16_t	threads	16384x1x1	64x1x1	1	1060	4	1
76	custom_kernel_laguna_prefill_router_tournament_ordinal_norm_active64_v2_bfloat16_t_float_uint32_t_float	threads	256x1x1	256x1x1	0	1060	4	2
77	custom_kernel_laguna_routed_nvfp4_swiglu_qmv_packed_top8keys_r1_bf16_v2_bfloat16_t_uint32_t_uint8_t_uint32_t_bfloat16_t	threads	131072x1x1	64x1x1	0	1060	5	1
78	custom_kernel_laguna_routed_shared_nvfp4_down_residual_bf16_sh_stage4_v6_bfloat16_t_uint32_t_uint8_t_uint32_t_float_bfloat16_t_uint32_t_uint8_t_bfloat16_t_bfloat16_t	threads	147456x1x1	288x1x1	1	1060	10	1
79	rmsbfloat16	threads	512x1x1	512x1x1	0	1061	3	1
80	custom_kernel_laguna_decode_nvfp4_qkv_h48_r1_v1_lm1_pw1_se1_sd1_bfloat16_t_uint32_t_uint8_t_uint8_t_uint8_t_bfloat16_t	threads	262144x1x1	64x1x1	1	1061	6	1
81	custom_kernel_laguna_full_fused_attn_grow_v1_bfloat16_t_bfloat16_t_bfloat16_t_bfloat16_t_bfloat16_t_float_bfloat16_t_bfloat16_t_uint32_tc_floatc_bfloat16_t	threads	24576x1x1	1024x1x1	1	1061	11	1
82	custom_kernel_laguna_gate_sp_h48_v1_bfloat16_t_uint32_t_bfloat16_t_bfloat16_t_bfloat16_t	threads	384x1x1	64x1x1	0	1061	5	1
83	custom_kernel_laguna_oproj_act_h48_v1_lm1_pw1_sc1_se1_bfloat16_t_bfloat16_t_uint32_t_uint8_t_uint8_t_uint8_t_bfloat16_t	threads	16384x1x1	64x1x1	1	1061	7	1
84	custom_kernel_laguna_residual_rms_router_bf16_2048_rpg8_keys_v1_pf1_bfloat16_t_bfloat16_t_bfloat16_t_bfloat16_t_float_bfloat16_t_bfloat16_t_bfloat16_t_uint32_t	threads	16384x1x1	512x1x1	1	1061	9	4
85	custom_kernel_laguna_shared_nvfp4_swiglu_qmv_rows1_halved_bf16_v1_bfloat16_t_uint32_t_uint8_t_bfloat16_t	threads	16384x1x1	64x1x1	1	1061	4	1
86	custom_kernel_laguna_prefill_router_tournament_ordinal_norm_active64_v2_bfloat16_t_float_uint32_t_float	threads	256x1x1	256x1x1	0	1061	4	2
87	custom_kernel_laguna_routed_nvfp4_swiglu_qmv_packed_top8keys_r1_bf16_v2_bfloat16_t_uint32_t_uint8_t_uint32_t_bfloat16_t	threads	131072x1x1	64x1x1	0	1061	5	1
88	custom_kernel_laguna_routed_shared_nvfp4_down_residual_bf16_sh_stage4_v6_bfloat16_t_uint32_t_uint8_t_uint32_t_float_bfloat16_t_uint32_t_uint8_t_bfloat16_t_bfloat16_t	threads	147456x1x1	288x1x1	1	1061	10	1
89	rmsbfloat16	threads	512x1x1	512x1x1	1	1061	3	1
90	custom_kernel_laguna_decode_nvfp4_qkv_h64_r1_v1_lm1_pw1_se1_sd1_bfloat16_t_uint32_t_uint8_t_uint8_t_uint8_t_bfloat16_t	threads	327680x1x1	64x1x1	1	1061	6	1
91	custom_kernel_laguna_sliding_fused_attn_ring_v1_bfloat16_t_bfloat16_t_bfloat16_t_bfloat16_t_bfloat16_t_float_bfloat16_t_bfloat16_t_uint32_tc_floatc_bfloat16_t	threads	32768x1x1	1024x1x1	0	1062	11	1
92	custom_kernel_laguna_gate_sp_h64_v1_bfloat16_t_uint32_t_bfloat16_t_bfloat16_t_bfloat16_t	threads	512x1x1	64x1x1	0	1062	5	1
93	custom_kernel_laguna_oproj_act_h64_v1_lm1_pw1_sc1_se1_bfloat16_t_bfloat16_t_uint32_t_uint8_t_uint8_t_uint8_t_bfloat16_t	threads	16384x1x1	64x1x1	1	1062	7	1
94	custom_kernel_laguna_residual_rms_router_bf16_2048_rpg8_keys_v1_pf1_bfloat16_t_bfloat16_t_bfloat16_t_bfloat16_t_float_bfloat16_t_bfloat16_t_bfloat16_t_uint32_t	threads	16384x1x1	512x1x1	1	1062	9	4
95	custom_kernel_laguna_shared_nvfp4_swiglu_qmv_rows1_halved_bf16_v1_bfloat16_t_uint32_t_uint8_t_bfloat16_t	threads	16384x1x1	64x1x1	1	1062	4	1
96	custom_kernel_laguna_prefill_router_tournament_ordinal_norm_active64_v2_bfloat16_t_float_uint32_t_float	threads	256x1x1	256x1x1	0	1062	4	2
97	custom_kernel_laguna_routed_nvfp4_swiglu_qmv_packed_top8keys_r1_bf16_v2_bfloat16_t_uint32_t_uint8_t_uint32_t_bfloat16_t	threads	131072x1x1	64x1x1	0	1062	5	1
98	custom_kernel_laguna_routed_shared_nvfp4_down_residual_bf16_sh_stage4_v6_bfloat16_t_uint32_t_uint8_t_uint32_t_float_bfloat16_t_uint32_t_uint8_t_bfloat16_t_bfloat16_t	threads	147456x1x1	288x1x1	1	1062	10	1
99	rmsbfloat16	threads	512x1x1	512x1x1	1	1062	3	1
100	custom_kernel_laguna_decode_nvfp4_qkv_h64_r1_v1_lm1_pw1_se1_sd1_bfloat16_t_uint32_t_uint8_t_uint8_t_uint8_t_bfloat16_t	threads	327680x1x1	64x1x1	1	1062	6	1
101	custom_kernel_laguna_sliding_fused_attn_ring_v1_bfloat16_t_bfloat16_t_bfloat16_t_bfloat16_t_bfloat16_t_float_bfloat16_t_bfloat16_t_uint32_tc_floatc_bfloat16_t	threads	32768x1x1	1024x1x1	0	1063	11	1
102	custom_kernel_laguna_gate_sp_h64_v1_bfloat16_t_uint32_t_bfloat16_t_bfloat16_t_bfloat16_t	threads	512x1x1	64x1x1	0	1063	5	1
103	custom_kernel_laguna_oproj_act_h64_v1_lm1_pw1_sc1_se1_bfloat16_t_bfloat16_t_uint32_t_uint8_t_uint8_t_uint8_t_bfloat16_t	threads	16384x1x1	64x1x1	1	1063	7	1
104	custom_kernel_laguna_residual_rms_router_bf16_2048_rpg8_keys_v1_pf1_bfloat16_t_bfloat16_t_bfloat16_t_bfloat16_t_float_bfloat16_t_bfloat16_t_bfloat16_t_uint32_t	threads	16384x1x1	512x1x1	1	1063	9	4
105	custom_kernel_laguna_shared_nvfp4_swiglu_qmv_rows1_halved_bf16_v1_bfloat16_t_uint32_t_uint8_t_bfloat16_t	threads	16384x1x1	64x1x1	1	1063	4	1
106	custom_kernel_laguna_prefill_router_tournament_ordinal_norm_active64_v2_bfloat16_t_float_uint32_t_float	threads	256x1x1	256x1x1	0	1063	4	2
107	custom_kernel_laguna_routed_nvfp4_swiglu_qmv_packed_top8keys_r1_bf16_v2_bfloat16_t_uint32_t_uint8_t_uint32_t_bfloat16_t	threads	131072x1x1	64x1x1	0	1063	5	1
108	custom_kernel_laguna_routed_shared_nvfp4_down_residual_bf16_sh_stage4_v6_bfloat16_t_uint32_t_uint8_t_uint32_t_float_bfloat16_t_uint32_t_uint8_t_bfloat16_t_bfloat16_t	threads	147456x1x1	288x1x1	1	1063	10	1
109	rmsbfloat16	threads	512x1x1	512x1x1	1	1063	3	1
110	custom_kernel_laguna_decode_nvfp4_qkv_h64_r1_v1_lm1_pw1_se1_sd1_bfloat16_t_uint32_t_uint8_t_uint8_t_uint8_t_bfloat16_t	threads	327680x1x1	64x1x1	1	1063	6	1
111	custom_kernel_laguna_sliding_fused_attn_ring_v1_bfloat16_t_bfloat16_t_bfloat16_t_bfloat16_t_bfloat16_t_float_bfloat16_t_bfloat16_t_uint32_tc_floatc_bfloat16_t	threads	32768x1x1	1024x1x1	0	1064	11	1
112	custom_kernel_laguna_gate_sp_h64_v1_bfloat16_t_uint32_t_bfloat16_t_bfloat16_t_bfloat16_t	threads	512x1x1	64x1x1	0	1064	5	1
113	custom_kernel_laguna_oproj_act_h64_v1_lm1_pw1_sc1_se1_bfloat16_t_bfloat16_t_uint32_t_uint8_t_uint8_t_uint8_t_bfloat16_t	threads	16384x1x1	64x1x1	1	1064	7	1
114	custom_kernel_laguna_residual_rms_router_bf16_2048_rpg8_keys_v1_pf1_bfloat16_t_bfloat16_t_bfloat16_t_bfloat16_t_float_bfloat16_t_bfloat16_t_bfloat16_t_uint32_t	threads	16384x1x1	512x1x1	1	1064	9	4
115	custom_kernel_laguna_shared_nvfp4_swiglu_qmv_rows1_halved_bf16_v1_bfloat16_t_uint32_t_uint8_t_bfloat16_t	threads	16384x1x1	64x1x1	1	1064	4	1
116	custom_kernel_laguna_prefill_router_tournament_ordinal_norm_active64_v2_bfloat16_t_float_uint32_t_float	threads	256x1x1	256x1x1	0	1064	4	2
117	custom_kernel_laguna_routed_nvfp4_swiglu_qmv_packed_top8keys_r1_bf16_v2_bfloat16_t_uint32_t_uint8_t_uint32_t_bfloat16_t	threads	131072x1x1	64x1x1	0	1064	5	1
118	custom_kernel_laguna_routed_shared_nvfp4_down_residual_bf16_sh_stage4_v6_bfloat16_t_uint32_t_uint8_t_uint32_t_float_bfloat16_t_uint32_t_uint8_t_bfloat16_t_bfloat16_t	threads	147456x1x1	288x1x1	1	1064	10	1
119	rmsbfloat16	threads	512x1x1	512x1x1	1	1064	3	1
120	custom_kernel_laguna_decode_nvfp4_qkv_h48_r1_v1_lm1_pw1_se1_sd1_bfloat16_t_uint32_t_uint8_t_uint8_t_uint8_t_bfloat16_t	threads	262144x1x1	64x1x1	1	1064	6	1
121	custom_kernel_laguna_full_fused_attn_grow_v1_bfloat16_t_bfloat16_t_bfloat16_t_bfloat16_t_bfloat16_t_float_bfloat16_t_bfloat16_t_uint32_tc_floatc_bfloat16_t	threads	24576x1x1	1024x1x1	1	1064	11	1
122	custom_kernel_laguna_gate_sp_h48_v1_bfloat16_t_uint32_t_bfloat16_t_bfloat16_t_bfloat16_t	threads	384x1x1	64x1x1	0	1065	5	1
123	custom_kernel_laguna_oproj_act_h48_v1_lm1_pw1_sc1_se1_bfloat16_t_bfloat16_t_uint32_t_uint8_t_uint8_t_uint8_t_bfloat16_t	threads	16384x1x1	64x1x1	1	1065	7	1
124	custom_kernel_laguna_residual_rms_router_bf16_2048_rpg8_keys_v1_pf1_bfloat16_t_bfloat16_t_bfloat16_t_bfloat16_t_float_bfloat16_t_bfloat16_t_bfloat16_t_uint32_t	threads	16384x1x1	512x1x1	1	1065	9	4
125	custom_kernel_laguna_shared_nvfp4_swiglu_qmv_rows1_halved_bf16_v1_bfloat16_t_uint32_t_uint8_t_bfloat16_t	threads	16384x1x1	64x1x1	1	1065	4	1
126	custom_kernel_laguna_prefill_router_tournament_ordinal_norm_active64_v2_bfloat16_t_float_uint32_t_float	threads	256x1x1	256x1x1	0	1065	4	2
127	custom_kernel_laguna_routed_nvfp4_swiglu_qmv_packed_top8keys_r1_bf16_v2_bfloat16_t_uint32_t_uint8_t_uint32_t_bfloat16_t	threads	131072x1x1	64x1x1	0	1065	5	1
128	custom_kernel_laguna_routed_shared_nvfp4_down_residual_bf16_sh_stage4_v6_bfloat16_t_uint32_t_uint8_t_uint32_t_float_bfloat16_t_uint32_t_uint8_t_bfloat16_t_bfloat16_t	threads	147456x1x1	288x1x1	1	1065	10	1
129	rmsbfloat16	threads	512x1x1	512x1x1	1	1065	3	1
130	custom_kernel_laguna_decode_nvfp4_qkv_h64_r1_v1_lm1_pw1_se1_sd1_bfloat16_t_uint32_t_uint8_t_uint8_t_uint8_t_bfloat16_t	threads	327680x1x1	64x1x1	1	1065	6	1
131	custom_kernel_laguna_sliding_fused_attn_ring_v1_bfloat16_t_bfloat16_t_bfloat16_t_bfloat16_t_bfloat16_t_float_bfloat16_t_bfloat16_t_uint32_tc_floatc_bfloat16_t	threads	32768x1x1	1024x1x1	1	1065	11	1
132	custom_kernel_laguna_gate_sp_h64_v1_bfloat16_t_uint32_t_bfloat16_t_bfloat16_t_bfloat16_t	threads	512x1x1	64x1x1	0	1065	5	1
133	custom_kernel_laguna_oproj_act_h64_v1_lm1_pw1_sc1_se1_bfloat16_t_bfloat16_t_uint32_t_uint8_t_uint8_t_uint8_t_bfloat16_t	threads	16384x1x1	64x1x1	1	1065	7	1
134	custom_kernel_laguna_residual_rms_router_bf16_2048_rpg8_keys_v1_pf1_bfloat16_t_bfloat16_t_bfloat16_t_bfloat16_t_float_bfloat16_t_bfloat16_t_bfloat16_t_uint32_t	threads	16384x1x1	512x1x1	0	1066	9	4
135	custom_kernel_laguna_shared_nvfp4_swiglu_qmv_rows1_halved_bf16_v1_bfloat16_t_uint32_t_uint8_t_bfloat16_t	threads	16384x1x1	64x1x1	1	1066	4	1
136	custom_kernel_laguna_prefill_router_tournament_ordinal_norm_active64_v2_bfloat16_t_float_uint32_t_float	threads	256x1x1	256x1x1	0	1066	4	2
137	custom_kernel_laguna_routed_nvfp4_swiglu_qmv_packed_top8keys_r1_bf16_v2_bfloat16_t_uint32_t_uint8_t_uint32_t_bfloat16_t	threads	131072x1x1	64x1x1	0	1066	5	1
138	custom_kernel_laguna_routed_shared_nvfp4_down_residual_bf16_sh_stage4_v6_bfloat16_t_uint32_t_uint8_t_uint32_t_float_bfloat16_t_uint32_t_uint8_t_bfloat16_t_bfloat16_t	threads	147456x1x1	288x1x1	1	1066	10	1
139	rmsbfloat16	threads	512x1x1	512x1x1	1	1066	3	1
140	custom_kernel_laguna_decode_nvfp4_qkv_h64_r1_v1_lm1_pw1_se1_sd1_bfloat16_t_uint32_t_uint8_t_uint8_t_uint8_t_bfloat16_t	threads	327680x1x1	64x1x1	1	1066	6	1
141	custom_kernel_laguna_sliding_fused_attn_ring_v1_bfloat16_t_bfloat16_t_bfloat16_t_bfloat16_t_bfloat16_t_float_bfloat16_t_bfloat16_t_uint32_tc_floatc_bfloat16_t	threads	32768x1x1	1024x1x1	1	1066	11	1
142	custom_kernel_laguna_gate_sp_h64_v1_bfloat16_t_uint32_t_bfloat16_t_bfloat16_t_bfloat16_t	threads	512x1x1	64x1x1	0	1066	5	1
143	custom_kernel_laguna_oproj_act_h64_v1_lm1_pw1_sc1_se1_bfloat16_t_bfloat16_t_uint32_t_uint8_t_uint8_t_uint8_t_bfloat16_t	threads	16384x1x1	64x1x1	1	1066	7	1
144	custom_kernel_laguna_residual_rms_router_bf16_2048_rpg8_keys_v1_pf1_bfloat16_t_bfloat16_t_bfloat16_t_bfloat16_t_float_bfloat16_t_bfloat16_t_bfloat16_t_uint32_t	threads	16384x1x1	512x1x1	0	1067	9	4
145	custom_kernel_laguna_shared_nvfp4_swiglu_qmv_rows1_halved_bf16_v1_bfloat16_t_uint32_t_uint8_t_bfloat16_t	threads	16384x1x1	64x1x1	1	1067	4	1
146	custom_kernel_laguna_prefill_router_tournament_ordinal_norm_active64_v2_bfloat16_t_float_uint32_t_float	threads	256x1x1	256x1x1	0	1067	4	2
147	custom_kernel_laguna_routed_nvfp4_swiglu_qmv_packed_top8keys_r1_bf16_v2_bfloat16_t_uint32_t_uint8_t_uint32_t_bfloat16_t	threads	131072x1x1	64x1x1	0	1067	5	1
148	custom_kernel_laguna_routed_shared_nvfp4_down_residual_bf16_sh_stage4_v6_bfloat16_t_uint32_t_uint8_t_uint32_t_float_bfloat16_t_uint32_t_uint8_t_bfloat16_t_bfloat16_t	threads	147456x1x1	288x1x1	1	1067	10	1
149	rmsbfloat16	threads	512x1x1	512x1x1	1	1067	3	1
150	custom_kernel_laguna_decode_nvfp4_qkv_h64_r1_v1_lm1_pw1_se1_sd1_bfloat16_t_uint32_t_uint8_t_uint8_t_uint8_t_bfloat16_t	threads	327680x1x1	64x1x1	1	1067	6	1
151	custom_kernel_laguna_sliding_fused_attn_ring_v1_bfloat16_t_bfloat16_t_bfloat16_t_bfloat16_t_bfloat16_t_float_bfloat16_t_bfloat16_t_uint32_tc_floatc_bfloat16_t	threads	32768x1x1	1024x1x1	1	1067	11	1
152	custom_kernel_laguna_gate_sp_h64_v1_bfloat16_t_uint32_t_bfloat16_t_bfloat16_t_bfloat16_t	threads	512x1x1	64x1x1	0	1067	5	1
153	custom_kernel_laguna_oproj_act_h64_v1_lm1_pw1_sc1_se1_bfloat16_t_bfloat16_t_uint32_t_uint8_t_uint8_t_uint8_t_bfloat16_t	threads	16384x1x1	64x1x1	1	1067	7	1
154	custom_kernel_laguna_residual_rms_router_bf16_2048_rpg8_keys_v1_pf1_bfloat16_t_bfloat16_t_bfloat16_t_bfloat16_t_float_bfloat16_t_bfloat16_t_bfloat16_t_uint32_t	threads	16384x1x1	512x1x1	0	1068	9	4
155	custom_kernel_laguna_shared_nvfp4_swiglu_qmv_rows1_halved_bf16_v1_bfloat16_t_uint32_t_uint8_t_bfloat16_t	threads	16384x1x1	64x1x1	1	1068	4	1
156	custom_kernel_laguna_prefill_router_tournament_ordinal_norm_active64_v2_bfloat16_t_float_uint32_t_float	threads	256x1x1	256x1x1	0	1068	4	2
157	custom_kernel_laguna_routed_nvfp4_swiglu_qmv_packed_top8keys_r1_bf16_v2_bfloat16_t_uint32_t_uint8_t_uint32_t_bfloat16_t	threads	131072x1x1	64x1x1	0	1068	5	1
158	custom_kernel_laguna_routed_shared_nvfp4_down_residual_bf16_sh_stage4_v6_bfloat16_t_uint32_t_uint8_t_uint32_t_float_bfloat16_t_uint32_t_uint8_t_bfloat16_t_bfloat16_t	threads	147456x1x1	288x1x1	1	1068	10	1
159	rmsbfloat16	threads	512x1x1	512x1x1	0	1069	3	1
160	custom_kernel_laguna_decode_nvfp4_qkv_h48_r1_v1_lm1_pw1_se1_sd1_bfloat16_t_uint32_t_uint8_t_uint8_t_uint8_t_bfloat16_t	threads	262144x1x1	64x1x1	1	1069	6	1
161	custom_kernel_laguna_full_fused_attn_grow_v1_bfloat16_t_bfloat16_t_bfloat16_t_bfloat16_t_bfloat16_t_float_bfloat16_t_bfloat16_t_uint32_tc_floatc_bfloat16_t	threads	24576x1x1	1024x1x1	1	1069	11	1
162	custom_kernel_laguna_gate_sp_h48_v1_bfloat16_t_uint32_t_bfloat16_t_bfloat16_t_bfloat16_t	threads	384x1x1	64x1x1	0	1069	5	1
163	custom_kernel_laguna_oproj_act_h48_v1_lm1_pw1_sc1_se1_bfloat16_t_bfloat16_t_uint32_t_uint8_t_uint8_t_uint8_t_bfloat16_t	threads	16384x1x1	64x1x1	1	1069	7	1
164	custom_kernel_laguna_residual_rms_router_bf16_2048_rpg8_keys_v1_pf1_bfloat16_t_bfloat16_t_bfloat16_t_bfloat16_t_float_bfloat16_t_bfloat16_t_bfloat16_t_uint32_t	threads	16384x1x1	512x1x1	1	1069	9	4
165	custom_kernel_laguna_shared_nvfp4_swiglu_qmv_rows1_halved_bf16_v1_bfloat16_t_uint32_t_uint8_t_bfloat16_t	threads	16384x1x1	64x1x1	1	1069	4	1
166	custom_kernel_laguna_prefill_router_tournament_ordinal_norm_active64_v2_bfloat16_t_float_uint32_t_float	threads	256x1x1	256x1x1	0	1069	4	2
167	custom_kernel_laguna_routed_nvfp4_swiglu_qmv_packed_top8keys_r1_bf16_v2_bfloat16_t_uint32_t_uint8_t_uint32_t_bfloat16_t	threads	131072x1x1	64x1x1	0	1069	5	1
168	custom_kernel_laguna_routed_shared_nvfp4_down_residual_bf16_sh_stage4_v6_bfloat16_t_uint32_t_uint8_t_uint32_t_float_bfloat16_t_uint32_t_uint8_t_bfloat16_t_bfloat16_t	threads	147456x1x1	288x1x1	1	1069	10	1
169	rmsbfloat16	threads	512x1x1	512x1x1	1	1069	3	1
170	custom_kernel_laguna_decode_nvfp4_qkv_h64_r1_v1_lm1_pw1_se1_sd1_bfloat16_t_uint32_t_uint8_t_uint8_t_uint8_t_bfloat16_t	threads	327680x1x1	64x1x1	1	1069	6	1
171	custom_kernel_laguna_sliding_fused_attn_ring_v1_bfloat16_t_bfloat16_t_bfloat16_t_bfloat16_t_bfloat16_t_float_bfloat16_t_bfloat16_t_uint32_tc_floatc_bfloat16_t	threads	32768x1x1	1024x1x1	0	1070	11	1
172	custom_kernel_laguna_gate_sp_h64_v1_bfloat16_t_uint32_t_bfloat16_t_bfloat16_t_bfloat16_t	threads	512x1x1	64x1x1	0	1070	5	1
173	custom_kernel_laguna_oproj_act_h64_v1_lm1_pw1_sc1_se1_bfloat16_t_bfloat16_t_uint32_t_uint8_t_uint8_t_uint8_t_bfloat16_t	threads	16384x1x1	64x1x1	1	1070	7	1
174	custom_kernel_laguna_residual_rms_router_bf16_2048_rpg8_keys_v1_pf1_bfloat16_t_bfloat16_t_bfloat16_t_bfloat16_t_float_bfloat16_t_bfloat16_t_bfloat16_t_uint32_t	threads	16384x1x1	512x1x1	1	1070	9	4
175	custom_kernel_laguna_shared_nvfp4_swiglu_qmv_rows1_halved_bf16_v1_bfloat16_t_uint32_t_uint8_t_bfloat16_t	threads	16384x1x1	64x1x1	1	1070	4	1
176	custom_kernel_laguna_prefill_router_tournament_ordinal_norm_active64_v2_bfloat16_t_float_uint32_t_float	threads	256x1x1	256x1x1	0	1070	4	2
177	custom_kernel_laguna_routed_nvfp4_swiglu_qmv_packed_top8keys_r1_bf16_v2_bfloat16_t_uint32_t_uint8_t_uint32_t_bfloat16_t	threads	131072x1x1	64x1x1	0	1070	5	1
178	custom_kernel_laguna_routed_shared_nvfp4_down_residual_bf16_sh_stage4_v6_bfloat16_t_uint32_t_uint8_t_uint32_t_float_bfloat16_t_uint32_t_uint8_t_bfloat16_t_bfloat16_t	threads	147456x1x1	288x1x1	1	1070	10	1
179	rmsbfloat16	threads	512x1x1	512x1x1	1	1070	3	1
180	custom_kernel_laguna_decode_nvfp4_qkv_h64_r1_v1_lm1_pw1_se1_sd1_bfloat16_t_uint32_t_uint8_t_uint8_t_uint8_t_bfloat16_t	threads	327680x1x1	64x1x1	1	1070	6	1
181	custom_kernel_laguna_sliding_fused_attn_ring_v1_bfloat16_t_bfloat16_t_bfloat16_t_bfloat16_t_bfloat16_t_float_bfloat16_t_bfloat16_t_uint32_tc_floatc_bfloat16_t	threads	32768x1x1	1024x1x1	0	1071	11	1
182	custom_kernel_laguna_gate_sp_h64_v1_bfloat16_t_uint32_t_bfloat16_t_bfloat16_t_bfloat16_t	threads	512x1x1	64x1x1	0	1071	5	1
183	custom_kernel_laguna_oproj_act_h64_v1_lm1_pw1_sc1_se1_bfloat16_t_bfloat16_t_uint32_t_uint8_t_uint8_t_uint8_t_bfloat16_t	threads	16384x1x1	64x1x1	1	1071	7	1
184	custom_kernel_laguna_residual_rms_router_bf16_2048_rpg8_keys_v1_pf1_bfloat16_t_bfloat16_t_bfloat16_t_bfloat16_t_float_bfloat16_t_bfloat16_t_bfloat16_t_uint32_t	threads	16384x1x1	512x1x1	1	1071	9	4
185	custom_kernel_laguna_shared_nvfp4_swiglu_qmv_rows1_halved_bf16_v1_bfloat16_t_uint32_t_uint8_t_bfloat16_t	threads	16384x1x1	64x1x1	1	1071	4	1
186	custom_kernel_laguna_prefill_router_tournament_ordinal_norm_active64_v2_bfloat16_t_float_uint32_t_float	threads	256x1x1	256x1x1	0	1071	4	2
187	custom_kernel_laguna_routed_nvfp4_swiglu_qmv_packed_top8keys_r1_bf16_v2_bfloat16_t_uint32_t_uint8_t_uint32_t_bfloat16_t	threads	131072x1x1	64x1x1	0	1071	5	1
188	custom_kernel_laguna_routed_shared_nvfp4_down_residual_bf16_sh_stage4_v6_bfloat16_t_uint32_t_uint8_t_uint32_t_float_bfloat16_t_uint32_t_uint8_t_bfloat16_t_bfloat16_t	threads	147456x1x1	288x1x1	1	1071	10	1
189	rmsbfloat16	threads	512x1x1	512x1x1	1	1071	3	1
190	custom_kernel_laguna_decode_nvfp4_qkv_h64_r1_v1_lm1_pw1_se1_sd1_bfloat16_t_uint32_t_uint8_t_uint8_t_uint8_t_bfloat16_t	threads	327680x1x1	64x1x1	1	1071	6	1
191	custom_kernel_laguna_sliding_fused_attn_ring_v1_bfloat16_t_bfloat16_t_bfloat16_t_bfloat16_t_bfloat16_t_float_bfloat16_t_bfloat16_t_uint32_tc_floatc_bfloat16_t	threads	32768x1x1	1024x1x1	0	1072	11	1
192	custom_kernel_laguna_gate_sp_h64_v1_bfloat16_t_uint32_t_bfloat16_t_bfloat16_t_bfloat16_t	threads	512x1x1	64x1x1	0	1072	5	1
193	custom_kernel_laguna_oproj_act_h64_v1_lm1_pw1_sc1_se1_bfloat16_t_bfloat16_t_uint32_t_uint8_t_uint8_t_uint8_t_bfloat16_t	threads	16384x1x1	64x1x1	1	1072	7	1
194	custom_kernel_laguna_residual_rms_router_bf16_2048_rpg8_keys_v1_pf1_bfloat16_t_bfloat16_t_bfloat16_t_bfloat16_t_float_bfloat16_t_bfloat16_t_bfloat16_t_uint32_t	threads	16384x1x1	512x1x1	1	1072	9	4
195	custom_kernel_laguna_shared_nvfp4_swiglu_qmv_rows1_halved_bf16_v1_bfloat16_t_uint32_t_uint8_t_bfloat16_t	threads	16384x1x1	64x1x1	1	1072	4	1
196	custom_kernel_laguna_prefill_router_tournament_ordinal_norm_active64_v2_bfloat16_t_float_uint32_t_float	threads	256x1x1	256x1x1	0	1072	4	2
197	custom_kernel_laguna_routed_nvfp4_swiglu_qmv_packed_top8keys_r1_bf16_v2_bfloat16_t_uint32_t_uint8_t_uint32_t_bfloat16_t	threads	131072x1x1	64x1x1	0	1072	5	1
198	custom_kernel_laguna_routed_shared_nvfp4_down_residual_bf16_sh_stage4_v6_bfloat16_t_uint32_t_uint8_t_uint32_t_float_bfloat16_t_uint32_t_uint8_t_bfloat16_t_bfloat16_t	threads	147456x1x1	288x1x1	1	1072	10	1
199	rmsbfloat16	threads	512x1x1	512x1x1	1	1072	3	1
200	custom_kernel_laguna_decode_nvfp4_qkv_h48_r1_v1_lm1_pw1_se1_sd1_bfloat16_t_uint32_t_uint8_t_uint8_t_uint8_t_bfloat16_t	threads	262144x1x1	64x1x1	1	1072	6	1
201	custom_kernel_laguna_full_fused_attn_grow_v1_bfloat16_t_bfloat16_t_bfloat16_t_bfloat16_t_bfloat16_t_float_bfloat16_t_bfloat16_t_uint32_tc_floatc_bfloat16_t	threads	24576x1x1	1024x1x1	1	1072	11	1
202	custom_kernel_laguna_gate_sp_h48_v1_bfloat16_t_uint32_t_bfloat16_t_bfloat16_t_bfloat16_t	threads	384x1x1	64x1x1	0	1073	5	1
203	custom_kernel_laguna_oproj_act_h48_v1_lm1_pw1_sc1_se1_bfloat16_t_bfloat16_t_uint32_t_uint8_t_uint8_t_uint8_t_bfloat16_t	threads	16384x1x1	64x1x1	1	1073	7	1
204	custom_kernel_laguna_residual_rms_router_bf16_2048_rpg8_keys_v1_pf1_bfloat16_t_bfloat16_t_bfloat16_t_bfloat16_t_float_bfloat16_t_bfloat16_t_bfloat16_t_uint32_t	threads	16384x1x1	512x1x1	1	1073	9	4
205	custom_kernel_laguna_shared_nvfp4_swiglu_qmv_rows1_halved_bf16_v1_bfloat16_t_uint32_t_uint8_t_bfloat16_t	threads	16384x1x1	64x1x1	1	1073	4	1
206	custom_kernel_laguna_prefill_router_tournament_ordinal_norm_active64_v2_bfloat16_t_float_uint32_t_float	threads	256x1x1	256x1x1	0	1073	4	2
207	custom_kernel_laguna_routed_nvfp4_swiglu_qmv_packed_top8keys_r1_bf16_v2_bfloat16_t_uint32_t_uint8_t_uint32_t_bfloat16_t	threads	131072x1x1	64x1x1	0	1073	5	1
208	custom_kernel_laguna_routed_shared_nvfp4_down_residual_bf16_sh_stage4_v6_bfloat16_t_uint32_t_uint8_t_uint32_t_float_bfloat16_t_uint32_t_uint8_t_bfloat16_t_bfloat16_t	threads	147456x1x1	288x1x1	1	1073	10	1
209	rmsbfloat16	threads	512x1x1	512x1x1	1	1073	3	1
210	custom_kernel_laguna_decode_nvfp4_qkv_h64_r1_v1_lm1_pw1_se1_sd1_bfloat16_t_uint32_t_uint8_t_uint8_t_uint8_t_bfloat16_t	threads	327680x1x1	64x1x1	1	1073	6	1
211	custom_kernel_laguna_sliding_fused_attn_ring_v1_bfloat16_t_bfloat16_t_bfloat16_t_bfloat16_t_bfloat16_t_float_bfloat16_t_bfloat16_t_uint32_tc_floatc_bfloat16_t	threads	32768x1x1	1024x1x1	1	1073	11	1
212	custom_kernel_laguna_gate_sp_h64_v1_bfloat16_t_uint32_t_bfloat16_t_bfloat16_t_bfloat16_t	threads	512x1x1	64x1x1	0	1073	5	1
213	custom_kernel_laguna_oproj_act_h64_v1_lm1_pw1_sc1_se1_bfloat16_t_bfloat16_t_uint32_t_uint8_t_uint8_t_uint8_t_bfloat16_t	threads	16384x1x1	64x1x1	1	1073	7	1
214	custom_kernel_laguna_residual_rms_router_bf16_2048_rpg8_keys_v1_pf1_bfloat16_t_bfloat16_t_bfloat16_t_bfloat16_t_float_bfloat16_t_bfloat16_t_bfloat16_t_uint32_t	threads	16384x1x1	512x1x1	0	1074	9	4
215	custom_kernel_laguna_shared_nvfp4_swiglu_qmv_rows1_halved_bf16_v1_bfloat16_t_uint32_t_uint8_t_bfloat16_t	threads	16384x1x1	64x1x1	1	1074	4	1
216	custom_kernel_laguna_prefill_router_tournament_ordinal_norm_active64_v2_bfloat16_t_float_uint32_t_float	threads	256x1x1	256x1x1	0	1074	4	2
217	custom_kernel_laguna_routed_nvfp4_swiglu_qmv_packed_top8keys_r1_bf16_v2_bfloat16_t_uint32_t_uint8_t_uint32_t_bfloat16_t	threads	131072x1x1	64x1x1	0	1074	5	1
218	custom_kernel_laguna_routed_shared_nvfp4_down_residual_bf16_sh_stage4_v6_bfloat16_t_uint32_t_uint8_t_uint32_t_float_bfloat16_t_uint32_t_uint8_t_bfloat16_t_bfloat16_t	threads	147456x1x1	288x1x1	1	1074	10	1
219	rmsbfloat16	threads	512x1x1	512x1x1	1	1074	3	1
220	custom_kernel_laguna_decode_nvfp4_qkv_h64_r1_v1_lm1_pw1_se1_sd1_bfloat16_t_uint32_t_uint8_t_uint8_t_uint8_t_bfloat16_t	threads	327680x1x1	64x1x1	1	1074	6	1
221	custom_kernel_laguna_sliding_fused_attn_ring_v1_bfloat16_t_bfloat16_t_bfloat16_t_bfloat16_t_bfloat16_t_float_bfloat16_t_bfloat16_t_uint32_tc_floatc_bfloat16_t	threads	32768x1x1	1024x1x1	1	1074	11	1
222	custom_kernel_laguna_gate_sp_h64_v1_bfloat16_t_uint32_t_bfloat16_t_bfloat16_t_bfloat16_t	threads	512x1x1	64x1x1	0	1074	5	1
223	custom_kernel_laguna_oproj_act_h64_v1_lm1_pw1_sc1_se1_bfloat16_t_bfloat16_t_uint32_t_uint8_t_uint8_t_uint8_t_bfloat16_t	threads	16384x1x1	64x1x1	1	1074	7	1
224	custom_kernel_laguna_residual_rms_router_bf16_2048_rpg8_keys_v1_pf1_bfloat16_t_bfloat16_t_bfloat16_t_bfloat16_t_float_bfloat16_t_bfloat16_t_bfloat16_t_uint32_t	threads	16384x1x1	512x1x1	0	1075	9	4
225	custom_kernel_laguna_shared_nvfp4_swiglu_qmv_rows1_halved_bf16_v1_bfloat16_t_uint32_t_uint8_t_bfloat16_t	threads	16384x1x1	64x1x1	1	1075	4	1
226	custom_kernel_laguna_prefill_router_tournament_ordinal_norm_active64_v2_bfloat16_t_float_uint32_t_float	threads	256x1x1	256x1x1	0	1075	4	2
227	custom_kernel_laguna_routed_nvfp4_swiglu_qmv_packed_top8keys_r1_bf16_v2_bfloat16_t_uint32_t_uint8_t_uint32_t_bfloat16_t	threads	131072x1x1	64x1x1	0	1075	5	1
228	custom_kernel_laguna_routed_shared_nvfp4_down_residual_bf16_sh_stage4_v6_bfloat16_t_uint32_t_uint8_t_uint32_t_float_bfloat16_t_uint32_t_uint8_t_bfloat16_t_bfloat16_t	threads	147456x1x1	288x1x1	1	1075	10	1
229	rmsbfloat16	threads	512x1x1	512x1x1	1	1075	3	1
230	custom_kernel_laguna_decode_nvfp4_qkv_h64_r1_v1_lm1_pw1_se1_sd1_bfloat16_t_uint32_t_uint8_t_uint8_t_uint8_t_bfloat16_t	threads	327680x1x1	64x1x1	1	1075	6	1
231	custom_kernel_laguna_sliding_fused_attn_ring_v1_bfloat16_t_bfloat16_t_bfloat16_t_bfloat16_t_bfloat16_t_float_bfloat16_t_bfloat16_t_uint32_tc_floatc_bfloat16_t	threads	32768x1x1	1024x1x1	1	1075	11	1
232	custom_kernel_laguna_gate_sp_h64_v1_bfloat16_t_uint32_t_bfloat16_t_bfloat16_t_bfloat16_t	threads	512x1x1	64x1x1	0	1075	5	1
233	custom_kernel_laguna_oproj_act_h64_v1_lm1_pw1_sc1_se1_bfloat16_t_bfloat16_t_uint32_t_uint8_t_uint8_t_uint8_t_bfloat16_t	threads	16384x1x1	64x1x1	1	1075	7	1
234	custom_kernel_laguna_residual_rms_router_bf16_2048_rpg8_keys_v1_pf1_bfloat16_t_bfloat16_t_bfloat16_t_bfloat16_t_float_bfloat16_t_bfloat16_t_bfloat16_t_uint32_t	threads	16384x1x1	512x1x1	0	1076	9	4
235	custom_kernel_laguna_shared_nvfp4_swiglu_qmv_rows1_halved_bf16_v1_bfloat16_t_uint32_t_uint8_t_bfloat16_t	threads	16384x1x1	64x1x1	1	1076	4	1
236	custom_kernel_laguna_prefill_router_tournament_ordinal_norm_active64_v2_bfloat16_t_float_uint32_t_float	threads	256x1x1	256x1x1	0	1076	4	2
237	custom_kernel_laguna_routed_nvfp4_swiglu_qmv_packed_top8keys_r1_bf16_v2_bfloat16_t_uint32_t_uint8_t_uint32_t_bfloat16_t	threads	131072x1x1	64x1x1	0	1076	5	1
238	custom_kernel_laguna_routed_shared_nvfp4_down_residual_bf16_sh_stage4_v6_bfloat16_t_uint32_t_uint8_t_uint32_t_float_bfloat16_t_uint32_t_uint8_t_bfloat16_t_bfloat16_t	threads	147456x1x1	288x1x1	1	1076	10	1
239	rmsbfloat16	threads	512x1x1	512x1x1	0	1077	3	1
240	custom_kernel_laguna_decode_nvfp4_qkv_h48_r1_v1_lm1_pw1_se1_sd1_bfloat16_t_uint32_t_uint8_t_uint8_t_uint8_t_bfloat16_t	threads	262144x1x1	64x1x1	1	1077	6	1
241	custom_kernel_laguna_full_fused_attn_grow_v1_bfloat16_t_bfloat16_t_bfloat16_t_bfloat16_t_bfloat16_t_float_bfloat16_t_bfloat16_t_uint32_tc_floatc_bfloat16_t	threads	24576x1x1	1024x1x1	1	1077	11	1
242	custom_kernel_laguna_gate_sp_h48_v1_bfloat16_t_uint32_t_bfloat16_t_bfloat16_t_bfloat16_t	threads	384x1x1	64x1x1	0	1077	5	1
243	custom_kernel_laguna_oproj_act_h48_v1_lm1_pw1_sc1_se1_bfloat16_t_bfloat16_t_uint32_t_uint8_t_uint8_t_uint8_t_bfloat16_t	threads	16384x1x1	64x1x1	1	1077	7	1
244	custom_kernel_laguna_residual_rms_router_bf16_2048_rpg8_keys_v1_pf1_bfloat16_t_bfloat16_t_bfloat16_t_bfloat16_t_float_bfloat16_t_bfloat16_t_bfloat16_t_uint32_t	threads	16384x1x1	512x1x1	1	1077	9	4
245	custom_kernel_laguna_shared_nvfp4_swiglu_qmv_rows1_halved_bf16_v1_bfloat16_t_uint32_t_uint8_t_bfloat16_t	threads	16384x1x1	64x1x1	1	1077	4	1
246	custom_kernel_laguna_prefill_router_tournament_ordinal_norm_active64_v2_bfloat16_t_float_uint32_t_float	threads	256x1x1	256x1x1	0	1077	4	2
247	custom_kernel_laguna_routed_nvfp4_swiglu_qmv_packed_top8keys_r1_bf16_v2_bfloat16_t_uint32_t_uint8_t_uint32_t_bfloat16_t	threads	131072x1x1	64x1x1	0	1077	5	1
248	custom_kernel_laguna_routed_shared_nvfp4_down_residual_bf16_sh_stage4_v6_bfloat16_t_uint32_t_uint8_t_uint32_t_float_bfloat16_t_uint32_t_uint8_t_bfloat16_t_bfloat16_t	threads	147456x1x1	288x1x1	1	1077	10	1
249	rmsbfloat16	threads	512x1x1	512x1x1	1	1077	3	1
250	custom_kernel_laguna_decode_nvfp4_qkv_h64_r1_v1_lm1_pw1_se1_sd1_bfloat16_t_uint32_t_uint8_t_uint8_t_uint8_t_bfloat16_t	threads	327680x1x1	64x1x1	1	1077	6	1
251	custom_kernel_laguna_sliding_fused_attn_ring_v1_bfloat16_t_bfloat16_t_bfloat16_t_bfloat16_t_bfloat16_t_float_bfloat16_t_bfloat16_t_uint32_tc_floatc_bfloat16_t	threads	32768x1x1	1024x1x1	0	1078	11	1
252	custom_kernel_laguna_gate_sp_h64_v1_bfloat16_t_uint32_t_bfloat16_t_bfloat16_t_bfloat16_t	threads	512x1x1	64x1x1	0	1078	5	1
253	custom_kernel_laguna_oproj_act_h64_v1_lm1_pw1_sc1_se1_bfloat16_t_bfloat16_t_uint32_t_uint8_t_uint8_t_uint8_t_bfloat16_t	threads	16384x1x1	64x1x1	1	1078	7	1
254	custom_kernel_laguna_residual_rms_router_bf16_2048_rpg8_keys_v1_pf1_bfloat16_t_bfloat16_t_bfloat16_t_bfloat16_t_float_bfloat16_t_bfloat16_t_bfloat16_t_uint32_t	threads	16384x1x1	512x1x1	1	1078	9	4
255	custom_kernel_laguna_shared_nvfp4_swiglu_qmv_rows1_halved_bf16_v1_bfloat16_t_uint32_t_uint8_t_bfloat16_t	threads	16384x1x1	64x1x1	1	1078	4	1
256	custom_kernel_laguna_prefill_router_tournament_ordinal_norm_active64_v2_bfloat16_t_float_uint32_t_float	threads	256x1x1	256x1x1	0	1078	4	2
257	custom_kernel_laguna_routed_nvfp4_swiglu_qmv_packed_top8keys_r1_bf16_v2_bfloat16_t_uint32_t_uint8_t_uint32_t_bfloat16_t	threads	131072x1x1	64x1x1	0	1078	5	1
258	custom_kernel_laguna_routed_shared_nvfp4_down_residual_bf16_sh_stage4_v6_bfloat16_t_uint32_t_uint8_t_uint32_t_float_bfloat16_t_uint32_t_uint8_t_bfloat16_t_bfloat16_t	threads	147456x1x1	288x1x1	1	1078	10	1
259	rmsbfloat16	threads	512x1x1	512x1x1	1	1078	3	1
260	custom_kernel_laguna_decode_nvfp4_qkv_h64_r1_v1_lm1_pw1_se1_sd1_bfloat16_t_uint32_t_uint8_t_uint8_t_uint8_t_bfloat16_t	threads	327680x1x1	64x1x1	1	1078	6	1
261	custom_kernel_laguna_sliding_fused_attn_ring_v1_bfloat16_t_bfloat16_t_bfloat16_t_bfloat16_t_bfloat16_t_float_bfloat16_t_bfloat16_t_uint32_tc_floatc_bfloat16_t	threads	32768x1x1	1024x1x1	0	1079	11	1
262	custom_kernel_laguna_gate_sp_h64_v1_bfloat16_t_uint32_t_bfloat16_t_bfloat16_t_bfloat16_t	threads	512x1x1	64x1x1	0	1079	5	1
263	custom_kernel_laguna_oproj_act_h64_v1_lm1_pw1_sc1_se1_bfloat16_t_bfloat16_t_uint32_t_uint8_t_uint8_t_uint8_t_bfloat16_t	threads	16384x1x1	64x1x1	1	1079	7	1
264	custom_kernel_laguna_residual_rms_router_bf16_2048_rpg8_keys_v1_pf1_bfloat16_t_bfloat16_t_bfloat16_t_bfloat16_t_float_bfloat16_t_bfloat16_t_bfloat16_t_uint32_t	threads	16384x1x1	512x1x1	1	1079	9	4
265	custom_kernel_laguna_shared_nvfp4_swiglu_qmv_rows1_halved_bf16_v1_bfloat16_t_uint32_t_uint8_t_bfloat16_t	threads	16384x1x1	64x1x1	1	1079	4	1
266	custom_kernel_laguna_prefill_router_tournament_ordinal_norm_active64_v2_bfloat16_t_float_uint32_t_float	threads	256x1x1	256x1x1	0	1079	4	2
267	custom_kernel_laguna_routed_nvfp4_swiglu_qmv_packed_top8keys_r1_bf16_v2_bfloat16_t_uint32_t_uint8_t_uint32_t_bfloat16_t	threads	131072x1x1	64x1x1	0	1079	5	1
268	custom_kernel_laguna_routed_shared_nvfp4_down_residual_bf16_sh_stage4_v6_bfloat16_t_uint32_t_uint8_t_uint32_t_float_bfloat16_t_uint32_t_uint8_t_bfloat16_t_bfloat16_t	threads	147456x1x1	288x1x1	1	1079	10	1
269	rmsbfloat16	threads	512x1x1	512x1x1	1	1079	3	1
270	custom_kernel_laguna_decode_nvfp4_qkv_h64_r1_v1_lm1_pw1_se1_sd1_bfloat16_t_uint32_t_uint8_t_uint8_t_uint8_t_bfloat16_t	threads	327680x1x1	64x1x1	1	1079	6	1
271	custom_kernel_laguna_sliding_fused_attn_ring_v1_bfloat16_t_bfloat16_t_bfloat16_t_bfloat16_t_bfloat16_t_float_bfloat16_t_bfloat16_t_uint32_tc_floatc_bfloat16_t	threads	32768x1x1	1024x1x1	0	1080	11	1
272	custom_kernel_laguna_gate_sp_h64_v1_bfloat16_t_uint32_t_bfloat16_t_bfloat16_t_bfloat16_t	threads	512x1x1	64x1x1	0	1080	5	1
273	custom_kernel_laguna_oproj_act_h64_v1_lm1_pw1_sc1_se1_bfloat16_t_bfloat16_t_uint32_t_uint8_t_uint8_t_uint8_t_bfloat16_t	threads	16384x1x1	64x1x1	1	1080	7	1
274	custom_kernel_laguna_residual_rms_router_bf16_2048_rpg8_keys_v1_pf1_bfloat16_t_bfloat16_t_bfloat16_t_bfloat16_t_float_bfloat16_t_bfloat16_t_bfloat16_t_uint32_t	threads	16384x1x1	512x1x1	1	1080	9	4
275	custom_kernel_laguna_shared_nvfp4_swiglu_qmv_rows1_halved_bf16_v1_bfloat16_t_uint32_t_uint8_t_bfloat16_t	threads	16384x1x1	64x1x1	1	1080	4	1
276	custom_kernel_laguna_prefill_router_tournament_ordinal_norm_active64_v2_bfloat16_t_float_uint32_t_float	threads	256x1x1	256x1x1	0	1080	4	2
277	custom_kernel_laguna_routed_nvfp4_swiglu_qmv_packed_top8keys_r1_bf16_v2_bfloat16_t_uint32_t_uint8_t_uint32_t_bfloat16_t	threads	131072x1x1	64x1x1	0	1080	5	1
278	custom_kernel_laguna_routed_shared_nvfp4_down_residual_bf16_sh_stage4_v6_bfloat16_t_uint32_t_uint8_t_uint32_t_float_bfloat16_t_uint32_t_uint8_t_bfloat16_t_bfloat16_t	threads	147456x1x1	288x1x1	1	1080	10	1
279	rmsbfloat16	threads	512x1x1	512x1x1	1	1080	3	1
280	custom_kernel_laguna_decode_nvfp4_qkv_h48_r1_v1_lm1_pw1_se1_sd1_bfloat16_t_uint32_t_uint8_t_uint8_t_uint8_t_bfloat16_t	threads	262144x1x1	64x1x1	1	1080	6	1
281	custom_kernel_laguna_full_fused_attn_grow_v1_bfloat16_t_bfloat16_t_bfloat16_t_bfloat16_t_bfloat16_t_float_bfloat16_t_bfloat16_t_uint32_tc_floatc_bfloat16_t	threads	24576x1x1	1024x1x1	1	1080	11	1
282	custom_kernel_laguna_gate_sp_h48_v1_bfloat16_t_uint32_t_bfloat16_t_bfloat16_t_bfloat16_t	threads	384x1x1	64x1x1	0	1081	5	1
283	custom_kernel_laguna_oproj_act_h48_v1_lm1_pw1_sc1_se1_bfloat16_t_bfloat16_t_uint32_t_uint8_t_uint8_t_uint8_t_bfloat16_t	threads	16384x1x1	64x1x1	1	1081	7	1
284	custom_kernel_laguna_residual_rms_router_bf16_2048_rpg8_keys_v1_pf1_bfloat16_t_bfloat16_t_bfloat16_t_bfloat16_t_float_bfloat16_t_bfloat16_t_bfloat16_t_uint32_t	threads	16384x1x1	512x1x1	1	1081	9	4
285	custom_kernel_laguna_shared_nvfp4_swiglu_qmv_rows1_halved_bf16_v1_bfloat16_t_uint32_t_uint8_t_bfloat16_t	threads	16384x1x1	64x1x1	1	1081	4	1
286	custom_kernel_laguna_prefill_router_tournament_ordinal_norm_active64_v2_bfloat16_t_float_uint32_t_float	threads	256x1x1	256x1x1	0	1081	4	2
287	custom_kernel_laguna_routed_nvfp4_swiglu_qmv_packed_top8keys_r1_bf16_v2_bfloat16_t_uint32_t_uint8_t_uint32_t_bfloat16_t	threads	131072x1x1	64x1x1	0	1081	5	1
288	custom_kernel_laguna_routed_shared_nvfp4_down_residual_bf16_sh_stage4_v6_bfloat16_t_uint32_t_uint8_t_uint32_t_float_bfloat16_t_uint32_t_uint8_t_bfloat16_t_bfloat16_t	threads	147456x1x1	288x1x1	1	1081	10	1
289	rmsbfloat16	threads	512x1x1	512x1x1	1	1081	3	1
290	custom_kernel_laguna_decode_nvfp4_qkv_h64_r1_v1_lm1_pw1_se1_sd1_bfloat16_t_uint32_t_uint8_t_uint8_t_uint8_t_bfloat16_t	threads	327680x1x1	64x1x1	1	1081	6	1
291	custom_kernel_laguna_sliding_fused_attn_ring_v1_bfloat16_t_bfloat16_t_bfloat16_t_bfloat16_t_bfloat16_t_float_bfloat16_t_bfloat16_t_uint32_tc_floatc_bfloat16_t	threads	32768x1x1	1024x1x1	1	1081	11	1
292	custom_kernel_laguna_gate_sp_h64_v1_bfloat16_t_uint32_t_bfloat16_t_bfloat16_t_bfloat16_t	threads	512x1x1	64x1x1	0	1081	5	1
293	custom_kernel_laguna_oproj_act_h64_v1_lm1_pw1_sc1_se1_bfloat16_t_bfloat16_t_uint32_t_uint8_t_uint8_t_uint8_t_bfloat16_t	threads	16384x1x1	64x1x1	1	1081	7	1
294	custom_kernel_laguna_residual_rms_router_bf16_2048_rpg8_keys_v1_pf1_bfloat16_t_bfloat16_t_bfloat16_t_bfloat16_t_float_bfloat16_t_bfloat16_t_bfloat16_t_uint32_t	threads	16384x1x1	512x1x1	0	1082	9	4
295	custom_kernel_laguna_shared_nvfp4_swiglu_qmv_rows1_halved_bf16_v1_bfloat16_t_uint32_t_uint8_t_bfloat16_t	threads	16384x1x1	64x1x1	1	1082	4	1
296	custom_kernel_laguna_prefill_router_tournament_ordinal_norm_active64_v2_bfloat16_t_float_uint32_t_float	threads	256x1x1	256x1x1	0	1082	4	2
297	custom_kernel_laguna_routed_nvfp4_swiglu_qmv_packed_top8keys_r1_bf16_v2_bfloat16_t_uint32_t_uint8_t_uint32_t_bfloat16_t	threads	131072x1x1	64x1x1	0	1082	5	1
298	custom_kernel_laguna_routed_shared_nvfp4_down_residual_bf16_sh_stage4_v6_bfloat16_t_uint32_t_uint8_t_uint32_t_float_bfloat16_t_uint32_t_uint8_t_bfloat16_t_bfloat16_t	threads	147456x1x1	288x1x1	1	1082	10	1
299	rmsbfloat16	threads	512x1x1	512x1x1	1	1082	3	1
300	custom_kernel_laguna_decode_nvfp4_qkv_h64_r1_v1_lm1_pw1_se1_sd1_bfloat16_t_uint32_t_uint8_t_uint8_t_uint8_t_bfloat16_t	threads	327680x1x1	64x1x1	1	1082	6	1
301	custom_kernel_laguna_sliding_fused_attn_ring_v1_bfloat16_t_bfloat16_t_bfloat16_t_bfloat16_t_bfloat16_t_float_bfloat16_t_bfloat16_t_uint32_tc_floatc_bfloat16_t	threads	32768x1x1	1024x1x1	1	1082	11	1
302	custom_kernel_laguna_gate_sp_h64_v1_bfloat16_t_uint32_t_bfloat16_t_bfloat16_t_bfloat16_t	threads	512x1x1	64x1x1	0	1082	5	1
303	custom_kernel_laguna_oproj_act_h64_v1_lm1_pw1_sc1_se1_bfloat16_t_bfloat16_t_uint32_t_uint8_t_uint8_t_uint8_t_bfloat16_t	threads	16384x1x1	64x1x1	1	1082	7	1
304	custom_kernel_laguna_residual_rms_router_bf16_2048_rpg8_keys_v1_pf1_bfloat16_t_bfloat16_t_bfloat16_t_bfloat16_t_float_bfloat16_t_bfloat16_t_bfloat16_t_uint32_t	threads	16384x1x1	512x1x1	0	1083	9	4
305	custom_kernel_laguna_shared_nvfp4_swiglu_qmv_rows1_halved_bf16_v1_bfloat16_t_uint32_t_uint8_t_bfloat16_t	threads	16384x1x1	64x1x1	1	1083	4	1
306	custom_kernel_laguna_prefill_router_tournament_ordinal_norm_active64_v2_bfloat16_t_float_uint32_t_float	threads	256x1x1	256x1x1	0	1083	4	2
307	custom_kernel_laguna_routed_nvfp4_swiglu_qmv_packed_top8keys_r1_bf16_v2_bfloat16_t_uint32_t_uint8_t_uint32_t_bfloat16_t	threads	131072x1x1	64x1x1	0	1083	5	1
308	custom_kernel_laguna_routed_shared_nvfp4_down_residual_bf16_sh_stage4_v6_bfloat16_t_uint32_t_uint8_t_uint32_t_float_bfloat16_t_uint32_t_uint8_t_bfloat16_t_bfloat16_t	threads	147456x1x1	288x1x1	1	1083	10	1
309	rmsbfloat16	threads	512x1x1	512x1x1	1	1083	3	1
310	custom_kernel_laguna_decode_nvfp4_qkv_h64_r1_v1_lm1_pw1_se1_sd1_bfloat16_t_uint32_t_uint8_t_uint8_t_uint8_t_bfloat16_t	threads	327680x1x1	64x1x1	1	1083	6	1
311	custom_kernel_laguna_sliding_fused_attn_ring_v1_bfloat16_t_bfloat16_t_bfloat16_t_bfloat16_t_bfloat16_t_float_bfloat16_t_bfloat16_t_uint32_tc_floatc_bfloat16_t	threads	32768x1x1	1024x1x1	1	1083	11	1
312	custom_kernel_laguna_gate_sp_h64_v1_bfloat16_t_uint32_t_bfloat16_t_bfloat16_t_bfloat16_t	threads	512x1x1	64x1x1	0	1083	5	1
313	custom_kernel_laguna_oproj_act_h64_v1_lm1_pw1_sc1_se1_bfloat16_t_bfloat16_t_uint32_t_uint8_t_uint8_t_uint8_t_bfloat16_t	threads	16384x1x1	64x1x1	1	1083	7	1
314	custom_kernel_laguna_residual_rms_router_bf16_2048_rpg8_keys_v1_pf1_bfloat16_t_bfloat16_t_bfloat16_t_bfloat16_t_float_bfloat16_t_bfloat16_t_bfloat16_t_uint32_t	threads	16384x1x1	512x1x1	0	1084	9	4
315	custom_kernel_laguna_shared_nvfp4_swiglu_qmv_rows1_halved_bf16_v1_bfloat16_t_uint32_t_uint8_t_bfloat16_t	threads	16384x1x1	64x1x1	1	1084	4	1
316	custom_kernel_laguna_prefill_router_tournament_ordinal_norm_active64_v2_bfloat16_t_float_uint32_t_float	threads	256x1x1	256x1x1	0	1084	4	2
317	custom_kernel_laguna_routed_nvfp4_swiglu_qmv_packed_top8keys_r1_bf16_v2_bfloat16_t_uint32_t_uint8_t_uint32_t_bfloat16_t	threads	131072x1x1	64x1x1	0	1084	5	1
318	custom_kernel_laguna_routed_shared_nvfp4_down_residual_bf16_sh_stage4_v6_bfloat16_t_uint32_t_uint8_t_uint32_t_float_bfloat16_t_uint32_t_uint8_t_bfloat16_t_bfloat16_t	threads	147456x1x1	288x1x1	1	1084	10	1
319	rmsbfloat16	threads	512x1x1	512x1x1	0	1085	3	1
320	custom_kernel_laguna_decode_nvfp4_qkv_h48_r1_v1_lm1_pw1_se1_sd1_bfloat16_t_uint32_t_uint8_t_uint8_t_uint8_t_bfloat16_t	threads	262144x1x1	64x1x1	1	1085	6	1
321	custom_kernel_laguna_full_fused_attn_grow_v1_bfloat16_t_bfloat16_t_bfloat16_t_bfloat16_t_bfloat16_t_float_bfloat16_t_bfloat16_t_uint32_tc_floatc_bfloat16_t	threads	24576x1x1	1024x1x1	1	1085	11	1
322	custom_kernel_laguna_gate_sp_h48_v1_bfloat16_t_uint32_t_bfloat16_t_bfloat16_t_bfloat16_t	threads	384x1x1	64x1x1	0	1085	5	1
323	custom_kernel_laguna_oproj_act_h48_v1_lm1_pw1_sc1_se1_bfloat16_t_bfloat16_t_uint32_t_uint8_t_uint8_t_uint8_t_bfloat16_t	threads	16384x1x1	64x1x1	1	1085	7	1
324	custom_kernel_laguna_residual_rms_router_bf16_2048_rpg8_keys_v1_pf1_bfloat16_t_bfloat16_t_bfloat16_t_bfloat16_t_float_bfloat16_t_bfloat16_t_bfloat16_t_uint32_t	threads	16384x1x1	512x1x1	1	1085	9	4
325	custom_kernel_laguna_shared_nvfp4_swiglu_qmv_rows1_halved_bf16_v1_bfloat16_t_uint32_t_uint8_t_bfloat16_t	threads	16384x1x1	64x1x1	1	1085	4	1
326	custom_kernel_laguna_prefill_router_tournament_ordinal_norm_active64_v2_bfloat16_t_float_uint32_t_float	threads	256x1x1	256x1x1	0	1085	4	2
327	custom_kernel_laguna_routed_nvfp4_swiglu_qmv_packed_top8keys_r1_bf16_v2_bfloat16_t_uint32_t_uint8_t_uint32_t_bfloat16_t	threads	131072x1x1	64x1x1	0	1085	5	1
328	custom_kernel_laguna_routed_shared_nvfp4_down_residual_bf16_sh_stage4_v6_bfloat16_t_uint32_t_uint8_t_uint32_t_float_bfloat16_t_uint32_t_uint8_t_bfloat16_t_bfloat16_t	threads	147456x1x1	288x1x1	1	1085	10	1
329	rmsbfloat16	threads	512x1x1	512x1x1	1	1085	3	1
330	custom_kernel_laguna_decode_nvfp4_qkv_h64_r1_v1_lm1_pw1_se1_sd1_bfloat16_t_uint32_t_uint8_t_uint8_t_uint8_t_bfloat16_t	threads	327680x1x1	64x1x1	1	1085	6	1
331	custom_kernel_laguna_sliding_fused_attn_ring_v1_bfloat16_t_bfloat16_t_bfloat16_t_bfloat16_t_bfloat16_t_float_bfloat16_t_bfloat16_t_uint32_tc_floatc_bfloat16_t	threads	32768x1x1	1024x1x1	0	1086	11	1
332	custom_kernel_laguna_gate_sp_h64_v1_bfloat16_t_uint32_t_bfloat16_t_bfloat16_t_bfloat16_t	threads	512x1x1	64x1x1	0	1086	5	1
333	custom_kernel_laguna_oproj_act_h64_v1_lm1_pw1_sc1_se1_bfloat16_t_bfloat16_t_uint32_t_uint8_t_uint8_t_uint8_t_bfloat16_t	threads	16384x1x1	64x1x1	1	1086	7	1
334	custom_kernel_laguna_residual_rms_router_bf16_2048_rpg8_keys_v1_pf1_bfloat16_t_bfloat16_t_bfloat16_t_bfloat16_t_float_bfloat16_t_bfloat16_t_bfloat16_t_uint32_t	threads	16384x1x1	512x1x1	1	1086	9	4
335	custom_kernel_laguna_shared_nvfp4_swiglu_qmv_rows1_halved_bf16_v1_bfloat16_t_uint32_t_uint8_t_bfloat16_t	threads	16384x1x1	64x1x1	1	1086	4	1
336	custom_kernel_laguna_prefill_router_tournament_ordinal_norm_active64_v2_bfloat16_t_float_uint32_t_float	threads	256x1x1	256x1x1	0	1086	4	2
337	custom_kernel_laguna_routed_nvfp4_swiglu_qmv_packed_top8keys_r1_bf16_v2_bfloat16_t_uint32_t_uint8_t_uint32_t_bfloat16_t	threads	131072x1x1	64x1x1	0	1086	5	1
338	custom_kernel_laguna_routed_shared_nvfp4_down_residual_bf16_sh_stage4_v6_bfloat16_t_uint32_t_uint8_t_uint32_t_float_bfloat16_t_uint32_t_uint8_t_bfloat16_t_bfloat16_t	threads	147456x1x1	288x1x1	1	1086	10	1
339	rmsbfloat16	threads	512x1x1	512x1x1	1	1086	3	1
340	custom_kernel_laguna_decode_nvfp4_qkv_h64_r1_v1_lm1_pw1_se1_sd1_bfloat16_t_uint32_t_uint8_t_uint8_t_uint8_t_bfloat16_t	threads	327680x1x1	64x1x1	1	1086	6	1
341	custom_kernel_laguna_sliding_fused_attn_ring_v1_bfloat16_t_bfloat16_t_bfloat16_t_bfloat16_t_bfloat16_t_float_bfloat16_t_bfloat16_t_uint32_tc_floatc_bfloat16_t	threads	32768x1x1	1024x1x1	0	1087	11	1
342	custom_kernel_laguna_gate_sp_h64_v1_bfloat16_t_uint32_t_bfloat16_t_bfloat16_t_bfloat16_t	threads	512x1x1	64x1x1	0	1087	5	1
343	custom_kernel_laguna_oproj_act_h64_v1_lm1_pw1_sc1_se1_bfloat16_t_bfloat16_t_uint32_t_uint8_t_uint8_t_uint8_t_bfloat16_t	threads	16384x1x1	64x1x1	1	1087	7	1
344	custom_kernel_laguna_residual_rms_router_bf16_2048_rpg8_keys_v1_pf1_bfloat16_t_bfloat16_t_bfloat16_t_bfloat16_t_float_bfloat16_t_bfloat16_t_bfloat16_t_uint32_t	threads	16384x1x1	512x1x1	1	1087	9	4
345	custom_kernel_laguna_shared_nvfp4_swiglu_qmv_rows1_halved_bf16_v1_bfloat16_t_uint32_t_uint8_t_bfloat16_t	threads	16384x1x1	64x1x1	1	1087	4	1
346	custom_kernel_laguna_prefill_router_tournament_ordinal_norm_active64_v2_bfloat16_t_float_uint32_t_float	threads	256x1x1	256x1x1	0	1087	4	2
347	custom_kernel_laguna_routed_nvfp4_swiglu_qmv_packed_top8keys_r1_bf16_v2_bfloat16_t_uint32_t_uint8_t_uint32_t_bfloat16_t	threads	131072x1x1	64x1x1	0	1087	5	1
348	custom_kernel_laguna_routed_shared_nvfp4_down_residual_bf16_sh_stage4_v6_bfloat16_t_uint32_t_uint8_t_uint32_t_float_bfloat16_t_uint32_t_uint8_t_bfloat16_t_bfloat16_t	threads	147456x1x1	288x1x1	1	1087	10	1
349	rmsbfloat16	threads	512x1x1	512x1x1	1	1087	3	1
350	custom_kernel_laguna_decode_nvfp4_qkv_h64_r1_v1_lm1_pw1_se1_sd1_bfloat16_t_uint32_t_uint8_t_uint8_t_uint8_t_bfloat16_t	threads	327680x1x1	64x1x1	1	1087	6	1
351	custom_kernel_laguna_sliding_fused_attn_ring_v1_bfloat16_t_bfloat16_t_bfloat16_t_bfloat16_t_bfloat16_t_float_bfloat16_t_bfloat16_t_uint32_tc_floatc_bfloat16_t	threads	32768x1x1	1024x1x1	0	1088	11	1
352	custom_kernel_laguna_gate_sp_h64_v1_bfloat16_t_uint32_t_bfloat16_t_bfloat16_t_bfloat16_t	threads	512x1x1	64x1x1	0	1088	5	1
353	custom_kernel_laguna_oproj_act_h64_v1_lm1_pw1_sc1_se1_bfloat16_t_bfloat16_t_uint32_t_uint8_t_uint8_t_uint8_t_bfloat16_t	threads	16384x1x1	64x1x1	1	1088	7	1
354	custom_kernel_laguna_residual_rms_router_bf16_2048_rpg8_keys_v1_pf1_bfloat16_t_bfloat16_t_bfloat16_t_bfloat16_t_float_bfloat16_t_bfloat16_t_bfloat16_t_uint32_t	threads	16384x1x1	512x1x1	1	1088	9	4
355	custom_kernel_laguna_shared_nvfp4_swiglu_qmv_rows1_halved_bf16_v1_bfloat16_t_uint32_t_uint8_t_bfloat16_t	threads	16384x1x1	64x1x1	1	1088	4	1
356	custom_kernel_laguna_prefill_router_tournament_ordinal_norm_active64_v2_bfloat16_t_float_uint32_t_float	threads	256x1x1	256x1x1	0	1088	4	2
357	custom_kernel_laguna_routed_nvfp4_swiglu_qmv_packed_top8keys_r1_bf16_v2_bfloat16_t_uint32_t_uint8_t_uint32_t_bfloat16_t	threads	131072x1x1	64x1x1	0	1088	5	1
358	custom_kernel_laguna_routed_shared_nvfp4_down_residual_bf16_sh_stage4_v6_bfloat16_t_uint32_t_uint8_t_uint32_t_float_bfloat16_t_uint32_t_uint8_t_bfloat16_t_bfloat16_t	threads	147456x1x1	288x1x1	1	1088	10	1
359	rmsbfloat16	threads	512x1x1	512x1x1	1	1088	3	1
360	custom_kernel_laguna_decode_nvfp4_qkv_h48_r1_v1_lm1_pw1_se1_sd1_bfloat16_t_uint32_t_uint8_t_uint8_t_uint8_t_bfloat16_t	threads	262144x1x1	64x1x1	1	1088	6	1
361	custom_kernel_laguna_full_fused_attn_grow_v1_bfloat16_t_bfloat16_t_bfloat16_t_bfloat16_t_bfloat16_t_float_bfloat16_t_bfloat16_t_uint32_tc_floatc_bfloat16_t	threads	24576x1x1	1024x1x1	1	1088	11	1
362	custom_kernel_laguna_gate_sp_h48_v1_bfloat16_t_uint32_t_bfloat16_t_bfloat16_t_bfloat16_t	threads	384x1x1	64x1x1	0	1089	5	1
363	custom_kernel_laguna_oproj_act_h48_v1_lm1_pw1_sc1_se1_bfloat16_t_bfloat16_t_uint32_t_uint8_t_uint8_t_uint8_t_bfloat16_t	threads	16384x1x1	64x1x1	1	1089	7	1
364	custom_kernel_laguna_residual_rms_router_bf16_2048_rpg8_keys_v1_pf1_bfloat16_t_bfloat16_t_bfloat16_t_bfloat16_t_float_bfloat16_t_bfloat16_t_bfloat16_t_uint32_t	threads	16384x1x1	512x1x1	1	1089	9	4
365	custom_kernel_laguna_shared_nvfp4_swiglu_qmv_rows1_halved_bf16_v1_bfloat16_t_uint32_t_uint8_t_bfloat16_t	threads	16384x1x1	64x1x1	1	1089	4	1
366	custom_kernel_laguna_prefill_router_tournament_ordinal_norm_active64_v2_bfloat16_t_float_uint32_t_float	threads	256x1x1	256x1x1	0	1089	4	2
367	custom_kernel_laguna_routed_nvfp4_swiglu_qmv_packed_top8keys_r1_bf16_v2_bfloat16_t_uint32_t_uint8_t_uint32_t_bfloat16_t	threads	131072x1x1	64x1x1	0	1089	5	1
368	custom_kernel_laguna_routed_shared_nvfp4_down_residual_bf16_sh_stage4_v6_bfloat16_t_uint32_t_uint8_t_uint32_t_float_bfloat16_t_uint32_t_uint8_t_bfloat16_t_bfloat16_t	threads	147456x1x1	288x1x1	1	1089	10	1
369	rmsbfloat16	threads	512x1x1	512x1x1	1	1089	3	1
370	custom_kernel_laguna_decode_nvfp4_qkv_h64_r1_v1_lm1_pw1_se1_sd1_bfloat16_t_uint32_t_uint8_t_uint8_t_uint8_t_bfloat16_t	threads	327680x1x1	64x1x1	1	1089	6	1
371	custom_kernel_laguna_sliding_fused_attn_ring_v1_bfloat16_t_bfloat16_t_bfloat16_t_bfloat16_t_bfloat16_t_float_bfloat16_t_bfloat16_t_uint32_tc_floatc_bfloat16_t	threads	32768x1x1	1024x1x1	1	1089	11	1
372	custom_kernel_laguna_gate_sp_h64_v1_bfloat16_t_uint32_t_bfloat16_t_bfloat16_t_bfloat16_t	threads	512x1x1	64x1x1	0	1089	5	1
373	custom_kernel_laguna_oproj_act_h64_v1_lm1_pw1_sc1_se1_bfloat16_t_bfloat16_t_uint32_t_uint8_t_uint8_t_uint8_t_bfloat16_t	threads	16384x1x1	64x1x1	1	1089	7	1
374	custom_kernel_laguna_residual_rms_router_bf16_2048_rpg8_keys_v1_pf1_bfloat16_t_bfloat16_t_bfloat16_t_bfloat16_t_float_bfloat16_t_bfloat16_t_bfloat16_t_uint32_t	threads	16384x1x1	512x1x1	0	1090	9	4
375	custom_kernel_laguna_shared_nvfp4_swiglu_qmv_rows1_halved_bf16_v1_bfloat16_t_uint32_t_uint8_t_bfloat16_t	threads	16384x1x1	64x1x1	1	1090	4	1
376	custom_kernel_laguna_prefill_router_tournament_ordinal_norm_active64_v2_bfloat16_t_float_uint32_t_float	threads	256x1x1	256x1x1	0	1090	4	2
377	custom_kernel_laguna_routed_nvfp4_swiglu_qmv_packed_top8keys_r1_bf16_v2_bfloat16_t_uint32_t_uint8_t_uint32_t_bfloat16_t	threads	131072x1x1	64x1x1	0	1090	5	1
378	custom_kernel_laguna_routed_shared_nvfp4_down_residual_bf16_sh_stage4_v6_bfloat16_t_uint32_t_uint8_t_uint32_t_float_bfloat16_t_uint32_t_uint8_t_bfloat16_t_bfloat16_t	threads	147456x1x1	288x1x1	1	1090	10	1
379	rmsbfloat16	threads	512x1x1	512x1x1	1	1090	3	1
380	custom_kernel_laguna_decode_nvfp4_qkv_h64_r1_v1_lm1_pw1_se1_sd1_bfloat16_t_uint32_t_uint8_t_uint8_t_uint8_t_bfloat16_t	threads	327680x1x1	64x1x1	1	1090	6	1
381	custom_kernel_laguna_sliding_fused_attn_ring_v1_bfloat16_t_bfloat16_t_bfloat16_t_bfloat16_t_bfloat16_t_float_bfloat16_t_bfloat16_t_uint32_tc_floatc_bfloat16_t	threads	32768x1x1	1024x1x1	1	1090	11	1
382	custom_kernel_laguna_gate_sp_h64_v1_bfloat16_t_uint32_t_bfloat16_t_bfloat16_t_bfloat16_t	threads	512x1x1	64x1x1	0	1090	5	1
383	custom_kernel_laguna_oproj_act_h64_v1_lm1_pw1_sc1_se1_bfloat16_t_bfloat16_t_uint32_t_uint8_t_uint8_t_uint8_t_bfloat16_t	threads	16384x1x1	64x1x1	1	1090	7	1
384	custom_kernel_laguna_residual_rms_router_bf16_2048_rpg8_keys_v1_pf1_bfloat16_t_bfloat16_t_bfloat16_t_bfloat16_t_float_bfloat16_t_bfloat16_t_bfloat16_t_uint32_t	threads	16384x1x1	512x1x1	0	1091	9	4
385	custom_kernel_laguna_shared_nvfp4_swiglu_qmv_rows1_halved_bf16_v1_bfloat16_t_uint32_t_uint8_t_bfloat16_t	threads	16384x1x1	64x1x1	1	1091	4	1
386	custom_kernel_laguna_prefill_router_tournament_ordinal_norm_active64_v2_bfloat16_t_float_uint32_t_float	threads	256x1x1	256x1x1	0	1091	4	2
387	custom_kernel_laguna_routed_nvfp4_swiglu_qmv_packed_top8keys_r1_bf16_v2_bfloat16_t_uint32_t_uint8_t_uint32_t_bfloat16_t	threads	131072x1x1	64x1x1	0	1091	5	1
388	custom_kernel_laguna_routed_shared_nvfp4_down_residual_bf16_sh_stage4_v6_bfloat16_t_uint32_t_uint8_t_uint32_t_float_bfloat16_t_uint32_t_uint8_t_bfloat16_t_bfloat16_t	threads	147456x1x1	288x1x1	1	1091	10	1
389	rmsbfloat16	threads	512x1x1	512x1x1	1	1091	3	1
390	custom_kernel_laguna_decode_nvfp4_qkv_h64_r1_v1_lm1_pw1_se1_sd1_bfloat16_t_uint32_t_uint8_t_uint8_t_uint8_t_bfloat16_t	threads	327680x1x1	64x1x1	1	1091	6	1
391	custom_kernel_laguna_sliding_fused_attn_ring_v1_bfloat16_t_bfloat16_t_bfloat16_t_bfloat16_t_bfloat16_t_float_bfloat16_t_bfloat16_t_uint32_tc_floatc_bfloat16_t	threads	32768x1x1	1024x1x1	1	1091	11	1
392	custom_kernel_laguna_gate_sp_h64_v1_bfloat16_t_uint32_t_bfloat16_t_bfloat16_t_bfloat16_t	threads	512x1x1	64x1x1	0	1091	5	1
393	custom_kernel_laguna_oproj_act_h64_v1_lm1_pw1_sc1_se1_bfloat16_t_bfloat16_t_uint32_t_uint8_t_uint8_t_uint8_t_bfloat16_t	threads	16384x1x1	64x1x1	1	1091	7	1
394	custom_kernel_laguna_residual_rms_router_bf16_2048_rpg8_keys_v1_pf1_bfloat16_t_bfloat16_t_bfloat16_t_bfloat16_t_float_bfloat16_t_bfloat16_t_bfloat16_t_uint32_t	threads	16384x1x1	512x1x1	0	1092	9	4
395	custom_kernel_laguna_shared_nvfp4_swiglu_qmv_rows1_halved_bf16_v1_bfloat16_t_uint32_t_uint8_t_bfloat16_t	threads	16384x1x1	64x1x1	1	1092	4	1
396	custom_kernel_laguna_prefill_router_tournament_ordinal_norm_active64_v2_bfloat16_t_float_uint32_t_float	threads	256x1x1	256x1x1	0	1092	4	2
397	custom_kernel_laguna_routed_nvfp4_swiglu_qmv_packed_top8keys_r1_bf16_v2_bfloat16_t_uint32_t_uint8_t_uint32_t_bfloat16_t	threads	131072x1x1	64x1x1	0	1092	5	1
398	custom_kernel_laguna_routed_shared_nvfp4_down_residual_bf16_sh_stage4_v6_bfloat16_t_uint32_t_uint8_t_uint32_t_float_bfloat16_t_uint32_t_uint8_t_bfloat16_t_bfloat16_t	threads	147456x1x1	288x1x1	1	1092	10	1
399	rmsbfloat16	threads	512x1x1	512x1x1	0	1093	3	1
400	custom_kernel_laguna_lmhead_int5_base_coarse_delta_bf16_v1_bfloat16_t_uint8_t_uint8_t_float_bfloat16_t	threads	3211264x1x1	512x1x1	1	1093	5	2
401	custom_kernel_laguna_lmhead_coarse_argmax_stage1_v5_float_float_uint32_t	threads	224x128x1	224x1x1	1	1093	3	2
402	custom_kernel_laguna_lmhead_exact_winner_bf16_midpoint_threshold_v1_float_uint32_t_bfloat16_t_bfloat16_t_float	threads	32x1x1	32x1x1	1	1093	5	1
403	custom_kernel_laguna_lmhead_exact_fused_int5_sparse_refine_v1_float_bfloat16_t_floatc_bfloat16_t_bfloat16_t_uint8_t_uint8_t_bfloat16_t	threads	802816x1x1	256x1x1	0	1094	8	1
404	gather_frontbfloat16_int32_int_2	threads	50176x1x1	1024x1x1	0	1095	3	1
405	argmax_bfloat16	threads	1024x1x1	1024x1x1	1	1095	2	1
406	gather_frontbfloat16_int32_int_2	threads	50176x1x1	1024x1x1	0	1096	3	1
407	vn_copybfloat16float32	threads	50176x1x1	1024x1x1	0	1097	2	1
