component	revision	sha256	bytes	path
git-index-tree	OLD	fe3d95764c6fdf92114267d589e8018e4f515133495fbbf2d980732048fcdcdb	-	Sources+Vendor+Package.swift+benchmark.json
git-index-tree	NEW	f65b09e66f716ee14f3048b018401c2d37669d3f09b2c9e784339436b7f54a25	-	Sources+Vendor+Package.swift+benchmark.json
source	OLD	af68d683b851fa41cae541e2c8c5c4d521b1778b5fcb9f04abe5e257337dea30	44418	Sources/MLXFastModel/LagunaConfig.swift
source	NEW	0a46d3dba4f3190fc147a09800ee001e8d1b3c757ce37b11c1c76d880f226cae	44726	Sources/MLXFastModel/LagunaConfig.swift
source	OLD	b088a6753fa19ffcf09f39a59f139c81529e0ddd661e30de19d46f56eb15b8c1	112578	Sources/MLXFastModel/LagunaRuntimeLayers.swift
source	NEW	e3b0c44298fc1c149afbf4c8996fb92427ae41e4649b934ca495991b7852b855	0	Sources/MLXFastModel/LagunaRuntimeLayers.swift
source	OLD	119a17bc51b5afb3c348648c861e3dccd4011361a1031a53e954ddcfa23766ea	398661	Sources/MLXFastModel/LagunaRuntimeModel.swift
source	NEW	1e0c7d433078fe1d97d126b71a3165691f2cafe754548abda5a4888093567a58	519236	Sources/MLXFastModel/LagunaRuntimeModel.swift
source	OLD	e3b0c44298fc1c149afbf4c8996fb92427ae41e4649b934ca495991b7852b855	0	Sources/MLXFastTransform/AffineMetadataCoding.swift
source	NEW	63904fb512ee0023d9f928098c0f2cdd7e1b034a92f5ed58696c2df7714e8e53	16378	Sources/MLXFastTransform/AffineMetadataCoding.swift
source	OLD	e3b0c44298fc1c149afbf4c8996fb92427ae41e4649b934ca495991b7852b855	0	Sources/MLXFastTransform/TiedHeadMetadataCoding.swift
source	NEW	41a5dcbb348c828237d1f28b8b5841be54e3c964b81c0fcb1c07b4f0e6f6daf6	15627	Sources/MLXFastTransform/TiedHeadMetadataCoding.swift
source	OLD	fb3b82cc74033fa8d8419648a1d9dc7e1d21c60b534f7b129186d631d5b26d99	26559	Sources/MLXFastTransform/Transform.swift
source	NEW	c9a728438443a9b3e94b8303a07b099369915e96e0da7744fb6a94bcc948d27d	28787	Sources/MLXFastTransform/Transform.swift
source	OLD	e9ecceb19b7b3c0cace50db2188af463f235082bd37a17c228d7410aecbb5181	23040	Vendor/mlx-swift-lm/Libraries/MLXLLM/Models/Laguna.swift
source	NEW	289ec7612aa7e8a271cfc275ebd435b2b62b772832bae072c6b8dcda66e35813	20491	Vendor/mlx-swift-lm/Libraries/MLXLLM/Models/Laguna.swift
source	OLD	7d95855712ff3c1bf51c26593060c0266fccc9c3303f5998071f013d4d2e6eb4	6691	Vendor/mlx-swift-lm/Libraries/MLXLMCommon/AttentionUtils.swift
source	NEW	9e3977db501554403527ec92a5860cc3eb91d87a292eec946b115cf3b83a972f	3013	Vendor/mlx-swift-lm/Libraries/MLXLMCommon/AttentionUtils.swift
source	OLD	789c3af56a2b6823da415f305be7ce038e02b7080d8ebbe8a9422773e694211f	6859	Vendor/mlx-swift-lm/Libraries/MLXLMCommon/BaseConfiguration.swift
source	NEW	f9b8dd57b13c1988d9319e9b15a29bb321f0537826137141d292bf9f6f63d0c1	4818	Vendor/mlx-swift-lm/Libraries/MLXLMCommon/BaseConfiguration.swift
source	OLD	6b9a644d03ddf1b1787cdd46ece63391631ab573150e43546dc8418f24c64eb8	37146	Vendor/mlx-swift-lm/Libraries/MLXLMCommon/BatchKVCache.swift
source	NEW	3aeb546d6fed444f825572e481638ddb61379b7b627d411d7e7a10b20803abd6	29644	Vendor/mlx-swift-lm/Libraries/MLXLMCommon/BatchKVCache.swift
source	OLD	d66416dbabd5ac34f898a7cd8dbe885556ec18082bdd9fe3d5bf9e18fc583f5c	9170	Vendor/mlx-swift-lm/Libraries/MLXLMCommon/CompilableKVCache.swift
source	NEW	176ed98b0bf31598faba6bbba0bf6a501cbb196d53559179f0d6553bf7d338db	6626	Vendor/mlx-swift-lm/Libraries/MLXLMCommon/CompilableKVCache.swift
source	OLD	36620ec604ea4a0b3a22a3d68d2289a7db0529d5c5a41889cb21978b3165b3a8	8418	Vendor/mlx-swift-lm/Libraries/MLXLMCommon/CompilableRotatingKVCache.swift
source	NEW	5a91d119716b5c1fe7ae0f26ccd6ab04bdd4285bca0f43931a37abcfcea6086c	4746	Vendor/mlx-swift-lm/Libraries/MLXLMCommon/CompilableRotatingKVCache.swift
source	OLD	768fbfab215d0e1424527c2696714844ac2ce2d1bd5acb317aa985b3d5a1994c	11686	Vendor/mlx-swift-lm/Libraries/MLXLMCommon/CompiledDecode.swift
source	NEW	f61bde834188d0e81631d9c51f35ba99fc0900e65f4f8b03f5ebc0899be42d40	9253	Vendor/mlx-swift-lm/Libraries/MLXLMCommon/CompiledDecode.swift
source	OLD	37b438238b8b20311d33d4fc87ea0ff1c075e2cbf33a1301f6e937548c831ee1	2860	Vendor/mlx-swift-lm/Libraries/MLXLMCommon/DynamicSlice.swift
source	NEW	46731fd011582a9bcf7444e35ef66f046b3d15d4f1ceacc372f375c4bf06c66f	1197	Vendor/mlx-swift-lm/Libraries/MLXLMCommon/DynamicSlice.swift
source	OLD	aa60b17ca80a466241170c8e3e8e8de45e87e2cc197be6b38229097918a83b43	48319	Vendor/mlx-swift-lm/Libraries/MLXLMCommon/Evaluate.swift
source	NEW	7db439565b5255a1890497b8883ba66bfb89b3f49c648f23da409a36d373e266	47946	Vendor/mlx-swift-lm/Libraries/MLXLMCommon/Evaluate.swift
source	OLD	a1cb06c8c0ba600ea96c4d9e9599dbda0e760abd092208742de275fb8c9a5bf0	4657	Vendor/mlx-swift-lm/Libraries/MLXLMCommon/JSONDecodingTypes.swift
source	NEW	18a47e5c84b6cb0092cd0b010b0a736532e730c0247605d4239eb0c8abde1660	3685	Vendor/mlx-swift-lm/Libraries/MLXLMCommon/JSONDecodingTypes.swift
source	OLD	81090af72569ad14187689157b4eb3c5a091c027545fee464b37a1d13889d0d6	68533	Vendor/mlx-swift-lm/Libraries/MLXLMCommon/KVCache.swift
source	NEW	829a2644f6690434f480686017f4b03e3d5d0279c52b1eb8b429f540bacd3281	57010	Vendor/mlx-swift-lm/Libraries/MLXLMCommon/KVCache.swift
source	OLD	bf59f121334bc467f965f8b58777861ae3204e157a896ef187b35e8a702c4b52	9909	Vendor/mlx-swift-lm/Libraries/MLXLMCommon/LanguageModel.swift
source	NEW	2e27514bf21b583f045bcb0734a7602d106abc2820d62328e95dc0e49794c67c	4831	Vendor/mlx-swift-lm/Libraries/MLXLMCommon/LanguageModel.swift
source	OLD	9653d0561c1520e5f76cd8404ad283363bc34d7787cdf22008f45a8603ad0b8a	2792	Vendor/mlx-swift-lm/Libraries/MLXLMCommon/RoPEApplication.swift
source	NEW	f0240fc5d651cafbc48f9ea74407dc7dc9af4311e70bee6be62699f25aa0bf8c	841	Vendor/mlx-swift-lm/Libraries/MLXLMCommon/RoPEApplication.swift
source	OLD	5def51d60004cf38ec9f0b715535de0718ba43cb01d063bf878b537e02491549	13352	Vendor/mlx-swift-lm/Libraries/MLXLMCommon/RoPEUtils.swift
source	NEW	32c19f9a9358c6cf927d92c70fd3abfcf882394f7a599a52bd881d67cf01ca2d	11503	Vendor/mlx-swift-lm/Libraries/MLXLMCommon/RoPEUtils.swift
source	OLD	b6e03b909c354d3289b209d925e2582907553aa27f550f5f7e38aaa5558bfb4d	25688	Vendor/mlx-swift-lm/Libraries/MLXLMCommon/SwitchLayers.swift
source	NEW	d82f54e7dd1c6ef01ae3dcb89d18ffe64de632f16d1523496d72f7c7a2b1af94	19370	Vendor/mlx-swift-lm/Libraries/MLXLMCommon/SwitchLayers.swift
source	OLD	f01ef238756431309fab99d5748c1f000f3eb84df1046feb57d58bfb88e604ac	50368	Vendor/mlx-swift/Source/Cmlx/mlx/mlx/backend/metal/jit_kernels.cpp
source	NEW	dd87275c570376235d6f90428f74648a0053be4a400d87797ee01c8d46203b14	44555	Vendor/mlx-swift/Source/Cmlx/mlx/mlx/backend/metal/jit_kernels.cpp
source	OLD	abc5fb2dca0114dada695390f336dec8625180b837dc277fe9c1aa047ea7f637	9697	Vendor/mlx-swift/Source/Cmlx/mlx/mlx/backend/metal/kernels.h
source	NEW	29e53e143f98e1bf33c56f1f0128056104010ed78383bd4df738ff9653001b22	9611	Vendor/mlx-swift/Source/Cmlx/mlx/mlx/backend/metal/kernels.h
source	OLD	4ac7b90374b3316294b23a92900361088c7c1309869a625db033ff034118a6de	7794	Vendor/mlx-swift/Source/Cmlx/mlx/mlx/backend/metal/kernels/arg_reduce.metal
source	NEW	2c944e86be8eecf09649450e5a08c36fbcf3a30a4101f8183cab31e9ff789b3f	6515	Vendor/mlx-swift/Source/Cmlx/mlx/mlx/backend/metal/kernels/arg_reduce.metal
source	OLD	4dadb612a9b768f9d51b3b394b32fc0129d361a55b35d545b3c014c87e00897e	5424	Vendor/mlx-swift/Source/Cmlx/mlx/mlx/backend/metal/kernels/binary.metal
source	NEW	6e573a438f8fcf6251d4f06d221df26b37e4f38df601f20881e54a2b5d3c6fd2	5284	Vendor/mlx-swift/Source/Cmlx/mlx/mlx/backend/metal/kernels/binary.metal
source	OLD	835376186eeae4b886141b71edc707b2aa111cc66b48dc573d5361f2e3d1db92	7544	Vendor/mlx-swift/Source/Cmlx/mlx/mlx/backend/metal/kernels/gemv.metal
source	NEW	f8be6638d3292aaea9e15b8c5b6c3183d75f1a66b95bd0b301cdc70c7cb523ce	7397	Vendor/mlx-swift/Source/Cmlx/mlx/mlx/backend/metal/kernels/gemv.metal
source	OLD	1f3ef461b8df0086d8d4ae90b9f17f51d4cba0855adc0b62e7a4cad341213294	14537	Vendor/mlx-swift/Source/Cmlx/mlx/mlx/backend/metal/kernels/rms_norm.metal
source	NEW	024aa7952cb9170470182d0cb064b2a20faefb78b72ebcca6b49b5e18a4652be	12633	Vendor/mlx-swift/Source/Cmlx/mlx/mlx/backend/metal/kernels/rms_norm.metal
source	OLD	1dce2dd87182173d8574a4494797b0fecb1edb6d541048ede24ba0dd78888102	7855	Vendor/mlx-swift/Source/Cmlx/mlx/mlx/backend/metal/kernels/rope.metal
source	NEW	0213f4c0beb8f79b33940efadfd24487eabc7aabc7b19afaaf0c933ee0d5cf9f	7643	Vendor/mlx-swift/Source/Cmlx/mlx/mlx/backend/metal/kernels/rope.metal
source	OLD	7d48404b70d465316133ff9b6e185a6815d75062e2fa7bca86fde85842ffbc14	4293	Vendor/mlx-swift/Source/Cmlx/mlx/mlx/backend/metal/kernels/scaled_dot_product_attention.metal
source	NEW	8749351432a080b4e19e995b1a07af8b8c7d5e6bca586ff07c3af01348108334	2973	Vendor/mlx-swift/Source/Cmlx/mlx/mlx/backend/metal/kernels/scaled_dot_product_attention.metal
source	OLD	9af6298d3dfb36ec968fe3c01f3b0fd332e7400d29a242ff44bbefc848f98931	45148	Vendor/mlx-swift/Source/Cmlx/mlx/mlx/backend/metal/kernels/sdpa_vector.h
source	NEW	4aa1852f7c457e46ba4b43c6dfafde2568aa46b383b009e5e554fc4daaf0bfb1	27075	Vendor/mlx-swift/Source/Cmlx/mlx/mlx/backend/metal/kernels/sdpa_vector.h
source	OLD	d723e1adc6277b7b6dcc213549dca3be651199137572713395dd6fa9f24d35fc	88309	Vendor/mlx-swift/Source/Cmlx/mlx/mlx/backend/metal/matmul.cpp
source	NEW	49810705f93f98c7e4218d19fe625c96f482ac2fadc2abacf7e356fb1d299c36	78115	Vendor/mlx-swift/Source/Cmlx/mlx/mlx/backend/metal/matmul.cpp
source	OLD	12ccf223d3658e8d33646b534c8a5c293b55732b7a8e51fc92733a7ae4d19c02	84383	Vendor/mlx-swift/Source/Cmlx/mlx/mlx/backend/metal/quantized.cpp
source	NEW	cf6d3847d583730fc7366110d91f54c676405869634cd0ae4eebbd362363c612	59194	Vendor/mlx-swift/Source/Cmlx/mlx/mlx/backend/metal/quantized.cpp
binary	cli	f2262d60379c818957e6cdf2a1e695b6467d94dbd418dc22477ab855818b29d0	12656112	.build/release/mlxfast-swift
binary	metallib	8e8b18afaee1ed5a0190403f79a4cc74b9bebcb52b50c4b67d0ed91dc73097ec	158502072	.build-worker/arm64-apple-macosx/release/mlx.metallib
binary	metallib-fingerprint	da6ad2fb9b98f3ac84d8cd540273c21e0ba77c9d79ed4877a674532a98f5de79	97	.build-worker/arm64-apple-macosx/release/mlx.metallib.fingerprint
binary	worker-OLD	9fce9f4c4cd3963e89c56dde5761bb48bc09fd6d73f4d9dd30b0f40a63126575	49145848	.mlxfast-private/r103b-old/.build-worker/arm64-apple-macosx/release/mlxfast-runtime-worker
binary	worker-NEW	26c6dc830d0f19070da0b61e6ca4335755c207e30d40009ddb9705b3272293ab	49257896	.mlxfast-private/r103b-new/.build-worker/arm64-apple-macosx/release/mlxfast-runtime-worker
binary	metallib-OLD	8e8b18afaee1ed5a0190403f79a4cc74b9bebcb52b50c4b67d0ed91dc73097ec	158502072	.mlxfast-private/r103b-old/.build-worker/arm64-apple-macosx/release/mlx.metallib
binary	metallib-NEW	8e8b18afaee1ed5a0190403f79a4cc74b9bebcb52b50c4b67d0ed91dc73097ec	158502072	.mlxfast-private/r103b-new/.build-worker/arm64-apple-macosx/release/mlx.metallib
binary	golden	b9509697c08a2cf3c2943a85f0b76e39c485c441794690fa76835b40a58d7a63	10686	correctness_prompts/public_longcopy_gate_english_512_256.json
binary	weights-index	1dd6d0439b1938cac4b3f9225def06d50788e3c8156dedff7f92a9bd89c5db81	80886	weights/model.safetensors.index.json
binary	weights-config	115a8b9b5771c7263e0a9bb1ecd0befdfdf7dd4aa9bf23d1c91db5a57dfdc606	4312	weights/config.json
weights	shared-path	mtime-1785921286	5363064795	weights/model-00001-of-00005.safetensors
weights	shared-path	mtime-1785921287	5300089049	weights/model-00002-of-00005.safetensors
weights	shared-path	mtime-1785921258	5282064434	weights/model-00003-of-00005.safetensors
weights	shared-path	mtime-1785937743	5205257850	weights/model-00004-of-00005.safetensors
weights	shared-path	mtime-1785921300	411041918	weights/model-00005-of-00005.safetensors
