gate,polarity,declarations,symbols,n_read_sites,overall_class,site,site_class,reason
DARKBLOOM_AFFINE_GATE_SOFTPLUS,default-ON,Sources/MLXFastModel/LagunaRuntimeModel.swift:4464,lagunaGateSoftplusEnabled,3,LIVE,Sources/MLXFastModel/LagunaRuntimeModel.swift:4528,LIVE,no default-ON gate dominates this site
DARKBLOOM_AFFINE_GATE_SOFTPLUS,default-ON,Sources/MLXFastModel/LagunaRuntimeModel.swift:4464,lagunaGateSoftplusEnabled,3,LIVE,Sources/MLXFastModel/LagunaRuntimeModel.swift:4615,LIVE,no default-ON gate dominates this site
DARKBLOOM_AFFINE_GATE_SOFTPLUS,default-ON,Sources/MLXFastModel/LagunaRuntimeModel.swift:4464,lagunaGateSoftplusEnabled,3,LIVE,Sources/MLXFastModel/LagunaRuntimeModel.swift:4633,LIVE,no default-ON gate dominates this site
DARKBLOOM_AFFINE_METADATA_INDEXED,default-ON,Sources/MLXFastModel/LagunaRuntimeModel.swift:2971,lagunaAffineMetadataIndexedEnabled,1,LIVE,Sources/MLXFastModel/LagunaRuntimeModel.swift:2977,LIVE,no default-ON gate dominates this site
DARKBLOOM_ATTN_PROJECTION_ASYNC,default-ON,Sources/MLXFastModel/LagunaRuntimeModel.swift:784,lagunaAttentionProjectionAsyncEnabled,1,LIVE,Sources/MLXFastModel/LagunaRuntimeModel.swift:6014,LIVE,no default-ON gate dominates this site
DARKBLOOM_ATTN_SCALE_LANEMAJOR,default-ON,Sources/MLXFastModel/LagunaRuntimeWeights.swift:694,lagunaAttnScaleLaneMajorEnabled,1,LIVE,Sources/MLXFastModel/LagunaRuntimeWeights.swift:889,LIVE,no default-ON gate dominates this site
DARKBLOOM_ATTN_SCALE_NARROW,default-ON,Sources/MLXFastModel/LagunaRuntimeWeights.swift:674,lagunaAttnScaleNarrowEnabled,1,LIVE,Sources/MLXFastModel/LagunaRuntimeWeights.swift:776,LIVE,no default-ON gate dominates this site
DARKBLOOM_ATTN_SCALE_NARROW_LOG,default-OFF,Sources/MLXFastModel/LagunaRuntimeWeights.swift:728,lagunaNarrowScaleDispatchLog,1,LIVE,Sources/MLXFastModel/LagunaRuntimeWeights.swift:748,LIVE,no default-ON gate dominates this site
DARKBLOOM_ATTN_SCALE_NARROW_OPROJ,default-ON,Sources/MLXFastModel/LagunaRuntimeWeights.swift:681,lagunaAttnScaleNarrowOProjEnabled,1,LIVE,Sources/MLXFastModel/LagunaRuntimeModel.swift:5675,LIVE,no default-ON gate dominates this site
DARKBLOOM_ATTN_SCALE_NARROW_QKV,default-ON,Sources/MLXFastModel/LagunaRuntimeWeights.swift:678,lagunaAttnScaleNarrowQKVEnabled,1,LIVE,Sources/MLXFastModel/LagunaRuntimeModel.swift:5752,LIVE,no default-ON gate dominates this site
DARKBLOOM_ATTN_SCALE_PAIRWISE_OPROJ,default-ON,Sources/MLXFastModel/LagunaRuntimeWeights.swift:722,lagunaAttnScalePairwiseOProjEnabled,6,LIVE,Sources/MLXFastModel/LagunaRuntimeModel.swift:4447,LIVE,no default-ON gate dominates this site
DARKBLOOM_ATTN_SCALE_PAIRWISE_OPROJ,default-ON,Sources/MLXFastModel/LagunaRuntimeWeights.swift:722,lagunaAttnScalePairwiseOProjEnabled,6,LIVE,Sources/MLXFastModel/LagunaRuntimeModel.swift:4457,LIVE,no default-ON gate dominates this site
DARKBLOOM_ATTN_SCALE_PAIRWISE_OPROJ,default-ON,Sources/MLXFastModel/LagunaRuntimeWeights.swift:722,lagunaAttnScalePairwiseOProjEnabled,6,LIVE,Sources/MLXFastModel/LagunaRuntimeModel.swift:4570,LIVE,no default-ON gate dominates this site
DARKBLOOM_ATTN_SCALE_PAIRWISE_OPROJ,default-ON,Sources/MLXFastModel/LagunaRuntimeWeights.swift:722,lagunaAttnScalePairwiseOProjEnabled,6,LIVE,Sources/MLXFastModel/LagunaRuntimeModel.swift:4580,LIVE,no default-ON gate dominates this site
DARKBLOOM_ATTN_SCALE_PAIRWISE_OPROJ,default-ON,Sources/MLXFastModel/LagunaRuntimeWeights.swift:722,lagunaAttnScalePairwiseOProjEnabled,6,LIVE,Sources/MLXFastModel/LagunaRuntimeModel.swift:4610,LIVE,no default-ON gate dominates this site
DARKBLOOM_ATTN_SCALE_PAIRWISE_OPROJ,default-ON,Sources/MLXFastModel/LagunaRuntimeWeights.swift:722,lagunaAttnScalePairwiseOProjEnabled,6,LIVE,Sources/MLXFastModel/LagunaRuntimeModel.swift:5680,LIVE,no default-ON gate dominates this site
DARKBLOOM_ATTN_SCALE_PAIRWISE_QKV,default-ON,Sources/MLXFastModel/LagunaRuntimeWeights.swift:719,lagunaAttnScalePairwiseQKVEnabled,4,LIVE,Sources/MLXFastModel/LagunaRuntimeModel.swift:4986,LIVE,no default-ON gate dominates this site
DARKBLOOM_ATTN_SCALE_PAIRWISE_QKV,default-ON,Sources/MLXFastModel/LagunaRuntimeWeights.swift:719,lagunaAttnScalePairwiseQKVEnabled,4,LIVE,Sources/MLXFastModel/LagunaRuntimeModel.swift:4995,LIVE,no default-ON gate dominates this site
DARKBLOOM_ATTN_SCALE_PAIRWISE_QKV,default-ON,Sources/MLXFastModel/LagunaRuntimeWeights.swift:719,lagunaAttnScalePairwiseQKVEnabled,4,LIVE,Sources/MLXFastModel/LagunaRuntimeModel.swift:5022,LIVE,no default-ON gate dominates this site
DARKBLOOM_ATTN_SCALE_PAIRWISE_QKV,default-ON,Sources/MLXFastModel/LagunaRuntimeWeights.swift:719,lagunaAttnScalePairwiseQKVEnabled,4,LIVE,Sources/MLXFastModel/LagunaRuntimeModel.swift:5760,LIVE,no default-ON gate dominates this site
DARKBLOOM_CBV2_PAGED_BENCH,default-OFF,Vendor/mlx-swift-lm/Tests/MLXLMTests/CBv2PagedBenchmarkTests.swift:19,(unbound),1,LIVE,Vendor/mlx-swift-lm/Tests/MLXLMTests/CBv2PagedBenchmarkTests.swift:19,LIVE,no default-ON gate dominates this site
DARKBLOOM_CBV2_PAGED_PROFILE,default-OFF,Vendor/mlx-swift-lm/Tests/MLXLMTests/CBv2PagedProfileTests.swift:20,enabled,62,LIVE,Sources/MLXFastCLI/main.swift:1248,LIVE,no default-ON gate dominates this site
DARKBLOOM_CBV2_PAGED_PROFILE,default-OFF,Vendor/mlx-swift-lm/Tests/MLXLMTests/CBv2PagedProfileTests.swift:20,enabled,62,LIVE,Sources/MLXFastCLI/main.swift:1248,LIVE,no default-ON gate dominates this site
DARKBLOOM_CBV2_PAGED_PROFILE,default-OFF,Vendor/mlx-swift-lm/Tests/MLXLMTests/CBv2PagedProfileTests.swift:20,enabled,62,LIVE,Sources/MLXFastModel/LagunaConfig.swift:316,LIVE,no default-ON gate dominates this site
DARKBLOOM_CBV2_PAGED_PROFILE,default-OFF,Vendor/mlx-swift-lm/Tests/MLXLMTests/CBv2PagedProfileTests.swift:20,enabled,62,LIVE,Sources/MLXFastModel/LagunaRuntimeModel.swift:5842,LIVE,no default-ON gate dominates this site
DARKBLOOM_CBV2_PAGED_PROFILE,default-OFF,Vendor/mlx-swift-lm/Tests/MLXLMTests/CBv2PagedProfileTests.swift:20,enabled,62,LIVE,Vendor/mlx-swift-lm/Libraries/MLXLLM/Models/Laguna.swift:437,LIVE,no default-ON gate dominates this site
DARKBLOOM_CBV2_PAGED_PROFILE,default-OFF,Vendor/mlx-swift-lm/Tests/MLXLMTests/CBv2PagedProfileTests.swift:20,enabled,62,LIVE,Vendor/mlx-swift-lm/Libraries/MLXLMCommon/ContinuousBatching/EngineCore.swift:449,LIVE,no default-ON gate dominates this site
DARKBLOOM_CBV2_PAGED_PROFILE,default-OFF,Vendor/mlx-swift-lm/Tests/MLXLMTests/CBv2PagedProfileTests.swift:20,enabled,62,LIVE,Vendor/mlx-swift-lm/Libraries/MLXLMCommon/ContinuousBatching/EngineCore.swift:451,LIVE,no default-ON gate dominates this site
DARKBLOOM_CBV2_PAGED_PROFILE,default-OFF,Vendor/mlx-swift-lm/Tests/MLXLMTests/CBv2PagedProfileTests.swift:20,enabled,62,LIVE,Vendor/mlx-swift-lm/Libraries/MLXLMCommon/ContinuousBatching/Scheduler.swift:1297,LIVE,no default-ON gate dominates this site
DARKBLOOM_CBV2_PAGED_PROFILE,default-OFF,Vendor/mlx-swift-lm/Tests/MLXLMTests/CBv2PagedProfileTests.swift:20,enabled,62,LIVE,Vendor/mlx-swift-lm/Libraries/MLXLMCommon/ContinuousBatching/Scheduler.swift:1301,LIVE,no default-ON gate dominates this site
DARKBLOOM_CBV2_PAGED_PROFILE,default-OFF,Vendor/mlx-swift-lm/Tests/MLXLMTests/CBv2PagedProfileTests.swift:20,enabled,62,LIVE,Vendor/mlx-swift-lm/Libraries/MLXLMCommon/ContinuousBatching/Scheduler.swift:1366,LIVE,no default-ON gate dominates this site
DARKBLOOM_CBV2_PAGED_PROFILE,default-OFF,Vendor/mlx-swift-lm/Tests/MLXLMTests/CBv2PagedProfileTests.swift:20,enabled,62,LIVE,Vendor/mlx-swift-lm/Libraries/MLXLMCommon/ContinuousBatching/Scheduler.swift:1370,LIVE,no default-ON gate dominates this site
DARKBLOOM_CBV2_PAGED_PROFILE,default-OFF,Vendor/mlx-swift-lm/Tests/MLXLMTests/CBv2PagedProfileTests.swift:20,enabled,62,LIVE,Vendor/mlx-swift-lm/Libraries/MLXLMCommon/ContinuousBatchingV2/Compiled/CompiledDecodeConfigV2.swift:54,LIVE,no default-ON gate dominates this site
DARKBLOOM_CBV2_PAGED_PROFILE,default-OFF,Vendor/mlx-swift-lm/Tests/MLXLMTests/CBv2PagedProfileTests.swift:20,enabled,62,LIVE,Vendor/mlx-swift-lm/Libraries/MLXLMCommon/ContinuousBatchingV2/Compiled/CompiledDecodeConfigV2.swift:59,LIVE,no default-ON gate dominates this site
DARKBLOOM_CBV2_PAGED_PROFILE,default-OFF,Vendor/mlx-swift-lm/Tests/MLXLMTests/CBv2PagedProfileTests.swift:20,enabled,62,LIVE,Vendor/mlx-swift-lm/Libraries/MLXLMCommon/ContinuousBatchingV2/Compiled/CompiledDecodeConfigV2.swift:59,LIVE,no default-ON gate dominates this site
DARKBLOOM_CBV2_PAGED_PROFILE,default-OFF,Vendor/mlx-swift-lm/Tests/MLXLMTests/CBv2PagedProfileTests.swift:20,enabled,62,LIVE,Vendor/mlx-swift-lm/Libraries/MLXLMCommon/ContinuousBatchingV2/Compiled/CompiledDecodeV2.swift:135,LIVE,no default-ON gate dominates this site
DARKBLOOM_CBV2_PAGED_PROFILE,default-OFF,Vendor/mlx-swift-lm/Tests/MLXLMTests/CBv2PagedProfileTests.swift:20,enabled,62,LIVE,Vendor/mlx-swift-lm/Libraries/MLXLMCommon/ContinuousBatchingV2/EngineLoopV2.swift:701,LIVE,no default-ON gate dominates this site
DARKBLOOM_CBV2_PAGED_PROFILE,default-OFF,Vendor/mlx-swift-lm/Tests/MLXLMTests/CBv2PagedProfileTests.swift:20,enabled,62,LIVE,Vendor/mlx-swift-lm/Libraries/MLXLMCommon/ContinuousBatchingV2/EngineLoopV2.swift:705,LIVE,no default-ON gate dominates this site
DARKBLOOM_CBV2_PAGED_PROFILE,default-OFF,Vendor/mlx-swift-lm/Tests/MLXLMTests/CBv2PagedProfileTests.swift:20,enabled,62,LIVE,Vendor/mlx-swift-lm/Libraries/MLXLMCommon/ContinuousBatchingV2/EngineLoopV2.swift:724,LIVE,no default-ON gate dominates this site
DARKBLOOM_CBV2_PAGED_PROFILE,default-OFF,Vendor/mlx-swift-lm/Tests/MLXLMTests/CBv2PagedProfileTests.swift:20,enabled,62,LIVE,Vendor/mlx-swift-lm/Libraries/MLXLMCommon/ContinuousBatchingV2/EngineLoopV2.swift:880,LIVE,no default-ON gate dominates this site
DARKBLOOM_CBV2_PAGED_PROFILE,default-OFF,Vendor/mlx-swift-lm/Tests/MLXLMTests/CBv2PagedProfileTests.swift:20,enabled,62,LIVE,Vendor/mlx-swift-lm/Libraries/MLXLMCommon/ContinuousBatchingV2/EngineLoopV2.swift:888,LIVE,no default-ON gate dominates this site
DARKBLOOM_CBV2_PAGED_PROFILE,default-OFF,Vendor/mlx-swift-lm/Tests/MLXLMTests/CBv2PagedProfileTests.swift:20,enabled,62,LIVE,Vendor/mlx-swift-lm/Libraries/MLXLMCommon/ContinuousBatchingV2/EngineLoopV2.swift:890,LIVE,no default-ON gate dominates this site
DARKBLOOM_CBV2_PAGED_PROFILE,default-OFF,Vendor/mlx-swift-lm/Tests/MLXLMTests/CBv2PagedProfileTests.swift:20,enabled,62,LIVE,Vendor/mlx-swift-lm/Libraries/MLXLMCommon/ContinuousBatchingV2/EngineLoopV2.swift:896,LIVE,no default-ON gate dominates this site
DARKBLOOM_CBV2_PAGED_PROFILE,default-OFF,Vendor/mlx-swift-lm/Tests/MLXLMTests/CBv2PagedProfileTests.swift:20,enabled,62,LIVE,Vendor/mlx-swift-lm/Libraries/MLXLMCommon/ContinuousBatchingV2/EngineLoopV2.swift:904,LIVE,no default-ON gate dominates this site
DARKBLOOM_CBV2_PAGED_PROFILE,default-OFF,Vendor/mlx-swift-lm/Tests/MLXLMTests/CBv2PagedProfileTests.swift:20,enabled,62,LIVE,Vendor/mlx-swift-lm/Libraries/MLXLMCommon/ContinuousBatchingV2/EngineLoopV2.swift:916,LIVE,no default-ON gate dominates this site
DARKBLOOM_CBV2_PAGED_PROFILE,default-OFF,Vendor/mlx-swift-lm/Tests/MLXLMTests/CBv2PagedProfileTests.swift:20,enabled,62,LIVE,Vendor/mlx-swift-lm/Libraries/MLXLMCommon/ContinuousBatchingV2/EngineLoopV2.swift:918,LIVE,no default-ON gate dominates this site
DARKBLOOM_CBV2_PAGED_PROFILE,default-OFF,Vendor/mlx-swift-lm/Tests/MLXLMTests/CBv2PagedProfileTests.swift:20,enabled,62,LIVE,Vendor/mlx-swift-lm/Libraries/MLXLMCommon/ContinuousBatchingV2/EngineLoopV2.swift:1116,LIVE,no default-ON gate dominates this site
DARKBLOOM_CBV2_PAGED_PROFILE,default-OFF,Vendor/mlx-swift-lm/Tests/MLXLMTests/CBv2PagedProfileTests.swift:20,enabled,62,LIVE,Vendor/mlx-swift-lm/Libraries/MLXLMCommon/ContinuousBatchingV2/EngineLoopV2.swift:1123,LIVE,no default-ON gate dominates this site
DARKBLOOM_CBV2_PAGED_PROFILE,default-OFF,Vendor/mlx-swift-lm/Tests/MLXLMTests/CBv2PagedProfileTests.swift:20,enabled,62,LIVE,Vendor/mlx-swift-lm/Libraries/MLXLMCommon/ContinuousBatchingV2/EngineLoopV2.swift:1184,LIVE,no default-ON gate dominates this site
DARKBLOOM_CBV2_PAGED_PROFILE,default-OFF,Vendor/mlx-swift-lm/Tests/MLXLMTests/CBv2PagedProfileTests.swift:20,enabled,62,LIVE,Vendor/mlx-swift-lm/Libraries/MLXLMCommon/ContinuousBatchingV2/EngineLoopV2.swift:1186,LIVE,no default-ON gate dominates this site
DARKBLOOM_CBV2_PAGED_PROFILE,default-OFF,Vendor/mlx-swift-lm/Tests/MLXLMTests/CBv2PagedProfileTests.swift:20,enabled,62,LIVE,Vendor/mlx-swift-lm/Libraries/MLXLMCommon/ContinuousBatchingV2/EngineLoopV2.swift:1190,LIVE,no default-ON gate dominates this site
DARKBLOOM_CBV2_PAGED_PROFILE,default-OFF,Vendor/mlx-swift-lm/Tests/MLXLMTests/CBv2PagedProfileTests.swift:20,enabled,62,LIVE,Vendor/mlx-swift-lm/Libraries/MLXLMCommon/ContinuousBatchingV2/EngineLoopV2.swift:1192,LIVE,no default-ON gate dominates this site
DARKBLOOM_CBV2_PAGED_PROFILE,default-OFF,Vendor/mlx-swift-lm/Tests/MLXLMTests/CBv2PagedProfileTests.swift:20,enabled,62,LIVE,Vendor/mlx-swift-lm/Libraries/MLXLMCommon/ContinuousBatchingV2/EngineV2.swift:180,LIVE,no default-ON gate dominates this site
DARKBLOOM_CBV2_PAGED_PROFILE,default-OFF,Vendor/mlx-swift-lm/Tests/MLXLMTests/CBv2PagedProfileTests.swift:20,enabled,62,LIVE,Vendor/mlx-swift-lm/Libraries/MLXLMCommon/ContinuousBatchingV2/StepProfilerV2.swift:30,LIVE,no default-ON gate dominates this site
DARKBLOOM_CBV2_PAGED_PROFILE,default-OFF,Vendor/mlx-swift-lm/Tests/MLXLMTests/CBv2PagedProfileTests.swift:20,enabled,62,LIVE,Vendor/mlx-swift-lm/Libraries/MLXLMCommon/ContinuousBatchingV2/StepProfilerV2.swift:41,LIVE,no default-ON gate dominates this site
DARKBLOOM_CBV2_PAGED_PROFILE,default-OFF,Vendor/mlx-swift-lm/Tests/MLXLMTests/CBv2PagedProfileTests.swift:20,enabled,62,LIVE,Vendor/mlx-swift-lm/Libraries/MLXLMCommon/GenerationBatch.swift:545,LIVE,no default-ON gate dominates this site
DARKBLOOM_CBV2_PAGED_PROFILE,default-OFF,Vendor/mlx-swift-lm/Tests/MLXLMTests/CBv2PagedProfileTests.swift:20,enabled,62,LIVE,Vendor/mlx-swift-lm/Libraries/MLXLMCommon/GenerationBatch.swift:560,LIVE,no default-ON gate dominates this site
DARKBLOOM_CBV2_PAGED_PROFILE,default-OFF,Vendor/mlx-swift-lm/Tests/MLXLMTests/CBv2PagedProfileTests.swift:20,enabled,62,LIVE,Vendor/mlx-swift-lm/Libraries/MLXLMCommon/GenerationBatch.swift:600,LIVE,no default-ON gate dominates this site
DARKBLOOM_CBV2_PAGED_PROFILE,default-OFF,Vendor/mlx-swift-lm/Tests/MLXLMTests/CBv2PagedProfileTests.swift:20,enabled,62,LIVE,Vendor/mlx-swift-lm/Libraries/MLXLMCommon/GenerationBatch.swift:603,LIVE,no default-ON gate dominates this site
DARKBLOOM_CBV2_PAGED_PROFILE,default-OFF,Vendor/mlx-swift-lm/Tests/MLXLMTests/CBv2PagedProfileTests.swift:20,enabled,62,LIVE,Vendor/mlx-swift-lm/Libraries/MLXLMCommon/GenerationBatch.swift:604,LIVE,no default-ON gate dominates this site
DARKBLOOM_CBV2_PAGED_PROFILE,default-OFF,Vendor/mlx-swift-lm/Tests/MLXLMTests/CBv2PagedProfileTests.swift:20,enabled,62,LIVE,Vendor/mlx-swift-lm/Libraries/MLXLMCommon/GenerationBatch.swift:617,LIVE,no default-ON gate dominates this site
DARKBLOOM_CBV2_PAGED_PROFILE,default-OFF,Vendor/mlx-swift-lm/Tests/MLXLMTests/CBv2PagedProfileTests.swift:20,enabled,62,LIVE,Vendor/mlx-swift-lm/Sources/BenchCBv2/BenchCBv2RealModel.swift:152,LIVE,no default-ON gate dominates this site
DARKBLOOM_CBV2_PAGED_PROFILE,default-OFF,Vendor/mlx-swift-lm/Tests/MLXLMTests/CBv2PagedProfileTests.swift:20,enabled,62,LIVE,Vendor/mlx-swift-lm/Sources/BenchCBv2/BenchCBv2RealModel.swift:981,LIVE,no default-ON gate dominates this site
DARKBLOOM_CBV2_PAGED_PROFILE,default-OFF,Vendor/mlx-swift-lm/Tests/MLXLMTests/CBv2PagedProfileTests.swift:20,enabled,62,LIVE,Vendor/mlx-swift-lm/Sources/BenchCBv2/BenchCBv2RealModel.swift:986,LIVE,no default-ON gate dominates this site
DARKBLOOM_CBV2_PAGED_PROFILE,default-OFF,Vendor/mlx-swift-lm/Tests/MLXLMTests/CBv2PagedProfileTests.swift:20,enabled,62,LIVE,Vendor/mlx-swift-lm/Sources/BenchCBv2/BenchCBv2RealModel.swift:995,LIVE,no default-ON gate dominates this site
DARKBLOOM_CBV2_PAGED_PROFILE,default-OFF,Vendor/mlx-swift-lm/Tests/MLXLMTests/CBv2PagedProfileTests.swift:20,enabled,62,LIVE,Vendor/mlx-swift-lm/Sources/BenchCBv2/BenchCBv2RealModel.swift:1000,LIVE,no default-ON gate dominates this site
DARKBLOOM_CBV2_PAGED_PROFILE,default-OFF,Vendor/mlx-swift-lm/Tests/MLXLMTests/CBv2PagedProfileTests.swift:20,enabled,62,LIVE,Vendor/mlx-swift-lm/Tests/MLXLMTests/CBv2CompiledDecodeTests.swift:49,LIVE,no default-ON gate dominates this site
DARKBLOOM_CBV2_PAGED_PROFILE,default-OFF,Vendor/mlx-swift-lm/Tests/MLXLMTests/CBv2PagedProfileTests.swift:20,enabled,62,LIVE,Vendor/mlx-swift-lm/Tests/MLXLMTests/CBv2CompiledDecodeTests.swift:303,LIVE,no default-ON gate dominates this site
DARKBLOOM_CBV2_PAGED_PROFILE,default-OFF,Vendor/mlx-swift-lm/Tests/MLXLMTests/CBv2PagedProfileTests.swift:20,enabled,62,LIVE,Vendor/mlx-swift-lm/Tests/MLXLMTests/CBv2CompiledDecodeTests.swift:407,LIVE,no default-ON gate dominates this site
DARKBLOOM_CBV2_PAGED_PROFILE,default-OFF,Vendor/mlx-swift-lm/Tests/MLXLMTests/CBv2PagedProfileTests.swift:20,enabled,62,LIVE,Vendor/mlx-swift-lm/Tests/MLXLMTests/CBv2CompiledDecodeTests.swift:446,LIVE,no default-ON gate dominates this site
DARKBLOOM_CBV2_PAGED_PROFILE,default-OFF,Vendor/mlx-swift-lm/Tests/MLXLMTests/CBv2PagedProfileTests.swift:20,enabled,62,LIVE,Vendor/mlx-swift-lm/Tests/MLXLMTests/CBv2CompiledDecodeTests.swift:482,LIVE,no default-ON gate dominates this site
DARKBLOOM_CBV2_PAGED_PROFILE,default-OFF,Vendor/mlx-swift-lm/Tests/MLXLMTests/CBv2PagedProfileTests.swift:20,enabled,62,LIVE,Vendor/mlx-swift-lm/Tests/MLXLMTests/CBv2CompiledDecodeTests.swift:518,LIVE,no default-ON gate dominates this site
DARKBLOOM_CBV2_PAGED_PROFILE,default-OFF,Vendor/mlx-swift-lm/Tests/MLXLMTests/CBv2PagedProfileTests.swift:20,enabled,62,LIVE,Vendor/mlx-swift-lm/Tests/MLXLMTests/CBv2CompiledDecodeTests.swift:534,LIVE,no default-ON gate dominates this site
DARKBLOOM_CBV2_PAGED_PROFILE,default-OFF,Vendor/mlx-swift-lm/Tests/MLXLMTests/CBv2PagedProfileTests.swift:20,enabled,62,LIVE,Vendor/mlx-swift-lm/Tests/MLXLMTests/CBv2CompiledDecodeTests.swift:592,LIVE,no default-ON gate dominates this site
DARKBLOOM_CBV2_PAGED_PROFILE,default-OFF,Vendor/mlx-swift-lm/Tests/MLXLMTests/CBv2PagedProfileTests.swift:20,enabled,62,LIVE,Vendor/mlx-swift-lm/Tests/MLXLMTests/CBv2PagedBenchmarkTests.swift:19,LIVE,no default-ON gate dominates this site
DARKBLOOM_CBV2_PAGED_PROFILE,default-OFF,Vendor/mlx-swift-lm/Tests/MLXLMTests/CBv2PagedProfileTests.swift:20,enabled,62,LIVE,Vendor/mlx-swift-lm/Tests/MLXLMTests/CBv2PagedProfileTests.swift:22,LIVE,no default-ON gate dominates this site
DARKBLOOM_CBV2_PAGED_PROFILE,default-OFF,Vendor/mlx-swift-lm/Tests/MLXLMTests/CBv2PagedProfileTests.swift:20,enabled,62,LIVE,Vendor/mlx-swift-lm/Tests/MLXLMTests/CBv2PagedProfileTests.swift:22,LIVE,no default-ON gate dominates this site
DARKBLOOM_CBV2_PAGED_PROFILE,default-OFF,Vendor/mlx-swift-lm/Tests/MLXLMTests/CBv2PagedProfileTests.swift:20,enabled,62,LIVE,Vendor/mlx-swift-lm/Tests/MLXLMTests/CBv2PagedProfileTests.swift:32,LIVE,no default-ON gate dominates this site
DARKBLOOM_CBV2_PAGED_PROFILE,default-OFF,Vendor/mlx-swift-lm/Tests/MLXLMTests/CBv2PagedProfileTests.swift:20,enabled,62,LIVE,Vendor/mlx-swift-lm/Tests/MLXLMTests/CBv2PagedProfileTests.swift:32,LIVE,no default-ON gate dominates this site
DARKBLOOM_CBV2_PAGED_PROFILE,default-OFF,Vendor/mlx-swift-lm/Tests/MLXLMTests/CBv2PagedProfileTests.swift:20,enabled,62,LIVE,Vendor/mlx-swift-lm/Tests/MLXLMTests/CBv2PagedProfileTests.swift:42,LIVE,no default-ON gate dominates this site
DARKBLOOM_CBV2_PAGED_PROFILE,default-OFF,Vendor/mlx-swift-lm/Tests/MLXLMTests/CBv2PagedProfileTests.swift:20,enabled,62,LIVE,Vendor/mlx-swift-lm/Tests/MLXLMTests/CBv2PagedProfileTests.swift:42,LIVE,no default-ON gate dominates this site
DARKBLOOM_CBV2_PAGED_PROFILE,default-OFF,Vendor/mlx-swift-lm/Tests/MLXLMTests/CBv2PagedProfileTests.swift:20,enabled,62,LIVE,Vendor/mlx-swift-lm/Tests/MLXLMTests/CBv2PagedProfileTests.swift:52,LIVE,no default-ON gate dominates this site
DARKBLOOM_CBV2_PAGED_PROFILE,default-OFF,Vendor/mlx-swift-lm/Tests/MLXLMTests/CBv2PagedProfileTests.swift:20,enabled,62,LIVE,Vendor/mlx-swift-lm/Tests/MLXLMTests/CBv2PagedProfileTests.swift:52,LIVE,no default-ON gate dominates this site
DARKBLOOM_COMPILED_TIERED_ATTENTION,default-ON,Vendor/mlx-swift-lm/Libraries/MLXLMCommon/CompiledDecode.swift:8,tieredCompiledAttentionEnabled,1,LIVE,Vendor/mlx-swift-lm/Libraries/MLXLMCommon/CompiledDecode.swift:143,LIVE,no default-ON gate dominates this site
DARKBLOOM_DECODE_NVFP4_QKV_R1,default-ON,Sources/MLXFastModel/LagunaRuntimeModel.swift:4808,lagunaDecodeNVFP4QKVR1Enabled,1,LIVE,Sources/MLXFastModel/LagunaRuntimeModel.swift:5007,LIVE,no default-ON gate dominates this site
DARKBLOOM_DECODE_ROUTER_TOURNAMENT,default-ON,Sources/MLXFastModel/LagunaRuntimeModel.swift:9532,lagunaDecodeRouterTournamentEnabled,1,LIVE,Sources/MLXFastModel/LagunaRuntimeModel.swift:9602,LIVE,no default-ON gate dominates this site
DARKBLOOM_E4M3_SIGN_DOMAIN,default-ON,Sources/MLXFastModel/LagunaRuntimeModel.swift:4147,lagunaE4M3SignDomainCertified,2,LIVE,Sources/MLXFastModel/LagunaRuntimeModel.swift:4236,LIVE,no default-ON gate dominates this site
DARKBLOOM_E4M3_SIGN_DOMAIN,default-ON,Sources/MLXFastModel/LagunaRuntimeModel.swift:4147,lagunaE4M3SignDomainCertified,2,LIVE,Sources/MLXFastModel/LagunaRuntimeModel.swift:6819,LIVE,no default-ON gate dominates this site
DARKBLOOM_EXPERT_ALIGNED_GATHER,default-ON,Sources/MLXFastModel/LagunaRuntimeModel.swift:255,lagunaExpertAlignedGatherEnabled,3,LIVE,Sources/MLXFastModel/LagunaRuntimeModel.swift:10578,LIVE,no default-ON gate dominates this site
DARKBLOOM_EXPERT_ALIGNED_GATHER,default-ON,Sources/MLXFastModel/LagunaRuntimeModel.swift:255,lagunaExpertAlignedGatherEnabled,3,LIVE,Sources/MLXFastModel/LagunaRuntimeModel.swift:10753,LIVE,no default-ON gate dominates this site
DARKBLOOM_EXPERT_ALIGNED_GATHER,default-ON,Sources/MLXFastModel/LagunaRuntimeModel.swift:255,lagunaExpertAlignedGatherEnabled,3,LIVE,Sources/MLXFastModel/LagunaRuntimeModel.swift:10766,LIVE,no default-ON gate dominates this site
DARKBLOOM_FUSED_DENSE_DOWN_RESIDUAL,default-ON,Sources/MLXFastModel/LagunaRuntimeModel.swift:649,lagunaFusedDenseDownResidualEnabled,1,LIVE,Sources/MLXFastModel/LagunaRuntimeModel.swift:9124,LIVE,no default-ON gate dominates this site
DARKBLOOM_FUSED_DENSE_GATE_UP_SWIGLU,default-ON,Sources/MLXFastModel/LagunaRuntimeModel.swift:639,lagunaFusedDenseGateUpSwiGLUEnabled,2,LIVE,Sources/MLXFastModel/LagunaRuntimeModel.swift:9113,LIVE,no default-ON gate dominates this site
DARKBLOOM_FUSED_DENSE_GATE_UP_SWIGLU,default-ON,Sources/MLXFastModel/LagunaRuntimeModel.swift:639,lagunaFusedDenseGateUpSwiGLUEnabled,2,LIVE,Sources/MLXFastModel/LagunaRuntimeModel.swift:11857,LIVE,no default-ON gate dominates this site
DARKBLOOM_FUSED_DOWN_ROW_STAGING,default-ON,Sources/MLXFastModel/LagunaRuntimeModel.swift:8227,lagunaFusedDownRowStagingEnabled,1,LIVE,Sources/MLXFastModel/LagunaRuntimeModel.swift:8588,LIVE,no default-ON gate dominates this site
DARKBLOOM_FUSED_FULL_ATTN,default-ON,Sources/MLXFastModel/LagunaRuntimeModel.swift:2011,lagunaFusedFullAttentionEnabled,3,LIVE,Sources/MLXFastModel/LagunaRuntimeModel.swift:6178,NEEDS-RUNTIME-OBSERVATION,in else-if branch after a chain condition gated by [lagunaFusedSlidingAttentionEnabled] plus extra runtime predicates
DARKBLOOM_FUSED_FULL_ATTN,default-ON,Sources/MLXFastModel/LagunaRuntimeModel.swift:2011,lagunaFusedFullAttentionEnabled,3,LIVE,Sources/MLXFastModel/LagunaRuntimeWeights.swift:494,LIVE,no default-ON gate dominates this site
DARKBLOOM_FUSED_FULL_ATTN,default-ON,Sources/MLXFastModel/LagunaRuntimeModel.swift:2011,lagunaFusedFullAttentionEnabled,3,LIVE,Sources/MLXFastModel/LagunaRuntimeWeights.swift:500,LIVE,no default-ON gate dominates this site
DARKBLOOM_FUSED_FULL_ATTN_KERNEL_WARMUP,default-ON,Sources/MLXFastModel/LagunaRuntimeModel.swift:2024,lagunaFusedFullAttentionKernelWarmupEnabled,1,LIVE,Sources/MLXFastModel/LagunaRuntimeWeights.swift:501,LIVE,no default-ON gate dominates this site
DARKBLOOM_FUSED_FULL_ATTN_WHOLE_MODEL_WARMUP,default-OFF,Sources/MLXFastModel/LagunaRuntimeModel.swift:2017,lagunaFusedFullAttentionWholeModelWarmupEnabled,1,LIVE,Sources/MLXFastModel/LagunaRuntimeWeights.swift:495,LIVE,no default-ON gate dominates this site
DARKBLOOM_FUSED_FULL_QK_NORM_YARN,default-ON,Sources/MLXFastModel/LagunaRuntimeModel.swift:583,lagunaFusedFullQKNormYaRNEnabled,4,LIVE,Sources/MLXFastModel/LagunaRuntimeModel.swift:6107,LIVE,no default-ON gate dominates this site
DARKBLOOM_FUSED_FULL_QK_NORM_YARN,default-ON,Sources/MLXFastModel/LagunaRuntimeModel.swift:583,lagunaFusedFullQKNormYaRNEnabled,4,LIVE,Sources/MLXFastModel/LagunaRuntimeModel.swift:11501,LIVE,no default-ON gate dominates this site
DARKBLOOM_FUSED_FULL_QK_NORM_YARN,default-ON,Sources/MLXFastModel/LagunaRuntimeModel.swift:583,lagunaFusedFullQKNormYaRNEnabled,4,LIVE,Sources/MLXFastModel/LagunaRuntimeModel.swift:11539,LIVE,no default-ON gate dominates this site
DARKBLOOM_FUSED_FULL_QK_NORM_YARN,default-ON,Sources/MLXFastModel/LagunaRuntimeModel.swift:583,lagunaFusedFullQKNormYaRNEnabled,4,LIVE,Sources/MLXFastModel/LagunaRuntimeModel.swift:11623,NEEDS-RUNTIME-OBSERVATION,in else branch after a chain condition gated by [lagunaRoPEAngleAtlasEnabled] plus extra runtime predicates
DARKBLOOM_FUSED_GATED_AFFINE_OPROJ,default-ON,Sources/MLXFastModel/LagunaRuntimeModel.swift:4111,lagunaFusedGatedAffineOProjEnabled,5,LIVE,Sources/MLXFastModel/LagunaRuntimeModel.swift:5988,LIVE,no default-ON gate dominates this site
DARKBLOOM_FUSED_GATED_AFFINE_OPROJ,default-ON,Sources/MLXFastModel/LagunaRuntimeModel.swift:4111,lagunaFusedGatedAffineOProjEnabled,5,LIVE,Sources/MLXFastModel/LagunaRuntimeModel.swift:6343,LIVE,no default-ON gate dominates this site
DARKBLOOM_FUSED_GATED_AFFINE_OPROJ,default-ON,Sources/MLXFastModel/LagunaRuntimeModel.swift:4111,lagunaFusedGatedAffineOProjEnabled,5,LIVE,Sources/MLXFastModel/LagunaRuntimeModel.swift:6359,LIVE,no default-ON gate dominates this site
DARKBLOOM_FUSED_GATED_AFFINE_OPROJ,default-ON,Sources/MLXFastModel/LagunaRuntimeModel.swift:4111,lagunaFusedGatedAffineOProjEnabled,5,LIVE,Sources/MLXFastModel/LagunaRuntimeModel.swift:6373,LIVE,no default-ON gate dominates this site
DARKBLOOM_FUSED_GATED_AFFINE_OPROJ,default-ON,Sources/MLXFastModel/LagunaRuntimeModel.swift:4111,lagunaFusedGatedAffineOProjEnabled,5,LIVE,Sources/MLXFastModel/LagunaRuntimeModel.swift:6389,LIVE,no default-ON gate dominates this site
DARKBLOOM_FUSED_GATED_OUTPUT,default-ON,Sources/MLXFastModel/LagunaRuntimeModel.swift:331,lagunaFusedGatedOutputProjectionEnabled,1,LIVE,Sources/MLXFastModel/LagunaRuntimeModel.swift:6438,LIVE,no default-ON gate dominates this site
DARKBLOOM_FUSED_GATE_PRODUCT,default-ON,Sources/MLXFastModel/LagunaRuntimeModel.swift:3925,lagunaFusedGateProductEnabled,2,LIVE,Sources/MLXFastModel/LagunaRuntimeModel.swift:3934,LIVE,no default-ON gate dominates this site
DARKBLOOM_FUSED_GATE_PRODUCT,default-ON,Sources/MLXFastModel/LagunaRuntimeModel.swift:3925,lagunaFusedGateProductEnabled,2,LIVE,Sources/MLXFastModel/LagunaRuntimeModel.swift:6026,LIVE,no default-ON gate dominates this site
DARKBLOOM_FUSED_NORM_AFFINE_QKV,default-ON,Sources/MLXFastModel/LagunaRuntimeModel.swift:5483,lagunaFusedNormAffineQKVEnabled,1,LIVE,Sources/MLXFastModel/LagunaRuntimeModel.swift:5926,LIVE,no default-ON gate dominates this site
DARKBLOOM_FUSED_QKV,default-OFF,Sources/MLXFastModel/LagunaRuntimeModel.swift:114,lagunaFusedQKVEnabled,1,LIVE,Sources/MLXFastModel/LagunaRuntimeModel.swift:11844,LIVE,no default-ON gate dominates this site
DARKBLOOM_FUSED_QKV_PROJECTION,default-ON,Sources/MLXFastModel/LagunaRuntimeModel.swift:338,lagunaFusedQKVProjectionEnabled,1,LIVE,Sources/MLXFastModel/LagunaRuntimeModel.swift:5896,LIVE,no default-ON gate dominates this site
DARKBLOOM_FUSED_RESIDUAL_RMS,default-ON,Sources/MLXFastModel/LagunaRuntimeModel.swift:275,lagunaFusedResidualRMSNormEnabled,2,NEEDS-RUNTIME-OBSERVATION,Sources/MLXFastModel/LagunaRuntimeModel.swift:11190,NEEDS-RUNTIME-OBSERVATION,in else-if branch after a chain condition gated by [lagunaFusedResidualRMSNormRouterEnabled] plus extra runtime predicates
DARKBLOOM_FUSED_RESIDUAL_RMS,default-ON,Sources/MLXFastModel/LagunaRuntimeModel.swift:275,lagunaFusedResidualRMSNormEnabled,2,NEEDS-RUNTIME-OBSERVATION,Sources/MLXFastModel/LagunaRuntimeModel.swift:11287,NEEDS-RUNTIME-OBSERVATION,in else-if branch after a chain condition gated by [lagunaFusedResidualRMSNormRouterEnabled] plus extra runtime predicates
DARKBLOOM_FUSED_RESIDUAL_RMS_ROUTER,default-ON,Sources/MLXFastModel/LagunaRuntimeModel.swift:580,lagunaFusedResidualRMSNormRouterEnabled,2,LIVE,Sources/MLXFastModel/LagunaRuntimeModel.swift:11172,LIVE,no default-ON gate dominates this site
DARKBLOOM_FUSED_RESIDUAL_RMS_ROUTER,default-ON,Sources/MLXFastModel/LagunaRuntimeModel.swift:580,lagunaFusedResidualRMSNormRouterEnabled,2,LIVE,Sources/MLXFastModel/LagunaRuntimeModel.swift:11268,LIVE,no default-ON gate dominates this site
DARKBLOOM_FUSED_ROUTED_DOWN_REDUCE,default-ON,Sources/MLXFastModel/LagunaRuntimeModel.swift:199,lagunaFusedRoutedDownReduceEnabled,1,NEEDS-RUNTIME-OBSERVATION,Sources/MLXFastModel/LagunaRuntimeModel.swift:10934,NEEDS-RUNTIME-OBSERVATION,in else-if branch after a chain condition gated by [lagunaFusedRoutedSharedDownResidualEnabled] plus extra runtime predicates
DARKBLOOM_FUSED_ROUTED_GATE_UP,default-ON,Sources/MLXFastModel/LagunaRuntimeModel.swift:217,lagunaFusedRoutedGateUpEnabled,1,LIVE,Sources/MLXFastModel/LagunaRuntimeModel.swift:11853,LIVE,no default-ON gate dominates this site
DARKBLOOM_FUSED_ROUTED_SHARED_DOWN_RESIDUAL,default-ON,Sources/MLXFastModel/LagunaRuntimeModel.swift:143,lagunaFusedRoutedSharedDownResidualEnabled,3,LIVE,Sources/MLXFastModel/LagunaRuntimeModel.swift:10902,LIVE,no default-ON gate dominates this site
DARKBLOOM_FUSED_ROUTED_SHARED_DOWN_RESIDUAL,default-ON,Sources/MLXFastModel/LagunaRuntimeModel.swift:143,lagunaFusedRoutedSharedDownResidualEnabled,3,LIVE,Sources/MLXFastModel/LagunaRuntimeModel.swift:11219,LIVE,no default-ON gate dominates this site
DARKBLOOM_FUSED_ROUTED_SHARED_DOWN_RESIDUAL,default-ON,Sources/MLXFastModel/LagunaRuntimeModel.swift:143,lagunaFusedRoutedSharedDownResidualEnabled,3,LIVE,Sources/MLXFastModel/LagunaRuntimeModel.swift:11304,LIVE,no default-ON gate dominates this site
DARKBLOOM_FUSED_ROUTED_SWIGLU_QMV,default-ON,Sources/MLXFastModel/LagunaRuntimeModel.swift:150,lagunaFusedRoutedSwiGLUQMVEnabled,1,LIVE,Sources/MLXFastModel/LagunaRuntimeModel.swift:10833,LIVE,no default-ON gate dominates this site
DARKBLOOM_FUSED_ROUTER,default-ON,Sources/MLXFastModel/LagunaRuntimeModel.swift:9630,lagunaDecodeRouterTop8Enabled,2,LIVE,Sources/MLXFastModel/LagunaRuntimeModel.swift:10277,LIVE,no default-ON gate dominates this site
DARKBLOOM_FUSED_ROUTER,default-ON,Sources/MLXFastModel/LagunaRuntimeModel.swift:9630,lagunaDecodeRouterTop8Enabled,2,LIVE,Sources/MLXFastModel/LagunaRuntimeModel.swift:10304,NEEDS-RUNTIME-OBSERVATION,in else branch after a chain condition gated by [lagunaDecodeRouterCastSinkEnabled] plus extra runtime predicates
DARKBLOOM_FUSED_ROUTER_CAST,default-ON,Sources/MLXFastModel/LagunaRuntimeModel.swift:9636,lagunaDecodeRouterCastSinkEnabled,1,LIVE,Sources/MLXFastModel/LagunaRuntimeModel.swift:10278,LIVE,no default-ON gate dominates this site
DARKBLOOM_FUSED_ROUTER_NORM,default-ON,Sources/MLXFastModel/LagunaRuntimeModel.swift:9643,lagunaDecodeRouterNormSinkEnabled,1,LIVE,Sources/MLXFastModel/LagunaRuntimeModel.swift:10286,LIVE,no default-ON gate dominates this site
DARKBLOOM_FUSED_SHARED_DOWN_RESIDUAL,default-ON,Sources/MLXFastModel/LagunaRuntimeModel.swift:137,lagunaFusedSharedDownResidualEnabled,3,LIVE,Sources/MLXFastModel/LagunaRuntimeModel.swift:9055,LIVE,no default-ON gate dominates this site
DARKBLOOM_FUSED_SHARED_DOWN_RESIDUAL,default-ON,Sources/MLXFastModel/LagunaRuntimeModel.swift:137,lagunaFusedSharedDownResidualEnabled,3,LIVE,Sources/MLXFastModel/LagunaRuntimeModel.swift:11218,LIVE,no default-ON gate dominates this site
DARKBLOOM_FUSED_SHARED_DOWN_RESIDUAL,default-ON,Sources/MLXFastModel/LagunaRuntimeModel.swift:137,lagunaFusedSharedDownResidualEnabled,3,LIVE,Sources/MLXFastModel/LagunaRuntimeModel.swift:11303,LIVE,no default-ON gate dominates this site
DARKBLOOM_FUSED_SHARED_GATE_UP,default-ON,Sources/MLXFastModel/LagunaRuntimeModel.swift:122,lagunaFusedSharedGateUpEnabled,1,LIVE,Sources/MLXFastModel/LagunaRuntimeModel.swift:11850,LIVE,no default-ON gate dominates this site
DARKBLOOM_FUSED_SHARED_SWIGLU_QMV,default-ON,Sources/MLXFastModel/LagunaRuntimeModel.swift:129,lagunaFusedSharedSwiGLUQMVEnabled,2,LIVE,Sources/MLXFastModel/LagunaRuntimeModel.swift:9015,LIVE,no default-ON gate dominates this site
DARKBLOOM_FUSED_SHARED_SWIGLU_QMV,default-ON,Sources/MLXFastModel/LagunaRuntimeModel.swift:129,lagunaFusedSharedSwiGLUQMVEnabled,2,LIVE,Sources/MLXFastModel/LagunaRuntimeModel.swift:9136,LIVE,no default-ON gate dominates this site
DARKBLOOM_FUSED_SLIDING_ATTN,default-ON,Sources/MLXFastModel/LagunaRuntimeModel.swift:1505,lagunaFusedSlidingAttentionEnabled,1,LIVE,Sources/MLXFastModel/LagunaRuntimeModel.swift:6152,LIVE,no default-ON gate dominates this site
DARKBLOOM_FUSED_SLIDING_QK_NORM_ROPE,default-ON,Sources/MLXFastModel/LagunaRuntimeModel.swift:524,lagunaFusedSlidingQKNormRoPEEnabled,4,LIVE,Sources/MLXFastModel/LagunaRuntimeModel.swift:6114,LIVE,no default-ON gate dominates this site
DARKBLOOM_FUSED_SLIDING_QK_NORM_ROPE,default-ON,Sources/MLXFastModel/LagunaRuntimeModel.swift:524,lagunaFusedSlidingQKNormRoPEEnabled,4,LIVE,Sources/MLXFastModel/LagunaRuntimeModel.swift:11502,LIVE,no default-ON gate dominates this site
DARKBLOOM_FUSED_SLIDING_QK_NORM_ROPE,default-ON,Sources/MLXFastModel/LagunaRuntimeModel.swift:524,lagunaFusedSlidingQKNormRoPEEnabled,4,LIVE,Sources/MLXFastModel/LagunaRuntimeModel.swift:11540,LIVE,no default-ON gate dominates this site
DARKBLOOM_FUSED_SLIDING_QK_NORM_ROPE,default-ON,Sources/MLXFastModel/LagunaRuntimeModel.swift:524,lagunaFusedSlidingQKNormRoPEEnabled,4,LIVE,Sources/MLXFastModel/LagunaRuntimeModel.swift:11630,NEEDS-RUNTIME-OBSERVATION,in else branch after a chain condition gated by [lagunaRoPEAngleAtlasEnabled] plus extra runtime predicates
DARKBLOOM_GATED_AFFINE_OPROJ_NVFP4,default-ON,Sources/MLXFastModel/LagunaRuntimeModel.swift:4115,lagunaGatedAffineOProjNVFP4Enabled,3,LIVE,Sources/MLXFastModel/LagunaRuntimeModel.swift:5989,LIVE,no default-ON gate dominates this site
DARKBLOOM_GATED_AFFINE_OPROJ_NVFP4,default-ON,Sources/MLXFastModel/LagunaRuntimeModel.swift:4115,lagunaGatedAffineOProjNVFP4Enabled,3,LIVE,Sources/MLXFastModel/LagunaRuntimeModel.swift:6374,LIVE,no default-ON gate dominates this site
DARKBLOOM_GATED_AFFINE_OPROJ_NVFP4,default-ON,Sources/MLXFastModel/LagunaRuntimeModel.swift:4115,lagunaGatedAffineOProjNVFP4Enabled,3,LIVE,Sources/MLXFastModel/LagunaRuntimeModel.swift:6390,LIVE,no default-ON gate dominates this site
DARKBLOOM_INVERSE_SCATTER,default-ON,Vendor/mlx-swift-lm/Libraries/MLXLMCommon/SwitchLayers.swift:64,inversePermutationScatterEnabled,1,LIVE,Vendor/mlx-swift-lm/Libraries/MLXLMCommon/SwitchLayers.swift:294,LIVE,no default-ON gate dominates this site
DARKBLOOM_LAST_PREFILL_PROJECTION_BANKS,default-ON,Sources/MLXFastModel/LagunaRuntimeModel.swift:564,lagunaLastPrefillProjectionBanksEnabled,2,LIVE,Sources/MLXFastModel/LagunaRuntimeModel.swift:5805,LIVE,no default-ON gate dominates this site
DARKBLOOM_LAST_PREFILL_PROJECTION_BANKS,default-ON,Sources/MLXFastModel/LagunaRuntimeModel.swift:564,lagunaLastPrefillProjectionBanksEnabled,2,LIVE,Sources/MLXFastModel/LagunaRuntimeModel.swift:6496,LIVE,no default-ON gate dominates this site
DARKBLOOM_LMHEAD_FUSED_REFINEMENT,default-ON,Sources/MLXFastModel/LagunaLmHeadPrune.swift:95,lagunaLmHeadFusedRefinementEnabled,1,LIVE,Sources/MLXFastModel/LagunaLmHeadPrune.swift:932,LIVE,no default-ON gate dominates this site
DARKBLOOM_LM_HEAD_PRUNE,default-ON,Sources/MLXFastModel/LagunaLmHeadPrune.swift:79,lagunaLmHeadPruneEnabled,1,LIVE,Sources/MLXFastModel/LagunaRuntimeModel.swift:11872,LIVE,no default-ON gate dominates this site
DARKBLOOM_LM_HEAD_PRUNE_PREFILL,default-ON,Sources/MLXFastModel/LagunaLmHeadPrune.swift:86,lagunaLmHeadPrunePrefillEnabled,1,LIVE,Sources/MLXFastModel/LagunaRuntimeModel.swift:11783,LIVE,no default-ON gate dominates this site
DARKBLOOM_NATIVE_AFFINE_GPROJ,default-ON,Sources/MLXFastModel/LagunaRuntimeModel.swift:459,lagunaNativeAffineGProjLayerCount,2,LIVE,Sources/MLXFastModel/LagunaRuntimeModel.swift:466,LIVE,no default-ON gate dominates this site
DARKBLOOM_NATIVE_AFFINE_GPROJ,default-ON,Sources/MLXFastModel/LagunaRuntimeModel.swift:459,lagunaNativeAffineGProjLayerCount,2,LIVE,Sources/MLXFastModel/LagunaRuntimeModel.swift:474,LIVE,no default-ON gate dominates this site
DARKBLOOM_NATIVE_AFFINE_NVFP4,default-ON,Sources/MLXFastModel/LagunaRuntimeModel.swift:3049,lagunaNativeAffineNVFP4From,1,LIVE,Sources/MLXFastModel/LagunaRuntimeModel.swift:3101,LIVE,no default-ON gate dominates this site
DARKBLOOM_NATIVE_AFFINE_OPROJ,default-ON,Sources/MLXFastModel/LagunaRuntimeModel.swift:420,lagunaNativeAffineOProjLayerCount,2,LIVE,Sources/MLXFastModel/LagunaRuntimeModel.swift:427,LIVE,no default-ON gate dominates this site
DARKBLOOM_NATIVE_AFFINE_OPROJ,default-ON,Sources/MLXFastModel/LagunaRuntimeModel.swift:420,lagunaNativeAffineOProjLayerCount,2,LIVE,Sources/MLXFastModel/LagunaRuntimeModel.swift:432,LIVE,no default-ON gate dominates this site
DARKBLOOM_NATIVE_AFFINE_QKV,default-ON,Sources/MLXFastModel/LagunaRuntimeModel.swift:347,lagunaNativeAffineQKVLayerCount,2,LIVE,Sources/MLXFastModel/LagunaRuntimeModel.swift:354,LIVE,no default-ON gate dominates this site
DARKBLOOM_NATIVE_AFFINE_QKV,default-ON,Sources/MLXFastModel/LagunaRuntimeModel.swift:347,lagunaNativeAffineQKVLayerCount,2,LIVE,Sources/MLXFastModel/LagunaRuntimeModel.swift:401,LIVE,no default-ON gate dominates this site
DARKBLOOM_NATIVE_AFFINE_SUFFIX,default-OFF,Sources/MLXFastModel/LagunaRuntimeModel.swift:366,lagunaNativeAffineSuffixSelection,1,LIVE,Sources/MLXFastModel/LagunaRuntimeModel.swift:392,LIVE,no default-ON gate dominates this site
DARKBLOOM_NORM_AFFINE_QKV_STAGE,"other(==""tg"")",Sources/MLXFastModel/LagunaRuntimeModel.swift:5206,lagunaNormAffineQKVStaged,3,LIVE,Sources/MLXFastModel/LagunaRuntimeModel.swift:5425,LIVE,no default-ON gate dominates this site
DARKBLOOM_NORM_AFFINE_QKV_STAGE,"other(==""tg"")",Sources/MLXFastModel/LagunaRuntimeModel.swift:5206,lagunaNormAffineQKVStaged,3,LIVE,Sources/MLXFastModel/LagunaRuntimeModel.swift:5449,LIVE,no default-ON gate dominates this site
DARKBLOOM_NORM_AFFINE_QKV_STAGE,"other(==""tg"")",Sources/MLXFastModel/LagunaRuntimeModel.swift:5206,lagunaNormAffineQKVStaged,3,LIVE,Sources/MLXFastModel/LagunaRuntimeModel.swift:5534,LIVE,no default-ON gate dominates this site
DARKBLOOM_NVFP4_QDOT_SEED_ELIDE,default-ON,Sources/MLXFastModel/LagunaRuntimeModel.swift:6720,lagunaNvfp4QdotSeedElisionEnabled,2,LIVE,Sources/MLXFastModel/LagunaRuntimeModel.swift:6849,LIVE,no default-ON gate dominates this site
DARKBLOOM_NVFP4_QDOT_SEED_ELIDE,default-ON,Sources/MLXFastModel/LagunaRuntimeModel.swift:6720,lagunaNvfp4QdotSeedElisionEnabled,2,LIVE,Sources/MLXFastModel/LagunaRuntimeModel.swift:6873,LIVE,no default-ON gate dominates this site
DARKBLOOM_NVFP4_QMV_SEED_ELIDE,default-ON,Sources/MLXFastModel/LagunaRuntimeModel.swift:4159,lagunaNvfp4QmvSeedElisionEnabled,5,LIVE,Sources/MLXFastModel/LagunaRuntimeModel.swift:4225,LIVE,no default-ON gate dominates this site
DARKBLOOM_NVFP4_QMV_SEED_ELIDE,default-ON,Sources/MLXFastModel/LagunaRuntimeModel.swift:4159,lagunaNvfp4QmvSeedElisionEnabled,5,LIVE,Sources/MLXFastModel/LagunaRuntimeModel.swift:4426,LIVE,no default-ON gate dominates this site
DARKBLOOM_NVFP4_QMV_SEED_ELIDE,default-ON,Sources/MLXFastModel/LagunaRuntimeModel.swift:4159,lagunaNvfp4QmvSeedElisionEnabled,5,LIVE,Sources/MLXFastModel/LagunaRuntimeModel.swift:4449,LIVE,no default-ON gate dominates this site
DARKBLOOM_NVFP4_QMV_SEED_ELIDE,default-ON,Sources/MLXFastModel/LagunaRuntimeModel.swift:4159,lagunaNvfp4QmvSeedElisionEnabled,5,LIVE,Sources/MLXFastModel/LagunaRuntimeModel.swift:4553,LIVE,no default-ON gate dominates this site
DARKBLOOM_NVFP4_QMV_SEED_ELIDE,default-ON,Sources/MLXFastModel/LagunaRuntimeModel.swift:4159,lagunaNvfp4QmvSeedElisionEnabled,5,LIVE,Sources/MLXFastModel/LagunaRuntimeModel.swift:4572,LIVE,no default-ON gate dominates this site
DARKBLOOM_NVFP4_QMV_SIGN_CARRY,default-ON,Sources/MLXFastModel/LagunaRuntimeModel.swift:4131,lagunaNvfp4QmvSignCarryEnabled,5,LIVE,Sources/MLXFastModel/LagunaRuntimeModel.swift:4224,LIVE,no default-ON gate dominates this site
DARKBLOOM_NVFP4_QMV_SIGN_CARRY,default-ON,Sources/MLXFastModel/LagunaRuntimeModel.swift:4131,lagunaNvfp4QmvSignCarryEnabled,5,LIVE,Sources/MLXFastModel/LagunaRuntimeModel.swift:4425,LIVE,no default-ON gate dominates this site
DARKBLOOM_NVFP4_QMV_SIGN_CARRY,default-ON,Sources/MLXFastModel/LagunaRuntimeModel.swift:4131,lagunaNvfp4QmvSignCarryEnabled,5,LIVE,Sources/MLXFastModel/LagunaRuntimeModel.swift:4448,LIVE,no default-ON gate dominates this site
DARKBLOOM_NVFP4_QMV_SIGN_CARRY,default-ON,Sources/MLXFastModel/LagunaRuntimeModel.swift:4131,lagunaNvfp4QmvSignCarryEnabled,5,LIVE,Sources/MLXFastModel/LagunaRuntimeModel.swift:4552,LIVE,no default-ON gate dominates this site
DARKBLOOM_NVFP4_QMV_SIGN_CARRY,default-ON,Sources/MLXFastModel/LagunaRuntimeModel.swift:4131,lagunaNvfp4QmvSignCarryEnabled,5,LIVE,Sources/MLXFastModel/LagunaRuntimeModel.swift:4571,LIVE,no default-ON gate dominates this site
DARKBLOOM_NVFP4_SCALE_CARRY,default-ON,Sources/MLXFastModel/LagunaRuntimeModel.swift:6668,lagunaNvfp4ScaleCarry,1,LIVE,Sources/MLXFastModel/LagunaRuntimeModel.swift:6816,LIVE,no default-ON gate dominates this site
DARKBLOOM_NVFP4_SCALE_DEFER,default-ON,Sources/MLXFastModel/LagunaRuntimeModel.swift:6753,lagunaNvfp4ScaleDeferEnabled,3,LIVE,Sources/MLXFastModel/LagunaRuntimeModel.swift:6762,LIVE,no default-ON gate dominates this site
DARKBLOOM_NVFP4_SCALE_DEFER,default-ON,Sources/MLXFastModel/LagunaRuntimeModel.swift:6753,lagunaNvfp4ScaleDeferEnabled,3,LIVE,Sources/MLXFastModel/LagunaRuntimeModel.swift:6773,LIVE,no default-ON gate dominates this site
DARKBLOOM_NVFP4_SCALE_DEFER,default-ON,Sources/MLXFastModel/LagunaRuntimeModel.swift:6753,lagunaNvfp4ScaleDeferEnabled,3,LIVE,Sources/MLXFastModel/LagunaRuntimeModel.swift:6831,LIVE,no default-ON gate dominates this site
DARKBLOOM_NVFP4_SCALE_FOLD,default-ON,Sources/MLXFastModel/LagunaRuntimeModel.swift:6606,lagunaNvfp4ScaleFoldEnabled,6,LIVE,Sources/MLXFastModel/LagunaRuntimeModel.swift:4230,LIVE,no default-ON gate dominates this site
DARKBLOOM_NVFP4_SCALE_FOLD,default-ON,Sources/MLXFastModel/LagunaRuntimeModel.swift:6606,lagunaNvfp4ScaleFoldEnabled,6,LIVE,Sources/MLXFastModel/LagunaRuntimeModel.swift:6754,LIVE,no default-ON gate dominates this site
DARKBLOOM_NVFP4_SCALE_FOLD,default-ON,Sources/MLXFastModel/LagunaRuntimeModel.swift:6606,lagunaNvfp4ScaleFoldEnabled,6,LIVE,Sources/MLXFastModel/LagunaRuntimeModel.swift:6773,LIVE,no default-ON gate dominates this site
DARKBLOOM_NVFP4_SCALE_FOLD,default-ON,Sources/MLXFastModel/LagunaRuntimeModel.swift:6606,lagunaNvfp4ScaleFoldEnabled,6,LIVE,Sources/MLXFastModel/LagunaRuntimeModel.swift:6776,LIVE,no default-ON gate dominates this site
DARKBLOOM_NVFP4_SCALE_FOLD,default-ON,Sources/MLXFastModel/LagunaRuntimeModel.swift:6606,lagunaNvfp4ScaleFoldEnabled,6,LIVE,Sources/MLXFastModel/LagunaRuntimeModel.swift:6777,LIVE,no default-ON gate dominates this site
DARKBLOOM_NVFP4_SCALE_FOLD,default-ON,Sources/MLXFastModel/LagunaRuntimeModel.swift:6606,lagunaNvfp4ScaleFoldEnabled,6,LIVE,Sources/MLXFastModel/LagunaRuntimeModel.swift:6816,LIVE,no default-ON gate dominates this site
DARKBLOOM_PACKED_SCALES,default-ON,Sources/MLXFastModel/LagunaRuntimeModel.swift:166,lagunaPackedScalesEnabled,3,LIVE,Sources/MLXFastModel/LagunaRuntimeModel.swift:10842,LIVE,no default-ON gate dominates this site
DARKBLOOM_PACKED_SCALES,default-ON,Sources/MLXFastModel/LagunaRuntimeModel.swift:166,lagunaPackedScalesEnabled,3,LIVE,Sources/MLXFastModel/LagunaRuntimeModel.swift:10872,LIVE,no default-ON gate dominates this site
DARKBLOOM_PACKED_SCALES,default-ON,Sources/MLXFastModel/LagunaRuntimeModel.swift:166,lagunaPackedScalesEnabled,3,LIVE,Sources/MLXFastModel/LagunaRuntimeWeights.swift:1115,LIVE,no default-ON gate dominates this site
DARKBLOOM_PARAMS_ATLAS,default-ON,Sources/MLXFastModel/LagunaRuntimeModel.swift:1999,lagunaParamsAtlasEnabled,1,LIVE,Sources/MLXFastModel/LagunaRuntimeModel.swift:1962,LIVE,no default-ON gate dominates this site
DARKBLOOM_PREFILL_EXPERT_DOWN_PAIRWISE_SCALES,default-ON,Sources/MLXFastModel/LagunaRuntimeModel.swift:232,lagunaPrefillExpertDownPairwiseScalesEnabled,2,LIVE,Sources/MLXFastModel/LagunaRuntimeModel.swift:10752,LIVE,no default-ON gate dominates this site
DARKBLOOM_PREFILL_EXPERT_DOWN_PAIRWISE_SCALES,default-ON,Sources/MLXFastModel/LagunaRuntimeModel.swift:232,lagunaPrefillExpertDownPairwiseScalesEnabled,2,LIVE,Sources/MLXFastModel/LagunaRuntimeModel.swift:10999,LIVE,no default-ON gate dominates this site
DARKBLOOM_PREFILL_EXPERT_PAIRWISE_SCALES,default-ON,Sources/MLXFastModel/LagunaRuntimeModel.swift:228,lagunaPrefillExpertPairwiseScalesEnabled,2,LIVE,Sources/MLXFastModel/LagunaRuntimeModel.swift:10765,LIVE,no default-ON gate dominates this site
DARKBLOOM_PREFILL_EXPERT_PAIRWISE_SCALES,default-ON,Sources/MLXFastModel/LagunaRuntimeModel.swift:228,lagunaPrefillExpertPairwiseScalesEnabled,2,LIVE,Sources/MLXFastModel/LagunaRuntimeModel.swift:10994,LIVE,no default-ON gate dominates this site
DARKBLOOM_PREFILL_FUSED_GATE_UP,default-ON,Sources/MLXFastModel/LagunaRuntimeModel.swift:222,lagunaPrefillFusedRoutedGateUpEnabled,1,LIVE,Sources/MLXFastModel/LagunaRuntimeModel.swift:10977,LIVE,no default-ON gate dominates this site
DARKBLOOM_PREFILL_FUSED_RESIDUAL_RMS,default-ON,Sources/MLXFastModel/LagunaRuntimeModel.swift:280,lagunaPrefillFusedResidualRMSNormEnabled,1,NEEDS-RUNTIME-OBSERVATION,Sources/MLXFastModel/LagunaRuntimeModel.swift:11199,NEEDS-RUNTIME-OBSERVATION,in else-if branch after a chain condition gated by [lagunaFusedResidualRMSNormRouterEnabled] plus extra runtime predicates; in else-if branch after a chain condition gated by [lagunaFusedResidualRMSNormEnabled] plus extra runtime predicates
DARKBLOOM_PREFILL_MOE_TAIL,default-ON,Sources/MLXFastModel/LagunaRuntimeModel.swift:9669,lagunaPrefillMoETailEnabled,4,LIVE,Sources/MLXFastModel/LagunaRuntimeModel.swift:11016,LIVE,no default-ON gate dominates this site
DARKBLOOM_PREFILL_MOE_TAIL,default-ON,Sources/MLXFastModel/LagunaRuntimeModel.swift:9669,lagunaPrefillMoETailEnabled,4,LIVE,Sources/MLXFastModel/LagunaRuntimeModel.swift:11025,LIVE,no default-ON gate dominates this site
DARKBLOOM_PREFILL_MOE_TAIL,default-ON,Sources/MLXFastModel/LagunaRuntimeModel.swift:9669,lagunaPrefillMoETailEnabled,4,LIVE,Sources/MLXFastModel/LagunaRuntimeModel.swift:11071,LIVE,no default-ON gate dominates this site
DARKBLOOM_PREFILL_MOE_TAIL,default-ON,Sources/MLXFastModel/LagunaRuntimeModel.swift:9669,lagunaPrefillMoETailEnabled,4,LIVE,Sources/MLXFastModel/LagunaRuntimeModel.swift:11236,LIVE,no default-ON gate dominates this site
DARKBLOOM_PREFILL_QK_NORM_ROPE,default-ON,Sources/MLXFastModel/LagunaRuntimeModel.swift:541,lagunaPrefillQKNormRoPEEnabled,4,LIVE,Sources/MLXFastModel/LagunaRuntimeModel.swift:6139,LIVE,no default-ON gate dominates this site
DARKBLOOM_PREFILL_QK_NORM_ROPE,default-ON,Sources/MLXFastModel/LagunaRuntimeModel.swift:541,lagunaPrefillQKNormRoPEEnabled,4,LIVE,Sources/MLXFastModel/LagunaRuntimeModel.swift:6145,LIVE,no default-ON gate dominates this site
DARKBLOOM_PREFILL_QK_NORM_ROPE,default-ON,Sources/MLXFastModel/LagunaRuntimeModel.swift:541,lagunaPrefillQKNormRoPEEnabled,4,LIVE,Sources/MLXFastModel/LagunaRuntimeModel.swift:11500,LIVE,no default-ON gate dominates this site
DARKBLOOM_PREFILL_QK_NORM_ROPE,default-ON,Sources/MLXFastModel/LagunaRuntimeModel.swift:541,lagunaPrefillQKNormRoPEEnabled,4,LIVE,Sources/MLXFastModel/LagunaRuntimeModel.swift:11643,NEEDS-RUNTIME-OBSERVATION,in else branch after a chain condition gated by [lagunaRoPEAngleAtlasEnabled] plus extra runtime predicates
DARKBLOOM_PREFILL_ROUTER_TOP8,default-OFF,Sources/MLXFastModel/LagunaRuntimeModel.swift:9660,lagunaPrefillRouterTop8Enabled,1,LIVE,Sources/MLXFastModel/LagunaRuntimeModel.swift:10259,LIVE,no default-ON gate dominates this site
DARKBLOOM_PREFILL_ROUTER_TOURNAMENT,default-ON,Sources/MLXFastModel/LagunaRuntimeModel.swift:10211,lagunaPrefillRouterTournamentEnabled,1,LIVE,Sources/MLXFastModel/LagunaRuntimeModel.swift:10241,LIVE,no default-ON gate dominates this site
DARKBLOOM_PREFILL_SORTED_MOE_TAIL,default-ON,Sources/MLXFastModel/LagunaRuntimeModel.swift:9677,lagunaPrefillSortedMoETailEnabled,1,LIVE,Sources/MLXFastModel/LagunaRuntimeModel.swift:11015,LIVE,no default-ON gate dominates this site
DARKBLOOM_QKV_TAIL_FOLD,default-ON,Sources/MLXFastModel/LagunaRuntimeModel.swift:4677,lagunaTailNVFP4QKVTailFoldEnabled,2,LIVE,Sources/MLXFastModel/LagunaRuntimeModel.swift:4681,LIVE,no default-ON gate dominates this site
DARKBLOOM_QKV_TAIL_FOLD,default-ON,Sources/MLXFastModel/LagunaRuntimeModel.swift:4677,lagunaTailNVFP4QKVTailFoldEnabled,2,LIVE,Sources/MLXFastModel/LagunaRuntimeModel.swift:4688,LIVE,no default-ON gate dominates this site
DARKBLOOM_QMV_R1,default-ON,Sources/MLXFastModel/LagunaRuntimeModel.swift:289,lagunaSwiGLUQMVRows1Enabled,2,LIVE,Sources/MLXFastModel/LagunaRuntimeModel.swift:7581,LIVE,no default-ON gate dominates this site
DARKBLOOM_QMV_R1,default-ON,Sources/MLXFastModel/LagunaRuntimeModel.swift:289,lagunaSwiGLUQMVRows1Enabled,2,LIVE,Sources/MLXFastModel/LagunaRuntimeModel.swift:7584,LIVE,no default-ON gate dominates this site
DARKBLOOM_QMV_WIDE_CODES,default-OFF,Sources/MLXFastModel/LagunaRuntimeModel.swift:325,lagunaSharedQMVWideCodesEnabled,1,LIVE,Sources/MLXFastModel/LagunaRuntimeModel.swift:7215,LIVE,no default-ON gate dominates this site
DARKBLOOM_ROPE_ANGLE_ATLAS,default-ON,Sources/MLXFastModel/LagunaRuntimeModel.swift:604,lagunaRoPEAngleAtlasEnabled,3,LIVE,Sources/MLXFastModel/LagunaRuntimeModel.swift:11500,LIVE,no default-ON gate dominates this site
DARKBLOOM_ROPE_ANGLE_ATLAS,default-ON,Sources/MLXFastModel/LagunaRuntimeModel.swift:604,lagunaRoPEAngleAtlasEnabled,3,LIVE,Sources/MLXFastModel/LagunaRuntimeModel.swift:11538,LIVE,no default-ON gate dominates this site
DARKBLOOM_ROPE_ANGLE_ATLAS,default-ON,Sources/MLXFastModel/LagunaRuntimeModel.swift:604,lagunaRoPEAngleAtlasEnabled,3,LIVE,Sources/MLXFastModel/LagunaRuntimeModel.swift:11588,LIVE,no default-ON gate dominates this site
DARKBLOOM_ROPE_ATLAS_VIEWS,default-OFF,Sources/MLXFastModel/LagunaRuntimeModel.swift:627,lagunaRoPEAtlasViewsEnabled,2,LIVE,Sources/MLXFastModel/LagunaRuntimeModel.swift:11538,LIVE,no default-ON gate dominates this site
DARKBLOOM_ROPE_ATLAS_VIEWS,default-OFF,Sources/MLXFastModel/LagunaRuntimeModel.swift:627,lagunaRoPEAtlasViewsEnabled,2,LIVE,Sources/MLXFastModel/LagunaRuntimeModel.swift:11602,NEEDS-RUNTIME-OBSERVATION,in else-if branch after a chain condition gated by [lagunaRoPEAngleAtlasEnabled] plus extra runtime predicates
DARKBLOOM_ROUTED_GATEUP_R1,default-ON,Sources/MLXFastModel/LagunaRuntimeModel.swift:7913,lagunaRoutedGateUpR1Enabled,1,LIVE,Sources/MLXFastModel/LagunaRuntimeModel.swift:8044,LIVE,no default-ON gate dominates this site
DARKBLOOM_ROUTER_ORDINAL,default-ON,Sources/MLXFastModel/LagunaRuntimeModel.swift:9480,lagunaDecodeRouterOrdinalEnabled,2,LIVE,Sources/MLXFastModel/LagunaRuntimeModel.swift:9600,LIVE,no default-ON gate dominates this site
DARKBLOOM_ROUTER_ORDINAL,default-ON,Sources/MLXFastModel/LagunaRuntimeModel.swift:9480,lagunaDecodeRouterOrdinalEnabled,2,LIVE,Sources/MLXFastModel/LagunaRuntimeModel.swift:10194,LIVE,no default-ON gate dominates this site
DARKBLOOM_ROUTER_ORDINAL_SCORE_TABLE,default-ON,Sources/MLXFastModel/LagunaRuntimeModel.swift:9486,lagunaDecodeRouterOrdinalScoreTableEnabled,1,LIVE,Sources/MLXFastModel/LagunaRuntimeModel.swift:9601,LIVE,no default-ON gate dominates this site
DARKBLOOM_ROUTER_PRECOMPUTED_KEYS,default-ON,Sources/MLXFastModel/LagunaRuntimeModel.swift:172,lagunaRouterPrecomputedKeysEnabled,9,LIVE,Sources/MLXFastModel/LagunaRuntimeModel.swift:958,LIVE,no default-ON gate dominates this site
DARKBLOOM_ROUTER_PRECOMPUTED_KEYS,default-ON,Sources/MLXFastModel/LagunaRuntimeModel.swift:172,lagunaRouterPrecomputedKeysEnabled,9,LIVE,Sources/MLXFastModel/LagunaRuntimeModel.swift:1132,LIVE,no default-ON gate dominates this site
DARKBLOOM_ROUTER_PRECOMPUTED_KEYS,default-ON,Sources/MLXFastModel/LagunaRuntimeModel.swift:172,lagunaRouterPrecomputedKeysEnabled,9,LIVE,Sources/MLXFastModel/LagunaRuntimeModel.swift:1134,LIVE,no default-ON gate dominates this site
DARKBLOOM_ROUTER_PRECOMPUTED_KEYS,default-ON,Sources/MLXFastModel/LagunaRuntimeModel.swift:172,lagunaRouterPrecomputedKeysEnabled,9,LIVE,Sources/MLXFastModel/LagunaRuntimeModel.swift:1137,LIVE,no default-ON gate dominates this site
DARKBLOOM_ROUTER_PRECOMPUTED_KEYS,default-ON,Sources/MLXFastModel/LagunaRuntimeModel.swift:172,lagunaRouterPrecomputedKeysEnabled,9,LIVE,Sources/MLXFastModel/LagunaRuntimeModel.swift:1142,LIVE,no default-ON gate dominates this site
DARKBLOOM_ROUTER_PRECOMPUTED_KEYS,default-ON,Sources/MLXFastModel/LagunaRuntimeModel.swift:172,lagunaRouterPrecomputedKeysEnabled,9,LIVE,Sources/MLXFastModel/LagunaRuntimeModel.swift:1220,LIVE,no default-ON gate dominates this site
DARKBLOOM_ROUTER_PRECOMPUTED_KEYS,default-ON,Sources/MLXFastModel/LagunaRuntimeModel.swift:172,lagunaRouterPrecomputedKeysEnabled,9,LIVE,Sources/MLXFastModel/LagunaRuntimeModel.swift:1229,LIVE,no default-ON gate dominates this site
DARKBLOOM_ROUTER_PRECOMPUTED_KEYS,default-ON,Sources/MLXFastModel/LagunaRuntimeModel.swift:172,lagunaRouterPrecomputedKeysEnabled,9,LIVE,Sources/MLXFastModel/LagunaRuntimeModel.swift:1231,LIVE,no default-ON gate dominates this site
DARKBLOOM_ROUTER_PRECOMPUTED_KEYS,default-ON,Sources/MLXFastModel/LagunaRuntimeModel.swift:172,lagunaRouterPrecomputedKeysEnabled,9,LIVE,Sources/MLXFastModel/LagunaRuntimeModel.swift:10847,LIVE,no default-ON gate dominates this site
DARKBLOOM_ROUTE_COUNTING_SORT,default-ON,Vendor/mlx-swift-lm/Libraries/MLXLMCommon/SwitchLayers.swift:78,routeCountingSortEnabled,2,LIVE,Vendor/mlx-swift-lm/Libraries/MLXLMCommon/SwitchLayers.swift:161,LIVE,no default-ON gate dominates this site
DARKBLOOM_ROUTE_COUNTING_SORT,default-ON,Vendor/mlx-swift-lm/Libraries/MLXLMCommon/SwitchLayers.swift:78,routeCountingSortEnabled,2,LIVE,Vendor/mlx-swift-lm/Libraries/MLXLMCommon/SwitchLayers.swift:266,LIVE,no default-ON gate dominates this site
DARKBLOOM_ROUTE_FUSED_SCATTER,default-ON,Vendor/mlx-swift-lm/Libraries/MLXLMCommon/SwitchLayers.swift:187,routeFusedScatterEnabled,1,LIVE,Vendor/mlx-swift-lm/Libraries/MLXLMCommon/SwitchLayers.swift:266,LIVE,no default-ON gate dominates this site
DARKBLOOM_SHARED_FIRST_DOWN,default-OFF,Sources/MLXFastModel/LagunaRuntimeModel.swift:8219,lagunaSharedFirstDownOrderEnabled,9,LIVE,Sources/MLXFastModel/LagunaRuntimeModel.swift:8231,LIVE,no default-ON gate dominates this site
DARKBLOOM_SHARED_FIRST_DOWN,default-OFF,Sources/MLXFastModel/LagunaRuntimeModel.swift:8219,lagunaSharedFirstDownOrderEnabled,9,LIVE,Sources/MLXFastModel/LagunaRuntimeModel.swift:8234,LIVE,no default-ON gate dominates this site
DARKBLOOM_SHARED_FIRST_DOWN,default-OFF,Sources/MLXFastModel/LagunaRuntimeModel.swift:8219,lagunaSharedFirstDownOrderEnabled,9,LIVE,Sources/MLXFastModel/LagunaRuntimeModel.swift:8257,LIVE,no default-ON gate dominates this site
DARKBLOOM_SHARED_FIRST_DOWN,default-OFF,Sources/MLXFastModel/LagunaRuntimeModel.swift:8219,lagunaSharedFirstDownOrderEnabled,9,LIVE,Sources/MLXFastModel/LagunaRuntimeModel.swift:8260,LIVE,no default-ON gate dominates this site
DARKBLOOM_SHARED_FIRST_DOWN,default-OFF,Sources/MLXFastModel/LagunaRuntimeModel.swift:8219,lagunaSharedFirstDownOrderEnabled,9,LIVE,Sources/MLXFastModel/LagunaRuntimeModel.swift:8428,LIVE,no default-ON gate dominates this site
DARKBLOOM_SHARED_FIRST_DOWN,default-OFF,Sources/MLXFastModel/LagunaRuntimeModel.swift:8219,lagunaSharedFirstDownOrderEnabled,9,LIVE,Sources/MLXFastModel/LagunaRuntimeModel.swift:8431,LIVE,no default-ON gate dominates this site
DARKBLOOM_SHARED_FIRST_DOWN,default-OFF,Sources/MLXFastModel/LagunaRuntimeModel.swift:8219,lagunaSharedFirstDownOrderEnabled,9,LIVE,Sources/MLXFastModel/LagunaRuntimeModel.swift:8557,LIVE,no default-ON gate dominates this site
DARKBLOOM_SHARED_FIRST_DOWN,default-OFF,Sources/MLXFastModel/LagunaRuntimeModel.swift:8219,lagunaSharedFirstDownOrderEnabled,9,LIVE,Sources/MLXFastModel/LagunaRuntimeModel.swift:8560,LIVE,no default-ON gate dominates this site
DARKBLOOM_SHARED_FIRST_DOWN,default-OFF,Sources/MLXFastModel/LagunaRuntimeModel.swift:8219,lagunaSharedFirstDownOrderEnabled,9,LIVE,Sources/MLXFastModel/LagunaRuntimeModel.swift:8635,LIVE,no default-ON gate dominates this site
DARKBLOOM_SHARED_QMV_R1,default-ON,Sources/MLXFastModel/LagunaRuntimeModel.swift:296,lagunaSharedSwiGLUQMVRows1Enabled,4,LIVE,Sources/MLXFastModel/LagunaRuntimeModel.swift:7202,LIVE,no default-ON gate dominates this site
DARKBLOOM_SHARED_QMV_R1,default-ON,Sources/MLXFastModel/LagunaRuntimeModel.swift:296,lagunaSharedSwiGLUQMVRows1Enabled,4,LIVE,Sources/MLXFastModel/LagunaRuntimeModel.swift:7218,LIVE,no default-ON gate dominates this site
DARKBLOOM_SHARED_QMV_R1,default-ON,Sources/MLXFastModel/LagunaRuntimeModel.swift:296,lagunaSharedSwiGLUQMVRows1Enabled,4,LIVE,Sources/MLXFastModel/LagunaRuntimeModel.swift:7221,LIVE,no default-ON gate dominates this site
DARKBLOOM_SHARED_QMV_R1,default-ON,Sources/MLXFastModel/LagunaRuntimeModel.swift:296,lagunaSharedSwiGLUQMVRows1Enabled,4,LIVE,Sources/MLXFastModel/LagunaRuntimeModel.swift:8919,LIVE,no default-ON gate dominates this site
DARKBLOOM_SHARED_SCALE_HALVED,default-ON,Sources/MLXFastModel/LagunaRuntimeModel.swift:312,lagunaSharedScaleHalvedEnabled,1,LIVE,Sources/MLXFastModel/LagunaRuntimeModel.swift:8911,LIVE,no default-ON gate dominates this site
DARKBLOOM_TAIL_NVFP4_SCALE_FOLD,default-ON,Sources/MLXFastModel/LagunaRuntimeModel.swift:4660,lagunaTailNVFP4ScaleFoldEnabled,2,LIVE,Sources/MLXFastModel/LagunaRuntimeModel.swift:4688,LIVE,no default-ON gate dominates this site
DARKBLOOM_TAIL_NVFP4_SCALE_FOLD,default-ON,Sources/MLXFastModel/LagunaRuntimeModel.swift:4660,lagunaTailNVFP4ScaleFoldEnabled,2,LIVE,Sources/MLXFastModel/LagunaRuntimeModel.swift:4749,LIVE,no default-ON gate dominates this site
DARKBLOOM_TERMINAL_FUSION,default-ON,Sources/MLXFastModel/LagunaRuntimeModel.swift:571,lagunaTerminalPrefillFusionEnabled,1,LIVE,Sources/MLXFastModel/LagunaRuntimeModel.swift:11258,LIVE,no default-ON gate dominates this site
DARKBLOOM_TRACE_FUSION,default-OFF,Sources/MLXFastModel/LagunaLmHeadPrune.swift:101;Sources/MLXFastModel/LagunaRuntimeModel.swift:76,lagunaTraceFusion;lagunaTraceFusionEnabled,2,LIVE,Sources/MLXFastModel/LagunaRuntimeModel.swift:95,LIVE,no default-ON gate dominates this site
DARKBLOOM_TRACE_FUSION,default-OFF,Sources/MLXFastModel/LagunaLmHeadPrune.swift:101;Sources/MLXFastModel/LagunaRuntimeModel.swift:76,lagunaTraceFusion;lagunaTraceFusionEnabled,2,LIVE,Sources/MLXFastModel/LagunaLmHeadPrune.swift:848,LIVE,no default-ON gate dominates this site
DARKBLOOM_WARM_GREEDY_ARGMAX,default-ON,Sources/MLXFastModel/LagunaRuntimeWeights.swift:517,(unbound),1,LIVE,Sources/MLXFastModel/LagunaRuntimeWeights.swift:517,LIVE,no default-ON gate dominates this site
MLX_SWIFT_BUILD_DOC,default-OFF,Vendor/mlx-swift-lm/Package.swift:246;Vendor/mlx-swift/Package.swift:454,(unbound),2,LIVE,Vendor/mlx-swift-lm/Package.swift:246,LIVE,no default-ON gate dominates this site
MLX_SWIFT_BUILD_DOC,default-OFF,Vendor/mlx-swift-lm/Package.swift:246;Vendor/mlx-swift/Package.swift:454,(unbound),2,LIVE,Vendor/mlx-swift/Package.swift:454,LIVE,no default-ON gate dominates this site
SPI_GENERATE_DOCS,default-OFF,Vendor/mlx-swift-lm/Package.swift:247;Vendor/mlx-swift/Package.swift:455,(unbound),2,LIVE,Vendor/mlx-swift-lm/Package.swift:247,LIVE,no default-ON gate dominates this site
SPI_GENERATE_DOCS,default-OFF,Vendor/mlx-swift-lm/Package.swift:247;Vendor/mlx-swift/Package.swift:455,(unbound),2,LIVE,Vendor/mlx-swift/Package.swift:455,LIVE,no default-ON gate dominates this site
SPM_CUDA,default-ON,Vendor/mlx-swift/Package.swift:102;Vendor/mlx-swift/Plugins/CudaBuild/plugin.swift:192,(unbound),2,LIVE,Vendor/mlx-swift/Package.swift:102,LIVE,no default-ON gate dominates this site
SPM_CUDA,default-ON,Vendor/mlx-swift/Package.swift:102;Vendor/mlx-swift/Plugins/CudaBuild/plugin.swift:192,(unbound),2,LIVE,Vendor/mlx-swift/Plugins/CudaBuild/plugin.swift:192,LIVE,no default-ON gate dominates this site
