run_idx,arm,block,step_idx,step_ms,used
1,rctl,0,0,9.340666,0
1,rctl,0,1,8.336625,0
1,rctl,0,2,8.179417,0
1,rctl,0,3,8.170000,0
1,rctl,0,4,8.233625,0
1,rctl,0,5,8.090542,0
1,rctl,0,6,8.159500,0
1,rctl,0,7,8.155250,0
1,rctl,0,8,8.324792,1
1,rctl,0,9,8.157041,1
1,rctl,0,10,8.119000,1
1,rctl,0,11,8.171792,1
1,rctl,0,12,8.147250,1
1,rctl,0,13,8.133208,1
1,rctl,0,14,8.142667,1
1,rctl,0,15,8.107125,1
1,rctl,0,16,8.175916,1
1,rctl,0,17,8.101459,1
1,rctl,0,18,8.122792,1
1,rctl,0,19,8.082084,1
1,rctl,0,20,8.128250,1
1,rctl,0,21,8.112417,1
1,rctl,0,22,8.136041,1
1,rctl,0,23,8.097708,1
1,rctl,0,24,8.079209,1
1,rctl,0,25,8.105708,1
1,rctl,0,26,8.095334,1
1,rctl,0,27,8.151791,1
1,rctl,0,28,8.043208,1
1,rctl,0,29,8.103125,1
1,rctl,0,30,8.082458,1
1,rctl,0,31,8.151833,1
1,rctl,0,32,8.063875,1
1,rctl,0,33,8.152833,1
1,rctl,0,34,8.090291,1
1,rctl,0,35,8.118583,1
1,rctl,0,36,8.167666,1
1,rctl,0,37,8.104375,1
1,rctl,0,38,8.048167,1
1,rctl,0,39,8.118541,1
1,rctl,0,40,8.140666,1
1,rctl,0,41,8.111709,1
1,rctl,0,42,8.090417,1
1,rctl,0,43,8.135167,1
1,rctl,0,44,8.085875,1
1,rctl,0,45,8.159375,1
1,rctl,0,46,8.112417,1
1,rctl,0,47,8.118542,1
1,rctl,0,48,8.126541,1
1,rctl,0,49,8.088500,1
1,rctl,0,50,8.081792,1
1,rctl,0,51,8.094375,1
1,rctl,0,52,8.089667,1
1,rctl,0,53,8.129541,1
1,rctl,0,54,8.079292,1
1,rctl,0,55,8.111208,1
1,rctl,0,56,8.165125,1
1,rctl,0,57,8.111500,1
1,rctl,0,58,8.150167,1
1,rctl,0,59,8.118959,1
1,rctl,0,60,8.149166,1
1,rctl,0,61,8.077625,1
1,rctl,0,62,8.161750,1
1,rctl,0,63,8.056292,1
1,rctl,0,64,8.130209,1
1,rctl,0,65,8.118500,1
1,rctl,0,66,8.245875,1
1,rctl,0,67,8.152459,1
1,rctl,0,68,8.114666,1
1,rctl,0,69,8.083958,1
1,rctl,0,70,8.145958,1
1,rctl,0,71,8.167292,1
1,rctl,0,72,8.328417,1
1,rctl,0,73,8.322875,1
1,rctl,0,74,8.352917,1
1,rctl,0,75,8.333959,1
1,rctl,0,76,8.305208,1
1,rctl,0,77,8.142250,1
1,rctl,0,78,8.151541,1
1,rctl,0,79,8.129500,1
1,rctl,0,80,8.263375,1
1,rctl,0,81,8.143333,1
1,rctl,0,82,8.092041,1
1,rctl,0,83,8.084625,1
1,rctl,0,84,8.220250,1
1,rctl,0,85,8.103542,1
1,rctl,0,86,8.177250,1
1,rctl,0,87,8.094083,1
1,rctl,0,88,8.135042,1
1,rctl,0,89,8.137833,1
1,rctl,0,90,8.139833,1
1,rctl,0,91,8.083667,1
1,rctl,0,92,8.185500,1
1,rctl,0,93,8.134583,1
1,rctl,0,94,8.165166,1
1,rctl,0,95,8.127375,1
1,rctl,0,96,8.150375,1
1,rctl,0,97,8.148500,1
1,rctl,0,98,8.162375,1
1,rctl,0,99,8.165208,1
1,rctl,0,100,8.149542,1
1,rctl,0,101,8.127791,1
1,rctl,0,102,8.168417,1
1,rctl,0,103,8.213625,1
1,rctl,0,104,8.174042,1
1,rctl,0,105,8.183792,1
1,rctl,0,106,8.253334,1
1,rctl,0,107,8.361541,1
1,rctl,0,108,8.282125,1
1,rctl,0,109,8.158708,1
1,rctl,0,110,8.153917,1
1,rctl,0,111,8.247625,1
1,rctl,0,112,8.209542,1
1,rctl,0,113,8.243708,1
1,rctl,0,114,8.160500,1
1,rctl,0,115,8.194833,1
1,rctl,0,116,8.164958,1
1,rctl,0,117,8.231041,1
1,rctl,0,118,8.181666,1
1,rctl,0,119,8.231791,1
1,rctl,0,120,8.216792,1
1,rctl,0,121,8.257708,1
1,rctl,0,122,8.355958,1
1,rctl,0,123,8.355833,1
1,rctl,0,124,8.313583,1
1,rctl,0,125,8.411208,1
1,rctl,0,126,8.378459,1
1,rctl,0,127,8.416208,1
1,rctl,0,128,8.371333,1
1,rctl,0,129,8.354417,1
1,rctl,0,130,8.414458,1
1,rctl,0,131,8.427125,1
1,rctl,0,132,8.407584,1
1,rctl,0,133,8.390042,1
1,rctl,0,134,8.280000,1
1,rctl,0,135,8.296542,1
1,rctl,0,136,8.276292,1
1,rctl,0,137,8.385000,1
1,rctl,0,138,8.296291,1
1,rctl,0,139,8.290250,1
1,rctl,0,140,8.330250,1
1,rctl,0,141,8.354250,1
1,rctl,0,142,8.419333,1
1,rctl,0,143,8.394334,1
1,rctl,0,144,8.370709,1
1,rctl,0,145,8.375500,1
1,rctl,0,146,8.347375,1
1,rctl,0,147,8.291625,1
1,rctl,0,148,8.270250,1
1,rctl,0,149,8.227125,1
1,rctl,0,150,8.241625,1
1,rctl,0,151,8.184583,1
1,rctl,0,152,8.170292,1
1,rctl,0,153,8.224292,1
1,rctl,0,154,8.167083,1
1,rctl,0,155,8.289917,1
1,rctl,0,156,8.211125,1
1,rctl,0,157,8.233542,1
1,rctl,0,158,8.206625,1
1,rctl,0,159,8.220250,1
2,ship,0,0,9.522459,0
2,ship,0,1,8.357708,0
2,ship,0,2,8.259416,0
2,ship,0,3,8.242875,0
2,ship,0,4,8.207417,0
2,ship,0,5,8.210708,0
2,ship,0,6,8.177000,0
2,ship,0,7,8.169000,0
2,ship,0,8,8.257209,1
2,ship,0,9,8.239958,1
2,ship,0,10,8.518542,1
2,ship,0,11,9.734375,1
2,ship,0,12,8.630250,1
2,ship,0,13,8.641792,1
2,ship,0,14,8.377541,1
2,ship,0,15,8.292416,1
2,ship,0,16,8.446958,1
2,ship,0,17,8.208292,1
2,ship,0,18,8.219458,1
2,ship,0,19,8.296916,1
2,ship,0,20,8.278584,1
2,ship,0,21,8.248375,1
2,ship,0,22,8.242000,1
2,ship,0,23,8.232375,1
2,ship,0,24,8.249208,1
2,ship,0,25,8.233750,1
2,ship,0,26,8.256208,1
2,ship,0,27,8.201459,1
2,ship,0,28,8.233208,1
2,ship,0,29,8.200375,1
2,ship,0,30,8.237291,1
2,ship,0,31,8.234709,1
2,ship,0,32,8.226792,1
2,ship,0,33,8.239709,1
2,ship,0,34,8.272458,1
2,ship,0,35,8.221250,1
2,ship,0,36,8.207458,1
2,ship,0,37,8.225542,1
2,ship,0,38,8.222209,1
2,ship,0,39,8.147792,1
2,ship,0,40,8.255250,1
2,ship,0,41,8.245083,1
2,ship,0,42,8.201959,1
2,ship,0,43,8.259709,1
2,ship,0,44,8.246250,1
2,ship,0,45,8.253958,1
2,ship,0,46,8.227459,1
2,ship,0,47,8.275333,1
2,ship,0,48,8.227084,1
2,ship,0,49,8.216500,1
2,ship,0,50,8.262917,1
2,ship,0,51,8.230167,1
2,ship,0,52,8.212375,1
2,ship,0,53,8.240833,1
2,ship,0,54,8.228417,1
2,ship,0,55,8.249917,1
2,ship,0,56,8.261500,1
2,ship,0,57,8.244583,1
2,ship,0,58,8.237375,1
2,ship,0,59,8.248000,1
2,ship,0,60,8.250917,1
2,ship,0,61,8.265250,1
2,ship,0,62,8.236625,1
2,ship,0,63,8.272708,1
2,ship,0,64,8.203750,1
2,ship,0,65,8.225000,1
2,ship,0,66,8.214500,1
2,ship,0,67,8.238666,1
2,ship,0,68,8.224875,1
2,ship,0,69,8.237958,1
2,ship,0,70,8.230791,1
2,ship,0,71,8.215000,1
2,ship,0,72,8.224333,1
2,ship,0,73,8.234584,1
2,ship,0,74,8.268459,1
2,ship,0,75,8.263167,1
2,ship,0,76,8.217667,1
2,ship,0,77,8.335833,1
2,ship,0,78,8.247167,1
2,ship,0,79,8.245250,1
2,ship,0,80,8.203417,1
2,ship,0,81,8.227459,1
2,ship,0,82,8.230334,1
2,ship,0,83,8.234791,1
2,ship,0,84,8.326250,1
2,ship,0,85,8.385583,1
2,ship,0,86,8.250958,1
2,ship,0,87,8.265542,1
2,ship,0,88,8.233750,1
2,ship,0,89,8.240417,1
2,ship,0,90,8.209250,1
2,ship,0,91,8.235959,1
2,ship,0,92,8.245125,1
2,ship,0,93,8.244167,1
2,ship,0,94,8.229250,1
2,ship,0,95,8.301708,1
2,ship,0,96,8.237959,1
2,ship,0,97,8.286667,1
2,ship,0,98,8.257333,1
2,ship,0,99,8.279708,1
2,ship,0,100,8.246583,1
2,ship,0,101,8.274000,1
2,ship,0,102,8.239416,1
2,ship,0,103,8.271708,1
2,ship,0,104,8.222834,1
2,ship,0,105,8.281167,1
2,ship,0,106,8.243041,1
2,ship,0,107,8.278208,1
2,ship,0,108,8.265583,1
2,ship,0,109,8.269834,1
2,ship,0,110,8.236792,1
2,ship,0,111,8.262917,1
2,ship,0,112,8.238000,1
2,ship,0,113,8.267666,1
2,ship,0,114,8.256541,1
2,ship,0,115,8.332917,1
2,ship,0,116,8.444250,1
2,ship,0,117,8.331709,1
2,ship,0,118,8.264250,1
2,ship,0,119,8.284000,1
2,ship,0,120,8.257875,1
2,ship,0,121,8.305208,1
2,ship,0,122,8.270792,1
2,ship,0,123,8.266875,1
2,ship,0,124,8.236708,1
2,ship,0,125,8.261041,1
2,ship,0,126,8.273000,1
2,ship,0,127,8.270833,1
2,ship,0,128,8.248333,1
2,ship,0,129,8.262791,1
2,ship,0,130,8.248750,1
2,ship,0,131,8.275375,1
2,ship,0,132,8.287000,1
2,ship,0,133,8.278125,1
2,ship,0,134,8.257084,1
2,ship,0,135,8.258125,1
2,ship,0,136,8.245708,1
2,ship,0,137,8.249875,1
2,ship,0,138,8.247666,1
2,ship,0,139,8.268542,1
2,ship,0,140,8.263583,1
2,ship,0,141,8.274500,1
2,ship,0,142,8.261083,1
2,ship,0,143,8.238334,1
2,ship,0,144,8.287833,1
2,ship,0,145,8.357958,1
2,ship,0,146,8.285750,1
2,ship,0,147,8.272166,1
2,ship,0,148,8.272541,1
2,ship,0,149,8.242083,1
2,ship,0,150,8.271333,1
2,ship,0,151,8.262333,1
2,ship,0,152,8.286167,1
2,ship,0,153,8.238709,1
2,ship,0,154,8.275583,1
2,ship,0,155,8.246667,1
2,ship,0,156,8.290500,1
2,ship,0,157,8.293417,1
2,ship,0,158,8.284334,1
2,ship,0,159,8.237958,1
3,rd2,0,0,13.916417,0
3,rd2,0,1,12.558167,0
3,rd2,0,2,12.004625,0
3,rd2,0,3,8.742166,0
3,rd2,0,4,8.147333,0
3,rd2,0,5,8.118750,0
3,rd2,0,6,7.844834,0
3,rd2,0,7,7.807542,0
3,rd2,0,8,7.781541,1
3,rd2,0,9,7.729875,1
3,rd2,0,10,7.711708,1
3,rd2,0,11,7.771708,1
3,rd2,0,12,7.747042,1
3,rd2,0,13,7.757958,1
3,rd2,0,14,7.679875,1
3,rd2,0,15,7.760458,1
3,rd2,0,16,7.722916,1
3,rd2,0,17,7.759167,1
3,rd2,0,18,7.771250,1
3,rd2,0,19,7.778291,1
3,rd2,0,20,7.710125,1
3,rd2,0,21,7.655750,1
3,rd2,0,22,7.728042,1
3,rd2,0,23,7.767875,1
3,rd2,0,24,7.801583,1
3,rd2,0,25,7.777542,1
3,rd2,0,26,7.827834,1
3,rd2,0,27,7.787208,1
3,rd2,0,28,7.799166,1
3,rd2,0,29,7.820125,1
3,rd2,0,30,7.821792,1
3,rd2,0,31,7.772083,1
3,rd2,0,32,7.802667,1
3,rd2,0,33,7.790917,1
3,rd2,0,34,7.794625,1
3,rd2,0,35,7.801125,1
3,rd2,0,36,7.776625,1
3,rd2,0,37,7.776208,1
3,rd2,0,38,7.798791,1
3,rd2,0,39,7.802500,1
3,rd2,0,40,7.816458,1
3,rd2,0,41,7.859834,1
3,rd2,0,42,7.825209,1
3,rd2,0,43,7.857750,1
3,rd2,0,44,7.809084,1
3,rd2,0,45,7.805417,1
3,rd2,0,46,7.805709,1
3,rd2,0,47,7.794375,1
3,rd2,0,48,7.810042,1
3,rd2,0,49,7.798208,1
3,rd2,0,50,7.790125,1
3,rd2,0,51,7.807333,1
3,rd2,0,52,7.815541,1
3,rd2,0,53,7.764958,1
3,rd2,0,54,7.834042,1
3,rd2,0,55,7.770250,1
3,rd2,0,56,7.826458,1
3,rd2,0,57,7.785333,1
3,rd2,0,58,7.915625,1
3,rd2,0,59,7.791833,1
3,rd2,0,60,7.845458,1
3,rd2,0,61,7.792250,1
3,rd2,0,62,7.799208,1
3,rd2,0,63,7.784584,1
3,rd2,0,64,7.778833,1
3,rd2,0,65,7.731333,1
3,rd2,0,66,7.820541,1
3,rd2,0,67,7.817292,1
3,rd2,0,68,7.827625,1
3,rd2,0,69,7.838833,1
3,rd2,0,70,7.790625,1
3,rd2,0,71,7.858375,1
3,rd2,0,72,7.814208,1
3,rd2,0,73,7.860042,1
3,rd2,0,74,7.833125,1
3,rd2,0,75,7.841958,1
3,rd2,0,76,7.807709,1
3,rd2,0,77,7.822208,1
3,rd2,0,78,7.810250,1
3,rd2,0,79,7.803584,1
3,rd2,0,80,7.814708,1
3,rd2,0,81,7.815916,1
3,rd2,0,82,7.818042,1
3,rd2,0,83,7.809750,1
3,rd2,0,84,7.826250,1
3,rd2,0,85,7.814667,1
3,rd2,0,86,7.836458,1
3,rd2,0,87,7.857250,1
3,rd2,0,88,7.809458,1
3,rd2,0,89,7.878958,1
3,rd2,0,90,7.862833,1
3,rd2,0,91,7.817541,1
3,rd2,0,92,7.790917,1
3,rd2,0,93,7.838834,1
3,rd2,0,94,7.799583,1
3,rd2,0,95,7.791000,1
3,rd2,0,96,7.836041,1
3,rd2,0,97,7.811291,1
3,rd2,0,98,7.930250,1
3,rd2,0,99,7.880625,1
3,rd2,0,100,7.840250,1
3,rd2,0,101,7.854333,1
3,rd2,0,102,7.830209,1
3,rd2,0,103,7.834417,1
3,rd2,0,104,7.830042,1
3,rd2,0,105,7.847000,1
3,rd2,0,106,7.838709,1
3,rd2,0,107,7.865542,1
3,rd2,0,108,7.865291,1
3,rd2,0,109,7.829417,1
3,rd2,0,110,7.823958,1
3,rd2,0,111,7.851625,1
3,rd2,0,112,7.847875,1
3,rd2,0,113,7.830000,1
3,rd2,0,114,7.843292,1
3,rd2,0,115,7.817792,1
3,rd2,0,116,7.821708,1
3,rd2,0,117,7.817708,1
3,rd2,0,118,7.838583,1
3,rd2,0,119,7.795917,1
3,rd2,0,120,7.806959,1
3,rd2,0,121,7.794375,1
3,rd2,0,122,7.820000,1
3,rd2,0,123,7.813083,1
3,rd2,0,124,7.905209,1
3,rd2,0,125,7.803417,1
3,rd2,0,126,7.838000,1
3,rd2,0,127,7.779708,1
3,rd2,0,128,7.811833,1
3,rd2,0,129,7.883917,1
3,rd2,0,130,7.857667,1
3,rd2,0,131,7.937916,1
3,rd2,0,132,7.849792,1
3,rd2,0,133,7.840042,1
3,rd2,0,134,7.823042,1
3,rd2,0,135,7.831041,1
3,rd2,0,136,7.805208,1
3,rd2,0,137,7.846042,1
3,rd2,0,138,7.799875,1
3,rd2,0,139,7.883333,1
3,rd2,0,140,7.821625,1
3,rd2,0,141,7.959167,1
3,rd2,0,142,7.854375,1
3,rd2,0,143,7.843667,1
3,rd2,0,144,7.879833,1
3,rd2,0,145,7.817875,1
3,rd2,0,146,7.850750,1
3,rd2,0,147,7.870917,1
3,rd2,0,148,7.855333,1
3,rd2,0,149,7.847333,1
3,rd2,0,150,7.875000,1
3,rd2,0,151,7.802042,1
3,rd2,0,152,7.841625,1
3,rd2,0,153,7.838958,1
3,rd2,0,154,7.877833,1
3,rd2,0,155,7.828583,1
3,rd2,0,156,7.900792,1
3,rd2,0,157,7.822125,1
3,rd2,0,158,7.869000,1
3,rd2,0,159,7.904500,1
4,rd1,0,0,8.709459,0
4,rd1,0,1,7.669208,0
4,rd1,0,2,7.611875,0
4,rd1,0,3,7.610250,0
4,rd1,0,4,7.572833,0
4,rd1,0,5,7.559708,0
4,rd1,0,6,7.534500,0
4,rd1,0,7,7.541084,0
4,rd1,0,8,7.566875,1
4,rd1,0,9,7.541917,1
4,rd1,0,10,7.590750,1
4,rd1,0,11,7.527375,1
4,rd1,0,12,7.596875,1
4,rd1,0,13,7.552750,1
4,rd1,0,14,7.574250,1
4,rd1,0,15,7.595916,1
4,rd1,0,16,7.541583,1
4,rd1,0,17,7.550667,1
4,rd1,0,18,7.553250,1
4,rd1,0,19,7.550834,1
4,rd1,0,20,7.541250,1
4,rd1,0,21,7.598208,1
4,rd1,0,22,7.561541,1
4,rd1,0,23,7.560000,1
4,rd1,0,24,7.587000,1
4,rd1,0,25,7.563084,1
4,rd1,0,26,7.615334,1
4,rd1,0,27,7.586625,1
4,rd1,0,28,7.631959,1
4,rd1,0,29,7.562833,1
4,rd1,0,30,7.611583,1
4,rd1,0,31,7.559334,1
4,rd1,0,32,7.609375,1
4,rd1,0,33,7.577209,1
4,rd1,0,34,7.542417,1
4,rd1,0,35,7.545042,1
4,rd1,0,36,7.589042,1
4,rd1,0,37,7.562583,1
4,rd1,0,38,7.547708,1
4,rd1,0,39,7.587000,1
4,rd1,0,40,7.560334,1
4,rd1,0,41,7.578042,1
4,rd1,0,42,7.582000,1
4,rd1,0,43,7.608042,1
4,rd1,0,44,7.554333,1
4,rd1,0,45,7.622125,1
4,rd1,0,46,7.595125,1
4,rd1,0,47,7.601000,1
4,rd1,0,48,7.611750,1
4,rd1,0,49,7.575084,1
4,rd1,0,50,7.586417,1
4,rd1,0,51,7.586292,1
4,rd1,0,52,7.552666,1
4,rd1,0,53,7.561333,1
4,rd1,0,54,7.662167,1
4,rd1,0,55,7.549084,1
4,rd1,0,56,7.554083,1
4,rd1,0,57,7.590833,1
4,rd1,0,58,7.589458,1
4,rd1,0,59,7.549083,1
4,rd1,0,60,7.592833,1
4,rd1,0,61,7.588250,1
4,rd1,0,62,7.575625,1
4,rd1,0,63,7.623334,1
4,rd1,0,64,7.575041,1
4,rd1,0,65,7.616833,1
4,rd1,0,66,7.614625,1
4,rd1,0,67,7.587292,1
4,rd1,0,68,7.597666,1
4,rd1,0,69,7.605917,1
4,rd1,0,70,7.568500,1
4,rd1,0,71,7.541041,1
4,rd1,0,72,7.629750,1
4,rd1,0,73,7.554958,1
4,rd1,0,74,7.574583,1
4,rd1,0,75,7.605125,1
4,rd1,0,76,7.588625,1
4,rd1,0,77,7.645166,1
4,rd1,0,78,7.639000,1
4,rd1,0,79,7.571917,1
4,rd1,0,80,7.590167,1
4,rd1,0,81,7.596208,1
4,rd1,0,82,7.558084,1
4,rd1,0,83,7.585417,1
4,rd1,0,84,7.598750,1
4,rd1,0,85,7.634583,1
4,rd1,0,86,7.612084,1
4,rd1,0,87,7.612584,1
4,rd1,0,88,7.582917,1
4,rd1,0,89,7.588250,1
4,rd1,0,90,7.637958,1
4,rd1,0,91,7.601125,1
4,rd1,0,92,7.623917,1
4,rd1,0,93,7.607750,1
4,rd1,0,94,7.619250,1
4,rd1,0,95,7.546375,1
4,rd1,0,96,7.671083,1
4,rd1,0,97,7.586125,1
4,rd1,0,98,7.608708,1
4,rd1,0,99,7.603291,1
4,rd1,0,100,7.644000,1
4,rd1,0,101,7.584208,1
4,rd1,0,102,7.628708,1
4,rd1,0,103,7.570583,1
4,rd1,0,104,7.593917,1
4,rd1,0,105,7.633125,1
4,rd1,0,106,7.575833,1
4,rd1,0,107,7.603708,1
4,rd1,0,108,7.586375,1
4,rd1,0,109,7.577208,1
4,rd1,0,110,7.563250,1
4,rd1,0,111,7.599166,1
4,rd1,0,112,7.519416,1
4,rd1,0,113,7.576916,1
4,rd1,0,114,7.612708,1
4,rd1,0,115,7.600375,1
4,rd1,0,116,7.584959,1
4,rd1,0,117,7.651875,1
4,rd1,0,118,7.564084,1
4,rd1,0,119,7.689375,1
4,rd1,0,120,7.647417,1
4,rd1,0,121,7.631334,1
4,rd1,0,122,7.600042,1
4,rd1,0,123,7.639541,1
4,rd1,0,124,7.613375,1
4,rd1,0,125,7.587542,1
4,rd1,0,126,7.649667,1
4,rd1,0,127,7.601125,1
4,rd1,0,128,7.594166,1
4,rd1,0,129,7.650542,1
4,rd1,0,130,7.577917,1
4,rd1,0,131,7.594709,1
4,rd1,0,132,7.646500,1
4,rd1,0,133,7.587459,1
4,rd1,0,134,7.590667,1
4,rd1,0,135,7.645375,1
4,rd1,0,136,7.628834,1
4,rd1,0,137,7.589625,1
4,rd1,0,138,7.680166,1
4,rd1,0,139,7.597083,1
4,rd1,0,140,7.608834,1
4,rd1,0,141,7.623291,1
4,rd1,0,142,7.608875,1
4,rd1,0,143,7.607959,1
4,rd1,0,144,7.695792,1
4,rd1,0,145,7.601833,1
4,rd1,0,146,7.682958,1
4,rd1,0,147,7.664583,1
4,rd1,0,148,7.705000,1
4,rd1,0,149,7.616208,1
4,rd1,0,150,7.600834,1
4,rd1,0,151,7.685375,1
4,rd1,0,152,7.586208,1
4,rd1,0,153,7.650083,1
4,rd1,0,154,7.603625,1
4,rd1,0,155,7.629167,1
4,rd1,0,156,7.641625,1
4,rd1,0,157,7.622167,1
4,rd1,0,158,7.621084,1
4,rd1,0,159,7.668416,1
5,rd2,1,0,8.903667,0
5,rd2,1,1,7.886750,0
5,rd2,1,2,7.772708,0
5,rd2,1,3,7.823291,0
5,rd2,1,4,7.837542,0
5,rd2,1,5,7.821125,0
5,rd2,1,6,7.819750,0
5,rd2,1,7,7.822417,0
5,rd2,1,8,7.768417,1
5,rd2,1,9,7.822959,1
5,rd2,1,10,7.778125,1
5,rd2,1,11,7.803708,1
5,rd2,1,12,7.792667,1
5,rd2,1,13,7.788750,1
5,rd2,1,14,7.791958,1
5,rd2,1,15,7.797291,1
5,rd2,1,16,7.799292,1
5,rd2,1,17,7.779916,1
5,rd2,1,18,7.783375,1
5,rd2,1,19,7.769625,1
5,rd2,1,20,7.800125,1
5,rd2,1,21,7.795292,1
5,rd2,1,22,7.803917,1
5,rd2,1,23,7.753458,1
5,rd2,1,24,7.916333,1
5,rd2,1,25,7.760541,1
5,rd2,1,26,7.816708,1
5,rd2,1,27,7.781375,1
5,rd2,1,28,7.798959,1
5,rd2,1,29,7.770083,1
5,rd2,1,30,7.781000,1
5,rd2,1,31,7.786792,1
5,rd2,1,32,7.768083,1
5,rd2,1,33,7.760500,1
5,rd2,1,34,7.752834,1
5,rd2,1,35,7.776125,1
5,rd2,1,36,7.779417,1
5,rd2,1,37,7.768792,1
5,rd2,1,38,7.849958,1
5,rd2,1,39,7.923750,1
5,rd2,1,40,7.781250,1
5,rd2,1,41,7.808583,1
5,rd2,1,42,7.800333,1
5,rd2,1,43,7.792875,1
5,rd2,1,44,7.774208,1
5,rd2,1,45,7.791000,1
5,rd2,1,46,7.783209,1
5,rd2,1,47,7.779208,1
5,rd2,1,48,7.812542,1
5,rd2,1,49,7.782708,1
5,rd2,1,50,7.792042,1
5,rd2,1,51,7.808917,1
5,rd2,1,52,7.805667,1
5,rd2,1,53,7.792083,1
5,rd2,1,54,7.839917,1
5,rd2,1,55,7.787625,1
5,rd2,1,56,7.807875,1
5,rd2,1,57,7.786292,1
5,rd2,1,58,7.833333,1
5,rd2,1,59,7.756667,1
5,rd2,1,60,7.810875,1
5,rd2,1,61,7.776292,1
5,rd2,1,62,7.777291,1
5,rd2,1,63,7.787375,1
5,rd2,1,64,7.774292,1
5,rd2,1,65,7.791917,1
5,rd2,1,66,7.783625,1
5,rd2,1,67,7.827667,1
5,rd2,1,68,7.793333,1
5,rd2,1,69,7.784667,1
5,rd2,1,70,7.782458,1
5,rd2,1,71,7.776500,1
5,rd2,1,72,7.785458,1
5,rd2,1,73,7.785250,1
5,rd2,1,74,7.759625,1
5,rd2,1,75,7.774583,1
5,rd2,1,76,7.768875,1
5,rd2,1,77,7.803042,1
5,rd2,1,78,7.789334,1
5,rd2,1,79,7.789833,1
5,rd2,1,80,7.779125,1
5,rd2,1,81,7.808000,1
5,rd2,1,82,7.809792,1
5,rd2,1,83,7.759583,1
5,rd2,1,84,7.853875,1
5,rd2,1,85,7.829167,1
5,rd2,1,86,7.907833,1
5,rd2,1,87,7.796667,1
5,rd2,1,88,7.782417,1
5,rd2,1,89,7.766875,1
5,rd2,1,90,7.781709,1
5,rd2,1,91,7.789708,1
5,rd2,1,92,7.806709,1
5,rd2,1,93,7.810084,1
5,rd2,1,94,7.824709,1
5,rd2,1,95,7.810000,1
5,rd2,1,96,7.802542,1
5,rd2,1,97,7.805292,1
5,rd2,1,98,7.802167,1
5,rd2,1,99,7.834000,1
5,rd2,1,100,7.789542,1
5,rd2,1,101,7.848542,1
5,rd2,1,102,7.802583,1
5,rd2,1,103,7.840625,1
5,rd2,1,104,7.777000,1
5,rd2,1,105,7.824250,1
5,rd2,1,106,7.806375,1
5,rd2,1,107,7.800458,1
5,rd2,1,108,7.784834,1
5,rd2,1,109,7.817375,1
5,rd2,1,110,7.805709,1
5,rd2,1,111,7.801791,1
5,rd2,1,112,7.790916,1
5,rd2,1,113,7.789583,1
5,rd2,1,114,7.814500,1
5,rd2,1,115,7.800458,1
5,rd2,1,116,7.901459,1
5,rd2,1,117,7.894042,1
5,rd2,1,118,7.933166,1
5,rd2,1,119,7.900458,1
5,rd2,1,120,7.867459,1
5,rd2,1,121,7.823375,1
5,rd2,1,122,7.842334,1
5,rd2,1,123,7.842542,1
5,rd2,1,124,7.834333,1
5,rd2,1,125,7.833875,1
5,rd2,1,126,7.824542,1
5,rd2,1,127,7.820042,1
5,rd2,1,128,7.808625,1
5,rd2,1,129,7.837375,1
5,rd2,1,130,7.825542,1
5,rd2,1,131,7.908250,1
5,rd2,1,132,7.824250,1
5,rd2,1,133,7.888417,1
5,rd2,1,134,7.888750,1
5,rd2,1,135,7.881417,1
5,rd2,1,136,7.833875,1
5,rd2,1,137,7.825250,1
5,rd2,1,138,7.859125,1
5,rd2,1,139,7.815750,1
5,rd2,1,140,7.835000,1
5,rd2,1,141,7.984625,1
5,rd2,1,142,7.814958,1
5,rd2,1,143,7.880375,1
5,rd2,1,144,7.854500,1
5,rd2,1,145,7.779000,1
5,rd2,1,146,7.832666,1
5,rd2,1,147,7.826667,1
5,rd2,1,148,7.833834,1
5,rd2,1,149,7.893375,1
5,rd2,1,150,7.892208,1
5,rd2,1,151,7.848500,1
5,rd2,1,152,7.894667,1
5,rd2,1,153,7.860167,1
5,rd2,1,154,7.851208,1
5,rd2,1,155,7.825500,1
5,rd2,1,156,7.838708,1
5,rd2,1,157,7.847000,1
5,rd2,1,158,7.848167,1
5,rd2,1,159,7.843875,1
6,ship,1,0,9.488000,0
6,ship,1,1,8.419166,0
6,ship,1,2,8.323292,0
6,ship,1,3,8.357833,0
6,ship,1,4,8.296041,0
6,ship,1,5,8.294959,0
6,ship,1,6,8.139708,0
6,ship,1,7,8.177250,0
6,ship,1,8,8.129459,1
6,ship,1,9,8.137375,1
6,ship,1,10,8.158833,1
6,ship,1,11,8.108292,1
6,ship,1,12,8.147875,1
6,ship,1,13,8.148833,1
6,ship,1,14,8.158250,1
6,ship,1,15,8.181917,1
6,ship,1,16,8.125625,1
6,ship,1,17,8.107167,1
6,ship,1,18,8.094083,1
6,ship,1,19,8.165375,1
6,ship,1,20,8.223250,1
6,ship,1,21,8.205041,1
6,ship,1,22,8.164333,1
6,ship,1,23,8.164875,1
6,ship,1,24,8.150583,1
6,ship,1,25,8.226458,1
6,ship,1,26,8.065875,1
6,ship,1,27,8.041916,1
6,ship,1,28,8.227209,1
6,ship,1,29,8.248583,1
6,ship,1,30,8.261333,1
6,ship,1,31,8.204834,1
6,ship,1,32,8.238625,1
6,ship,1,33,8.244041,1
6,ship,1,34,8.230292,1
6,ship,1,35,8.218917,1
6,ship,1,36,8.242334,1
6,ship,1,37,8.207166,1
6,ship,1,38,8.213500,1
6,ship,1,39,8.223125,1
6,ship,1,40,8.218875,1
6,ship,1,41,8.205125,1
6,ship,1,42,8.236583,1
6,ship,1,43,8.222375,1
6,ship,1,44,8.237875,1
6,ship,1,45,8.227500,1
6,ship,1,46,8.234542,1
6,ship,1,47,8.217458,1
6,ship,1,48,8.217000,1
6,ship,1,49,8.228250,1
6,ship,1,50,8.263917,1
6,ship,1,51,8.218167,1
6,ship,1,52,8.208958,1
6,ship,1,53,8.241709,1
6,ship,1,54,8.218792,1
6,ship,1,55,8.270250,1
6,ship,1,56,8.261958,1
6,ship,1,57,8.226875,1
6,ship,1,58,8.235750,1
6,ship,1,59,8.232666,1
6,ship,1,60,8.247500,1
6,ship,1,61,8.225125,1
6,ship,1,62,8.240666,1
6,ship,1,63,8.279834,1
6,ship,1,64,8.245167,1
6,ship,1,65,8.237084,1
6,ship,1,66,8.262584,1
6,ship,1,67,8.183125,1
6,ship,1,68,8.211250,1
6,ship,1,69,8.205334,1
6,ship,1,70,8.343834,1
6,ship,1,71,8.258500,1
6,ship,1,72,8.226375,1
6,ship,1,73,8.246459,1
6,ship,1,74,8.260667,1
6,ship,1,75,8.267500,1
6,ship,1,76,8.238167,1
6,ship,1,77,8.257625,1
6,ship,1,78,8.227459,1
6,ship,1,79,8.247417,1
6,ship,1,80,8.244083,1
6,ship,1,81,8.233833,1
6,ship,1,82,8.348375,1
6,ship,1,83,8.255416,1
6,ship,1,84,8.323417,1
6,ship,1,85,8.259125,1
6,ship,1,86,8.225166,1
6,ship,1,87,8.238167,1
6,ship,1,88,8.223875,1
6,ship,1,89,8.250083,1
6,ship,1,90,8.225416,1
6,ship,1,91,8.248084,1
6,ship,1,92,8.247459,1
6,ship,1,93,8.237709,1
6,ship,1,94,8.334834,1
6,ship,1,95,8.426166,1
6,ship,1,96,8.317542,1
6,ship,1,97,8.264083,1
6,ship,1,98,8.271875,1
6,ship,1,99,8.260458,1
6,ship,1,100,8.266167,1
6,ship,1,101,8.259791,1
6,ship,1,102,8.266083,1
6,ship,1,103,8.290667,1
6,ship,1,104,8.230500,1
6,ship,1,105,8.289833,1
6,ship,1,106,8.235292,1
6,ship,1,107,8.273291,1
6,ship,1,108,8.241417,1
6,ship,1,109,8.291750,1
6,ship,1,110,8.248208,1
6,ship,1,111,8.301875,1
6,ship,1,112,8.233667,1
6,ship,1,113,8.267083,1
6,ship,1,114,8.243500,1
6,ship,1,115,8.308625,1
6,ship,1,116,8.240958,1
6,ship,1,117,8.308958,1
6,ship,1,118,8.235750,1
6,ship,1,119,8.300834,1
6,ship,1,120,8.214667,1
6,ship,1,121,8.295209,1
6,ship,1,122,8.233917,1
6,ship,1,123,8.300958,1
6,ship,1,124,8.369375,1
6,ship,1,125,8.333167,1
6,ship,1,126,8.384250,1
6,ship,1,127,8.350917,1
6,ship,1,128,8.289417,1
6,ship,1,129,8.289334,1
6,ship,1,130,8.337375,1
6,ship,1,131,8.281500,1
6,ship,1,132,8.241792,1
6,ship,1,133,8.334625,1
6,ship,1,134,8.290875,1
6,ship,1,135,8.365500,1
6,ship,1,136,8.243000,1
6,ship,1,137,8.300375,1
6,ship,1,138,8.245417,1
6,ship,1,139,8.244208,1
6,ship,1,140,8.258125,1
6,ship,1,141,8.255792,1
6,ship,1,142,8.242000,1
6,ship,1,143,8.245375,1
6,ship,1,144,8.267625,1
6,ship,1,145,8.252208,1
6,ship,1,146,8.254584,1
6,ship,1,147,8.258250,1
6,ship,1,148,8.199000,1
6,ship,1,149,8.275250,1
6,ship,1,150,8.264625,1
6,ship,1,151,8.272000,1
6,ship,1,152,8.237792,1
6,ship,1,153,8.261250,1
6,ship,1,154,8.251209,1
6,ship,1,155,8.252875,1
6,ship,1,156,8.238875,1
6,ship,1,157,8.281500,1
6,ship,1,158,8.244875,1
6,ship,1,159,8.269584,1
7,rd1,1,0,14.291416,0
7,rd1,1,1,7.669792,0
7,rd1,1,2,7.638500,0
7,rd1,1,3,7.600416,0
7,rd1,1,4,7.617667,0
7,rd1,1,5,7.570500,0
7,rd1,1,6,7.601583,0
7,rd1,1,7,7.605208,0
7,rd1,1,8,7.595834,1
7,rd1,1,9,7.577292,1
7,rd1,1,10,7.598125,1
7,rd1,1,11,7.571250,1
7,rd1,1,12,7.595041,1
7,rd1,1,13,7.539417,1
7,rd1,1,14,7.557000,1
7,rd1,1,15,7.604583,1
7,rd1,1,16,7.553875,1
7,rd1,1,17,7.611083,1
7,rd1,1,18,7.559333,1
7,rd1,1,19,7.595458,1
7,rd1,1,20,7.544750,1
7,rd1,1,21,7.596750,1
7,rd1,1,22,7.571125,1
7,rd1,1,23,7.595709,1
7,rd1,1,24,7.620167,1
7,rd1,1,25,7.577917,1
7,rd1,1,26,7.631291,1
7,rd1,1,27,7.594666,1
7,rd1,1,28,7.600125,1
7,rd1,1,29,7.561875,1
7,rd1,1,30,7.636292,1
7,rd1,1,31,7.557792,1
7,rd1,1,32,7.583625,1
7,rd1,1,33,7.640125,1
7,rd1,1,34,7.601250,1
7,rd1,1,35,7.599250,1
7,rd1,1,36,7.601416,1
7,rd1,1,37,7.597000,1
7,rd1,1,38,7.607542,1
7,rd1,1,39,7.616375,1
7,rd1,1,40,7.586750,1
7,rd1,1,41,7.594042,1
7,rd1,1,42,7.570625,1
7,rd1,1,43,7.597375,1
7,rd1,1,44,7.575333,1
7,rd1,1,45,7.615584,1
7,rd1,1,46,7.620416,1
7,rd1,1,47,7.573625,1
7,rd1,1,48,7.596833,1
7,rd1,1,49,7.593542,1
7,rd1,1,50,7.599459,1
7,rd1,1,51,7.611875,1
7,rd1,1,52,7.629917,1
7,rd1,1,53,7.597458,1
7,rd1,1,54,7.639708,1
7,rd1,1,55,7.579875,1
7,rd1,1,56,7.553416,1
7,rd1,1,57,7.641958,1
7,rd1,1,58,7.581958,1
7,rd1,1,59,7.585583,1
7,rd1,1,60,7.588250,1
7,rd1,1,61,7.577958,1
7,rd1,1,62,7.580916,1
7,rd1,1,63,7.659125,1
7,rd1,1,64,7.589542,1
7,rd1,1,65,7.577459,1
7,rd1,1,66,7.602875,1
7,rd1,1,67,7.576250,1
7,rd1,1,68,7.577583,1
7,rd1,1,69,7.601458,1
7,rd1,1,70,7.594333,1
7,rd1,1,71,7.586083,1
7,rd1,1,72,7.620375,1
7,rd1,1,73,7.550250,1
7,rd1,1,74,7.595083,1
7,rd1,1,75,7.586417,1
7,rd1,1,76,7.641250,1
7,rd1,1,77,7.575084,1
7,rd1,1,78,7.669416,1
7,rd1,1,79,7.603542,1
7,rd1,1,80,7.564541,1
7,rd1,1,81,7.619375,1
7,rd1,1,82,7.584709,1
7,rd1,1,83,7.585125,1
7,rd1,1,84,7.648083,1
7,rd1,1,85,7.599334,1
7,rd1,1,86,7.597541,1
7,rd1,1,87,7.645917,1
7,rd1,1,88,7.594708,1
7,rd1,1,89,7.568792,1
7,rd1,1,90,7.623542,1
7,rd1,1,91,7.576125,1
7,rd1,1,92,7.572042,1
7,rd1,1,93,7.618500,1
7,rd1,1,94,7.584166,1
7,rd1,1,95,7.563833,1
7,rd1,1,96,7.644834,1
7,rd1,1,97,7.541125,1
7,rd1,1,98,7.655042,1
7,rd1,1,99,7.740625,1
7,rd1,1,100,7.642167,1
7,rd1,1,101,7.609542,1
7,rd1,1,102,7.639708,1
7,rd1,1,103,7.623458,1
7,rd1,1,104,7.599833,1
7,rd1,1,105,7.654375,1
7,rd1,1,106,7.601250,1
7,rd1,1,107,7.596416,1
7,rd1,1,108,7.639917,1
7,rd1,1,109,7.581541,1
7,rd1,1,110,7.575250,1
7,rd1,1,111,7.629542,1
7,rd1,1,112,7.603292,1
7,rd1,1,113,7.604208,1
7,rd1,1,114,7.678459,1
7,rd1,1,115,7.611958,1
7,rd1,1,116,7.620292,1
7,rd1,1,117,7.648667,1
7,rd1,1,118,7.621791,1
7,rd1,1,119,7.601667,1
7,rd1,1,120,7.694250,1
7,rd1,1,121,7.570250,1
7,rd1,1,122,7.632500,1
7,rd1,1,123,7.622750,1
7,rd1,1,124,7.621459,1
7,rd1,1,125,7.602916,1
7,rd1,1,126,7.629458,1
7,rd1,1,127,7.626541,1
7,rd1,1,128,7.585583,1
7,rd1,1,129,7.658667,1
7,rd1,1,130,7.619208,1
7,rd1,1,131,7.675458,1
7,rd1,1,132,7.671209,1
7,rd1,1,133,7.725917,1
7,rd1,1,134,7.652708,1
7,rd1,1,135,7.658625,1
7,rd1,1,136,7.607292,1
7,rd1,1,137,7.579541,1
7,rd1,1,138,7.671500,1
7,rd1,1,139,7.558958,1
7,rd1,1,140,7.613583,1
7,rd1,1,141,7.673917,1
7,rd1,1,142,7.638917,1
7,rd1,1,143,7.600958,1
7,rd1,1,144,7.690333,1
7,rd1,1,145,7.629583,1
7,rd1,1,146,7.612834,1
7,rd1,1,147,7.686709,1
7,rd1,1,148,7.604125,1
7,rd1,1,149,7.617208,1
7,rd1,1,150,7.688833,1
7,rd1,1,151,7.649667,1
7,rd1,1,152,7.633625,1
7,rd1,1,153,7.729333,1
7,rd1,1,154,7.623791,1
7,rd1,1,155,7.694500,1
7,rd1,1,156,7.773583,1
7,rd1,1,157,7.664083,1
7,rd1,1,158,7.621916,1
7,rd1,1,159,7.719875,1
8,rctl,1,0,9.366292,0
8,rctl,1,1,8.343542,0
8,rctl,1,2,8.264792,0
8,rctl,1,3,8.249917,0
8,rctl,1,4,8.241916,0
8,rctl,1,5,8.223791,0
8,rctl,1,6,8.236791,0
8,rctl,1,7,8.216333,0
8,rctl,1,8,8.294916,1
8,rctl,1,9,8.208209,1
8,rctl,1,10,8.222959,1
8,rctl,1,11,8.234792,1
8,rctl,1,12,8.232375,1
8,rctl,1,13,8.218833,1
8,rctl,1,14,8.225750,1
8,rctl,1,15,8.236375,1
8,rctl,1,16,8.227375,1
8,rctl,1,17,8.268208,1
8,rctl,1,18,8.302208,1
8,rctl,1,19,8.248250,1
8,rctl,1,20,8.243958,1
8,rctl,1,21,8.230708,1
8,rctl,1,22,8.284583,1
8,rctl,1,23,8.229334,1
8,rctl,1,24,8.238917,1
8,rctl,1,25,8.248250,1
8,rctl,1,26,8.204417,1
8,rctl,1,27,8.241792,1
8,rctl,1,28,8.225500,1
8,rctl,1,29,8.238958,1
8,rctl,1,30,8.298292,1
8,rctl,1,31,8.241458,1
8,rctl,1,32,8.209125,1
8,rctl,1,33,8.269458,1
8,rctl,1,34,8.229750,1
8,rctl,1,35,8.259333,1
8,rctl,1,36,8.246750,1
8,rctl,1,37,8.243333,1
8,rctl,1,38,8.204625,1
8,rctl,1,39,8.263042,1
8,rctl,1,40,8.225792,1
8,rctl,1,41,8.213084,1
8,rctl,1,42,8.252000,1
8,rctl,1,43,8.261583,1
8,rctl,1,44,8.224959,1
8,rctl,1,45,8.249291,1
8,rctl,1,46,8.205084,1
8,rctl,1,47,8.261708,1
8,rctl,1,48,8.217000,1
8,rctl,1,49,8.293500,1
8,rctl,1,50,8.212208,1
8,rctl,1,51,8.279958,1
8,rctl,1,52,8.204833,1
8,rctl,1,53,8.276416,1
8,rctl,1,54,8.227584,1
8,rctl,1,55,8.254875,1
8,rctl,1,56,8.216833,1
8,rctl,1,57,8.260291,1
8,rctl,1,58,8.226041,1
8,rctl,1,59,8.316375,1
8,rctl,1,60,8.234917,1
8,rctl,1,61,8.285708,1
8,rctl,1,62,8.212084,1
8,rctl,1,63,8.276583,1
8,rctl,1,64,8.222500,1
8,rctl,1,65,8.247458,1
8,rctl,1,66,8.213834,1
8,rctl,1,67,8.247458,1
8,rctl,1,68,8.256041,1
8,rctl,1,69,8.279958,1
8,rctl,1,70,8.257875,1
8,rctl,1,71,8.285041,1
8,rctl,1,72,8.238458,1
8,rctl,1,73,8.270000,1
8,rctl,1,74,8.223333,1
8,rctl,1,75,8.240208,1
8,rctl,1,76,8.227375,1
8,rctl,1,77,8.260667,1
8,rctl,1,78,8.202791,1
8,rctl,1,79,8.229375,1
8,rctl,1,80,8.231000,1
8,rctl,1,81,8.252000,1
8,rctl,1,82,8.247250,1
8,rctl,1,83,8.235500,1
8,rctl,1,84,8.275500,1
8,rctl,1,85,8.386666,1
8,rctl,1,86,8.286750,1
8,rctl,1,87,8.256833,1
8,rctl,1,88,8.237375,1
8,rctl,1,89,8.233875,1
8,rctl,1,90,8.228791,1
8,rctl,1,91,8.263916,1
8,rctl,1,92,8.214500,1
8,rctl,1,93,8.240875,1
8,rctl,1,94,8.240542,1
8,rctl,1,95,8.245875,1
8,rctl,1,96,8.243500,1
8,rctl,1,97,8.239708,1
8,rctl,1,98,8.240250,1
8,rctl,1,99,8.272167,1
8,rctl,1,100,8.240583,1
8,rctl,1,101,8.246042,1
8,rctl,1,102,8.271666,1
8,rctl,1,103,8.281750,1
8,rctl,1,104,8.255458,1
8,rctl,1,105,8.343292,1
8,rctl,1,106,8.238834,1
8,rctl,1,107,8.319625,1
8,rctl,1,108,8.241084,1
8,rctl,1,109,8.260000,1
8,rctl,1,110,8.269792,1
8,rctl,1,111,8.263083,1
8,rctl,1,112,8.256958,1
8,rctl,1,113,8.234833,1
8,rctl,1,114,8.244875,1
8,rctl,1,115,8.346083,1
8,rctl,1,116,8.401292,1
8,rctl,1,117,8.287166,1
8,rctl,1,118,8.285708,1
8,rctl,1,119,8.261042,1
8,rctl,1,120,8.280292,1
8,rctl,1,121,8.225667,1
8,rctl,1,122,8.268083,1
8,rctl,1,123,8.240959,1
8,rctl,1,124,8.267958,1
8,rctl,1,125,8.252500,1
8,rctl,1,126,8.264291,1
8,rctl,1,127,8.243125,1
8,rctl,1,128,8.218125,1
8,rctl,1,129,8.267208,1
8,rctl,1,130,8.248334,1
8,rctl,1,131,8.251208,1
8,rctl,1,132,8.226375,1
8,rctl,1,133,8.238333,1
8,rctl,1,134,8.294167,1
8,rctl,1,135,8.228250,1
8,rctl,1,136,8.275208,1
8,rctl,1,137,8.262416,1
8,rctl,1,138,8.267334,1
8,rctl,1,139,8.285083,1
8,rctl,1,140,8.286625,1
8,rctl,1,141,8.249500,1
8,rctl,1,142,8.280709,1
8,rctl,1,143,8.269417,1
8,rctl,1,144,8.282209,1
8,rctl,1,145,8.345959,1
8,rctl,1,146,8.331958,1
8,rctl,1,147,8.251667,1
8,rctl,1,148,8.290917,1
8,rctl,1,149,8.267375,1
8,rctl,1,150,8.351917,1
8,rctl,1,151,8.238583,1
8,rctl,1,152,8.276458,1
8,rctl,1,153,8.273500,1
8,rctl,1,154,8.300125,1
8,rctl,1,155,8.243209,1
8,rctl,1,156,8.260041,1
8,rctl,1,157,8.275917,1
8,rctl,1,158,8.285667,1
8,rctl,1,159,8.267834,1
9,rctl,2,0,9.333584,0
9,rctl,2,1,8.323292,0
9,rctl,2,2,8.267667,0
9,rctl,2,3,8.297916,0
9,rctl,2,4,8.336792,0
9,rctl,2,5,8.242167,0
9,rctl,2,6,8.208875,0
9,rctl,2,7,8.218375,0
9,rctl,2,8,8.195375,1
9,rctl,2,9,8.233708,1
9,rctl,2,10,8.216500,1
9,rctl,2,11,8.256292,1
9,rctl,2,12,8.173334,1
9,rctl,2,13,8.248709,1
9,rctl,2,14,8.222333,1
9,rctl,2,15,8.244709,1
9,rctl,2,16,8.237583,1
9,rctl,2,17,8.250250,1
9,rctl,2,18,8.275542,1
9,rctl,2,19,8.251334,1
9,rctl,2,20,8.231791,1
9,rctl,2,21,8.240500,1
9,rctl,2,22,8.176125,1
9,rctl,2,23,8.252083,1
9,rctl,2,24,8.227208,1
9,rctl,2,25,8.250333,1
9,rctl,2,26,8.228916,1
9,rctl,2,27,8.281875,1
9,rctl,2,28,8.186958,1
9,rctl,2,29,8.260375,1
9,rctl,2,30,8.201166,1
9,rctl,2,31,8.342375,1
9,rctl,2,32,8.221875,1
9,rctl,2,33,8.257542,1
9,rctl,2,34,8.210041,1
9,rctl,2,35,8.331208,1
9,rctl,2,36,8.225083,1
9,rctl,2,37,8.270083,1
9,rctl,2,38,8.226208,1
9,rctl,2,39,8.287667,1
9,rctl,2,40,8.234583,1
9,rctl,2,41,8.248709,1
9,rctl,2,42,8.222625,1
9,rctl,2,43,8.291625,1
9,rctl,2,44,8.222084,1
9,rctl,2,45,8.250083,1
9,rctl,2,46,8.212792,1
9,rctl,2,47,8.268375,1
9,rctl,2,48,8.215625,1
9,rctl,2,49,8.244708,1
9,rctl,2,50,8.215375,1
9,rctl,2,51,8.266292,1
9,rctl,2,52,8.252583,1
9,rctl,2,53,8.268250,1
9,rctl,2,54,8.224084,1
9,rctl,2,55,8.261500,1
9,rctl,2,56,8.232709,1
9,rctl,2,57,8.234334,1
9,rctl,2,58,8.223916,1
9,rctl,2,59,8.254083,1
9,rctl,2,60,8.228625,1
9,rctl,2,61,8.241750,1
9,rctl,2,62,8.195917,1
9,rctl,2,63,8.309083,1
9,rctl,2,64,8.236292,1
9,rctl,2,65,8.234250,1
9,rctl,2,66,8.233000,1
9,rctl,2,67,8.247792,1
9,rctl,2,68,8.223958,1
9,rctl,2,69,8.279083,1
9,rctl,2,70,8.253459,1
9,rctl,2,71,8.255916,1
9,rctl,2,72,8.217208,1
9,rctl,2,73,8.261125,1
9,rctl,2,74,8.235792,1
9,rctl,2,75,8.264208,1
9,rctl,2,76,8.242375,1
9,rctl,2,77,8.268959,1
9,rctl,2,78,8.266541,1
9,rctl,2,79,8.232250,1
9,rctl,2,80,8.234708,1
9,rctl,2,81,8.232625,1
9,rctl,2,82,8.247666,1
9,rctl,2,83,8.243417,1
9,rctl,2,84,8.222209,1
9,rctl,2,85,8.232208,1
9,rctl,2,86,8.229125,1
9,rctl,2,87,8.229166,1
9,rctl,2,88,8.218042,1
9,rctl,2,89,8.220667,1
9,rctl,2,90,8.247083,1
9,rctl,2,91,8.211209,1
9,rctl,2,92,8.286125,1
9,rctl,2,93,8.270750,1
9,rctl,2,94,8.323542,1
9,rctl,2,95,8.327666,1
9,rctl,2,96,8.255084,1
9,rctl,2,97,8.230084,1
9,rctl,2,98,8.243292,1
9,rctl,2,99,8.244375,1
9,rctl,2,100,8.230542,1
9,rctl,2,101,8.225416,1
9,rctl,2,102,8.256000,1
9,rctl,2,103,8.231792,1
9,rctl,2,104,8.250291,1
9,rctl,2,105,8.233208,1
9,rctl,2,106,8.220042,1
9,rctl,2,107,8.253417,1
9,rctl,2,108,8.237084,1
9,rctl,2,109,8.246917,1
9,rctl,2,110,8.258750,1
9,rctl,2,111,8.269917,1
9,rctl,2,112,8.275125,1
9,rctl,2,113,8.244709,1
9,rctl,2,114,8.250042,1
9,rctl,2,115,8.256791,1
9,rctl,2,116,8.264750,1
9,rctl,2,117,8.265584,1
9,rctl,2,118,8.302916,1
9,rctl,2,119,8.254209,1
9,rctl,2,120,8.269958,1
9,rctl,2,121,8.235250,1
9,rctl,2,122,8.257542,1
9,rctl,2,123,8.210334,1
9,rctl,2,124,8.348166,1
9,rctl,2,125,8.316875,1
9,rctl,2,126,8.459166,1
9,rctl,2,127,8.295625,1
9,rctl,2,128,8.302000,1
9,rctl,2,129,8.240916,1
9,rctl,2,130,8.260750,1
9,rctl,2,131,8.221209,1
9,rctl,2,132,8.297583,1
9,rctl,2,133,8.229000,1
9,rctl,2,134,8.250042,1
9,rctl,2,135,8.256125,1
9,rctl,2,136,8.404042,1
9,rctl,2,137,8.223542,1
9,rctl,2,138,8.351834,1
9,rctl,2,139,8.226875,1
9,rctl,2,140,8.257041,1
9,rctl,2,141,8.243208,1
9,rctl,2,142,8.368708,1
9,rctl,2,143,8.251292,1
9,rctl,2,144,8.359792,1
9,rctl,2,145,8.228875,1
9,rctl,2,146,8.296916,1
9,rctl,2,147,8.255625,1
9,rctl,2,148,8.291333,1
9,rctl,2,149,8.230958,1
9,rctl,2,150,8.277000,1
9,rctl,2,151,8.255208,1
9,rctl,2,152,8.296292,1
9,rctl,2,153,8.261291,1
9,rctl,2,154,8.291292,1
9,rctl,2,155,8.272791,1
9,rctl,2,156,8.262209,1
9,rctl,2,157,8.243042,1
9,rctl,2,158,8.281917,1
9,rctl,2,159,8.261167,1
10,ship,2,0,9.417500,0
10,ship,2,1,8.356958,0
10,ship,2,2,8.257750,0
10,ship,2,3,8.250459,0
10,ship,2,4,8.233667,0
10,ship,2,5,8.234083,0
10,ship,2,6,8.236209,0
10,ship,2,7,8.222667,0
10,ship,2,8,8.221416,1
10,ship,2,9,8.204708,1
10,ship,2,10,8.230125,1
10,ship,2,11,8.218292,1
10,ship,2,12,8.242584,1
10,ship,2,13,8.214917,1
10,ship,2,14,8.227208,1
10,ship,2,15,8.196542,1
10,ship,2,16,8.217333,1
10,ship,2,17,8.208625,1
10,ship,2,18,8.257333,1
10,ship,2,19,8.209625,1
10,ship,2,20,8.233708,1
10,ship,2,21,8.204459,1
10,ship,2,22,8.229542,1
10,ship,2,23,8.218875,1
10,ship,2,24,8.252042,1
10,ship,2,25,8.220833,1
10,ship,2,26,8.255000,1
10,ship,2,27,8.235917,1
10,ship,2,28,8.270250,1
10,ship,2,29,8.238333,1
10,ship,2,30,8.244917,1
10,ship,2,31,8.198042,1
10,ship,2,32,8.239708,1
10,ship,2,33,8.209917,1
10,ship,2,34,8.275291,1
10,ship,2,35,8.231250,1
10,ship,2,36,8.253917,1
10,ship,2,37,8.195334,1
10,ship,2,38,8.248917,1
10,ship,2,39,8.209500,1
10,ship,2,40,8.258708,1
10,ship,2,41,8.221417,1
10,ship,2,42,8.294167,1
10,ship,2,43,8.209041,1
10,ship,2,44,8.244583,1
10,ship,2,45,8.217542,1
10,ship,2,46,8.297291,1
10,ship,2,47,8.239292,1
10,ship,2,48,8.263791,1
10,ship,2,49,8.221875,1
10,ship,2,50,8.304875,1
10,ship,2,51,8.256500,1
10,ship,2,52,8.263125,1
10,ship,2,53,8.206083,1
10,ship,2,54,8.243292,1
10,ship,2,55,8.208500,1
10,ship,2,56,8.271083,1
10,ship,2,57,8.256625,1
10,ship,2,58,8.250000,1
10,ship,2,59,8.254167,1
10,ship,2,60,8.244458,1
10,ship,2,61,8.229125,1
10,ship,2,62,8.243041,1
10,ship,2,63,8.212375,1
10,ship,2,64,8.284667,1
10,ship,2,65,8.223708,1
10,ship,2,66,8.243834,1
10,ship,2,67,8.227208,1
10,ship,2,68,8.269500,1
10,ship,2,69,8.237250,1
10,ship,2,70,8.244125,1
10,ship,2,71,8.252667,1
10,ship,2,72,8.269208,1
10,ship,2,73,8.220416,1
10,ship,2,74,8.272917,1
10,ship,2,75,8.244333,1
10,ship,2,76,8.247583,1
10,ship,2,77,8.220250,1
10,ship,2,78,8.257083,1
10,ship,2,79,8.308042,1
10,ship,2,80,8.373917,1
10,ship,2,81,8.251541,1
10,ship,2,82,8.251959,1
10,ship,2,83,8.251625,1
10,ship,2,84,8.265917,1
10,ship,2,85,8.221750,1
10,ship,2,86,8.254125,1
10,ship,2,87,8.238208,1
10,ship,2,88,8.273125,1
10,ship,2,89,8.251667,1
10,ship,2,90,8.227708,1
10,ship,2,91,8.230292,1
10,ship,2,92,8.247750,1
10,ship,2,93,8.233750,1
10,ship,2,94,8.271250,1
10,ship,2,95,8.262167,1
10,ship,2,96,8.259208,1
10,ship,2,97,8.267666,1
10,ship,2,98,8.253667,1
10,ship,2,99,8.306250,1
10,ship,2,100,8.253417,1
10,ship,2,101,8.259125,1
10,ship,2,102,8.238209,1
10,ship,2,103,8.244458,1
10,ship,2,104,8.234708,1
10,ship,2,105,8.245833,1
10,ship,2,106,8.215292,1
10,ship,2,107,8.221834,1
10,ship,2,108,8.242667,1
10,ship,2,109,8.254333,1
10,ship,2,110,8.303083,1
10,ship,2,111,8.441000,1
10,ship,2,112,8.282417,1
10,ship,2,113,8.233750,1
10,ship,2,114,8.257834,1
10,ship,2,115,8.254458,1
10,ship,2,116,8.196834,1
10,ship,2,117,8.245000,1
10,ship,2,118,8.234125,1
10,ship,2,119,8.253292,1
10,ship,2,120,8.243000,1
10,ship,2,121,8.250583,1
10,ship,2,122,8.295750,1
10,ship,2,123,8.241625,1
10,ship,2,124,8.233167,1
10,ship,2,125,8.260791,1
10,ship,2,126,8.245625,1
10,ship,2,127,8.257000,1
10,ship,2,128,8.223042,1
10,ship,2,129,8.248709,1
10,ship,2,130,8.247042,1
10,ship,2,131,8.293833,1
10,ship,2,132,8.264000,1
10,ship,2,133,8.265916,1
10,ship,2,134,8.299000,1
10,ship,2,135,8.313167,1
10,ship,2,136,8.241083,1
10,ship,2,137,8.286667,1
10,ship,2,138,8.215875,1
10,ship,2,139,8.244208,1
10,ship,2,140,8.312041,1
10,ship,2,141,8.382750,1
10,ship,2,142,8.253250,1
10,ship,2,143,8.283042,1
10,ship,2,144,8.238041,1
10,ship,2,145,8.290583,1
10,ship,2,146,8.232417,1
10,ship,2,147,8.302792,1
10,ship,2,148,8.274417,1
10,ship,2,149,8.295958,1
10,ship,2,150,8.251667,1
10,ship,2,151,8.312875,1
10,ship,2,152,8.248875,1
10,ship,2,153,8.244625,1
10,ship,2,154,8.257833,1
10,ship,2,155,8.309417,1
10,ship,2,156,8.287625,1
10,ship,2,157,8.361500,1
10,ship,2,158,8.279583,1
10,ship,2,159,8.314583,1
11,rd2,2,0,29.569417,0
11,rd2,2,1,8.884667,0
11,rd2,2,2,8.250583,0
11,rd2,2,3,8.649208,0
11,rd2,2,4,8.086000,0
11,rd2,2,5,8.105708,0
11,rd2,2,6,7.901292,0
11,rd2,2,7,8.100167,0
11,rd2,2,8,7.836167,1
11,rd2,2,9,7.896875,1
11,rd2,2,10,7.740709,1
11,rd2,2,11,7.857500,1
11,rd2,2,12,7.742542,1
11,rd2,2,13,7.883166,1
11,rd2,2,14,7.842833,1
11,rd2,2,15,7.768708,1
11,rd2,2,16,7.849334,1
11,rd2,2,17,7.711959,1
11,rd2,2,18,7.969625,1
11,rd2,2,19,7.714125,1
11,rd2,2,20,8.077000,1
11,rd2,2,21,7.694083,1
11,rd2,2,22,7.855375,1
11,rd2,2,23,7.692833,1
11,rd2,2,24,7.954583,1
11,rd2,2,25,7.690042,1
11,rd2,2,26,7.876625,1
11,rd2,2,27,7.747583,1
11,rd2,2,28,7.852625,1
11,rd2,2,29,7.750416,1
11,rd2,2,30,7.869750,1
11,rd2,2,31,7.822542,1
11,rd2,2,32,7.720042,1
11,rd2,2,33,7.897667,1
11,rd2,2,34,7.698584,1
11,rd2,2,35,7.933583,1
11,rd2,2,36,7.835750,1
11,rd2,2,37,7.935625,1
11,rd2,2,38,7.858333,1
11,rd2,2,39,8.110833,1
11,rd2,2,40,7.841625,1
11,rd2,2,41,7.864042,1
11,rd2,2,42,7.858833,1
11,rd2,2,43,7.850583,1
11,rd2,2,44,7.855333,1
11,rd2,2,45,7.838458,1
11,rd2,2,46,7.864417,1
11,rd2,2,47,7.925625,1
11,rd2,2,48,7.888042,1
11,rd2,2,49,7.843708,1
11,rd2,2,50,7.978000,1
11,rd2,2,51,7.808416,1
11,rd2,2,52,7.979750,1
11,rd2,2,53,7.814500,1
11,rd2,2,54,7.982167,1
11,rd2,2,55,7.803667,1
11,rd2,2,56,8.049500,1
11,rd2,2,57,7.828625,1
11,rd2,2,58,7.924416,1
11,rd2,2,59,7.853125,1
11,rd2,2,60,7.929000,1
11,rd2,2,61,7.843666,1
11,rd2,2,62,7.853709,1
11,rd2,2,63,7.852000,1
11,rd2,2,64,7.877292,1
11,rd2,2,65,7.891459,1
11,rd2,2,66,7.924959,1
11,rd2,2,67,7.923625,1
11,rd2,2,68,7.902125,1
11,rd2,2,69,7.961083,1
11,rd2,2,70,7.828458,1
11,rd2,2,71,7.943458,1
11,rd2,2,72,7.813166,1
11,rd2,2,73,8.039959,1
11,rd2,2,74,7.821250,1
11,rd2,2,75,8.039958,1
11,rd2,2,76,7.903542,1
11,rd2,2,77,7.929875,1
11,rd2,2,78,7.889833,1
11,rd2,2,79,7.884584,1
11,rd2,2,80,7.826250,1
11,rd2,2,81,7.862458,1
11,rd2,2,82,7.857583,1
11,rd2,2,83,7.899083,1
11,rd2,2,84,7.872167,1
11,rd2,2,85,7.930959,1
11,rd2,2,86,7.880291,1
11,rd2,2,87,7.959375,1
11,rd2,2,88,7.891209,1
11,rd2,2,89,7.831791,1
11,rd2,2,90,8.222416,1
11,rd2,2,91,7.829791,1
11,rd2,2,92,7.987375,1
11,rd2,2,93,7.846084,1
11,rd2,2,94,7.982417,1
11,rd2,2,95,7.843000,1
11,rd2,2,96,7.998250,1
11,rd2,2,97,7.846167,1
11,rd2,2,98,7.918583,1
11,rd2,2,99,7.864917,1
11,rd2,2,100,7.961958,1
11,rd2,2,101,7.835792,1
11,rd2,2,102,7.869250,1
11,rd2,2,103,7.871917,1
11,rd2,2,104,7.887708,1
11,rd2,2,105,7.889084,1
11,rd2,2,106,7.914791,1
11,rd2,2,107,7.905709,1
11,rd2,2,108,7.890666,1
11,rd2,2,109,7.991167,1
11,rd2,2,110,7.863166,1
11,rd2,2,111,7.974042,1
11,rd2,2,112,7.840292,1
11,rd2,2,113,8.053333,1
11,rd2,2,114,7.846708,1
11,rd2,2,115,8.054166,1
11,rd2,2,116,7.860542,1
11,rd2,2,117,7.933250,1
11,rd2,2,118,7.875334,1
11,rd2,2,119,7.922833,1
11,rd2,2,120,7.733417,1
11,rd2,2,121,8.040833,1
11,rd2,2,122,7.916084,1
11,rd2,2,123,7.881708,1
11,rd2,2,124,7.888958,1
11,rd2,2,125,7.884167,1
11,rd2,2,126,7.906708,1
11,rd2,2,127,7.908292,1
11,rd2,2,128,7.944250,1
11,rd2,2,129,7.811542,1
11,rd2,2,130,8.030875,1
11,rd2,2,131,7.846834,1
11,rd2,2,132,7.953417,1
11,rd2,2,133,7.839000,1
11,rd2,2,134,7.968541,1
11,rd2,2,135,7.939209,1
11,rd2,2,136,7.961042,1
11,rd2,2,137,7.852791,1
11,rd2,2,138,7.951334,1
11,rd2,2,139,7.837583,1
11,rd2,2,140,8.002833,1
11,rd2,2,141,7.867583,1
11,rd2,2,142,7.874125,1
11,rd2,2,143,7.879834,1
11,rd2,2,144,7.921666,1
11,rd2,2,145,7.871959,1
11,rd2,2,146,7.889583,1
11,rd2,2,147,7.898208,1
11,rd2,2,148,7.866584,1
11,rd2,2,149,8.007458,1
11,rd2,2,150,7.840791,1
11,rd2,2,151,7.983667,1
11,rd2,2,152,7.878250,1
11,rd2,2,153,7.990625,1
11,rd2,2,154,7.884417,1
11,rd2,2,155,7.953250,1
11,rd2,2,156,7.868417,1
11,rd2,2,157,7.992625,1
11,rd2,2,158,7.864500,1
11,rd2,2,159,7.920917,1
12,rd1,2,0,8.701292,0
12,rd1,2,1,7.650750,0
12,rd1,2,2,7.708709,0
12,rd1,2,3,7.587084,0
12,rd1,2,4,7.630708,0
12,rd1,2,5,7.581917,0
12,rd1,2,6,7.608125,0
12,rd1,2,7,7.564209,0
12,rd1,2,8,7.550500,1
12,rd1,2,9,7.573333,1
12,rd1,2,10,7.522416,1
12,rd1,2,11,7.582125,1
12,rd1,2,12,7.570125,1
12,rd1,2,13,7.577333,1
12,rd1,2,14,7.547416,1
12,rd1,2,15,7.617542,1
12,rd1,2,16,7.541583,1
12,rd1,2,17,7.554167,1
12,rd1,2,18,7.568208,1
12,rd1,2,19,7.543375,1
12,rd1,2,20,7.546166,1
12,rd1,2,21,7.560791,1
12,rd1,2,22,7.550459,1
12,rd1,2,23,7.553958,1
12,rd1,2,24,7.619333,1
12,rd1,2,25,7.553500,1
12,rd1,2,26,7.572333,1
12,rd1,2,27,7.566834,1
12,rd1,2,28,7.707625,1
12,rd1,2,29,7.578291,1
12,rd1,2,30,7.662833,1
12,rd1,2,31,7.577333,1
12,rd1,2,32,7.582125,1
12,rd1,2,33,7.606334,1
12,rd1,2,34,7.565959,1
12,rd1,2,35,7.618792,1
12,rd1,2,36,7.614917,1
12,rd1,2,37,7.573041,1
12,rd1,2,38,7.581959,1
12,rd1,2,39,7.610708,1
12,rd1,2,40,7.565875,1
12,rd1,2,41,7.586375,1
12,rd1,2,42,7.621500,1
12,rd1,2,43,7.545375,1
12,rd1,2,44,7.601833,1
12,rd1,2,45,7.627041,1
12,rd1,2,46,7.633709,1
12,rd1,2,47,7.555000,1
12,rd1,2,48,7.600625,1
12,rd1,2,49,7.557125,1
12,rd1,2,50,7.576459,1
12,rd1,2,51,7.623583,1
12,rd1,2,52,7.574583,1
12,rd1,2,53,7.551333,1
12,rd1,2,54,7.588500,1
12,rd1,2,55,7.592083,1
12,rd1,2,56,7.587041,1
12,rd1,2,57,7.627959,1
12,rd1,2,58,7.595250,1
12,rd1,2,59,7.630917,1
12,rd1,2,60,7.627000,1
12,rd1,2,61,7.589000,1
12,rd1,2,62,7.577708,1
12,rd1,2,63,7.610916,1
12,rd1,2,64,7.577042,1
12,rd1,2,65,7.548208,1
12,rd1,2,66,7.649458,1
12,rd1,2,67,7.563500,1
12,rd1,2,68,7.603709,1
12,rd1,2,69,7.608916,1
12,rd1,2,70,7.591500,1
12,rd1,2,71,7.566792,1
12,rd1,2,72,7.655958,1
12,rd1,2,73,7.575542,1
12,rd1,2,74,7.555666,1
12,rd1,2,75,7.607625,1
12,rd1,2,76,7.558375,1
12,rd1,2,77,7.598292,1
12,rd1,2,78,7.664750,1
12,rd1,2,79,7.602333,1
12,rd1,2,80,7.580500,1
12,rd1,2,81,7.622417,1
12,rd1,2,82,7.579083,1
12,rd1,2,83,7.558333,1
12,rd1,2,84,7.599625,1
12,rd1,2,85,7.561625,1
12,rd1,2,86,7.584541,1
12,rd1,2,87,7.624125,1
12,rd1,2,88,7.586709,1
12,rd1,2,89,7.578459,1
12,rd1,2,90,7.606041,1
12,rd1,2,91,7.551208,1
12,rd1,2,92,7.557250,1
12,rd1,2,93,7.602666,1
12,rd1,2,94,7.570709,1
12,rd1,2,95,7.554375,1
12,rd1,2,96,7.607875,1
12,rd1,2,97,7.561958,1
12,rd1,2,98,7.576333,1
12,rd1,2,99,7.616208,1
12,rd1,2,100,7.592167,1
12,rd1,2,101,7.574667,1
12,rd1,2,102,7.657417,1
12,rd1,2,103,7.649083,1
12,rd1,2,104,7.579792,1
12,rd1,2,105,7.643625,1
12,rd1,2,106,7.580542,1
12,rd1,2,107,7.587708,1
12,rd1,2,108,7.606792,1
12,rd1,2,109,7.569166,1
12,rd1,2,110,7.599000,1
12,rd1,2,111,7.649583,1
12,rd1,2,112,7.665750,1
12,rd1,2,113,7.600083,1
12,rd1,2,114,7.690792,1
12,rd1,2,115,7.592708,1
12,rd1,2,116,7.599000,1
12,rd1,2,117,7.616667,1
12,rd1,2,118,7.607875,1
12,rd1,2,119,7.597334,1
12,rd1,2,120,7.633917,1
12,rd1,2,121,7.603458,1
12,rd1,2,122,7.582625,1
12,rd1,2,123,7.654334,1
12,rd1,2,124,7.600875,1
12,rd1,2,125,7.608958,1
12,rd1,2,126,7.642084,1
12,rd1,2,127,7.617542,1
12,rd1,2,128,7.596042,1
12,rd1,2,129,7.619167,1
12,rd1,2,130,7.614750,1
12,rd1,2,131,7.583959,1
12,rd1,2,132,7.639375,1
12,rd1,2,133,7.576917,1
12,rd1,2,134,7.625667,1
12,rd1,2,135,7.666500,1
12,rd1,2,136,7.657541,1
12,rd1,2,137,7.664375,1
12,rd1,2,138,7.684333,1
12,rd1,2,139,7.602583,1
12,rd1,2,140,7.601792,1
12,rd1,2,141,7.647833,1
12,rd1,2,142,7.618042,1
12,rd1,2,143,7.478875,1
12,rd1,2,144,7.756875,1
12,rd1,2,145,7.685542,1
12,rd1,2,146,7.600000,1
12,rd1,2,147,7.694333,1
12,rd1,2,148,7.602042,1
12,rd1,2,149,7.644000,1
12,rd1,2,150,7.662125,1
12,rd1,2,151,7.607750,1
12,rd1,2,152,7.665958,1
12,rd1,2,153,7.657583,1
12,rd1,2,154,7.657875,1
12,rd1,2,155,7.580542,1
12,rd1,2,156,7.686417,1
12,rd1,2,157,7.585791,1
12,rd1,2,158,7.612291,1
12,rd1,2,159,7.648417,1
13,rctl,3,0,9.367625,0
13,rctl,3,1,8.399125,0
13,rctl,3,2,8.253792,0
13,rctl,3,3,8.329417,0
13,rctl,3,4,8.216500,0
13,rctl,3,5,8.262041,0
13,rctl,3,6,8.323459,0
13,rctl,3,7,8.260583,0
13,rctl,3,8,8.313708,1
13,rctl,3,9,8.260791,1
13,rctl,3,10,8.203750,1
13,rctl,3,11,8.244417,1
13,rctl,3,12,8.232416,1
13,rctl,3,13,8.222750,1
13,rctl,3,14,8.225084,1
13,rctl,3,15,8.241209,1
13,rctl,3,16,8.214625,1
13,rctl,3,17,8.256666,1
13,rctl,3,18,8.217000,1
13,rctl,3,19,8.241084,1
13,rctl,3,20,8.238708,1
13,rctl,3,21,8.243500,1
13,rctl,3,22,8.200750,1
13,rctl,3,23,8.201584,1
13,rctl,3,24,8.216833,1
13,rctl,3,25,8.251833,1
13,rctl,3,26,8.226583,1
13,rctl,3,27,8.233916,1
13,rctl,3,28,8.226334,1
13,rctl,3,29,8.219208,1
13,rctl,3,30,8.214166,1
13,rctl,3,31,8.227416,1
13,rctl,3,32,8.229416,1
13,rctl,3,33,8.246958,1
13,rctl,3,34,8.227042,1
13,rctl,3,35,8.263250,1
13,rctl,3,36,8.219542,1
13,rctl,3,37,8.269625,1
13,rctl,3,38,8.221500,1
13,rctl,3,39,8.261750,1
13,rctl,3,40,8.249125,1
13,rctl,3,41,8.272500,1
13,rctl,3,42,8.206500,1
13,rctl,3,43,8.221667,1
13,rctl,3,44,8.239208,1
13,rctl,3,45,8.237208,1
13,rctl,3,46,8.226625,1
13,rctl,3,47,8.240250,1
13,rctl,3,48,8.255041,1
13,rctl,3,49,8.244208,1
13,rctl,3,50,8.245917,1
13,rctl,3,51,8.230583,1
13,rctl,3,52,8.235958,1
13,rctl,3,53,8.229792,1
13,rctl,3,54,8.217084,1
13,rctl,3,55,8.230791,1
13,rctl,3,56,8.250833,1
13,rctl,3,57,8.228458,1
13,rctl,3,58,8.249791,1
13,rctl,3,59,8.238083,1
13,rctl,3,60,8.281250,1
13,rctl,3,61,8.214500,1
13,rctl,3,62,8.239542,1
13,rctl,3,63,8.218875,1
13,rctl,3,64,8.226750,1
13,rctl,3,65,8.243458,1
13,rctl,3,66,8.303500,1
13,rctl,3,67,8.261000,1
13,rctl,3,68,8.282875,1
13,rctl,3,69,8.250750,1
13,rctl,3,70,8.277875,1
13,rctl,3,71,8.240708,1
13,rctl,3,72,8.253542,1
13,rctl,3,73,8.251083,1
13,rctl,3,74,8.239416,1
13,rctl,3,75,8.229833,1
13,rctl,3,76,8.254542,1
13,rctl,3,77,8.262750,1
13,rctl,3,78,8.294542,1
13,rctl,3,79,8.227917,1
13,rctl,3,80,8.283417,1
13,rctl,3,81,8.235875,1
13,rctl,3,82,8.235750,1
13,rctl,3,83,8.230542,1
13,rctl,3,84,8.262917,1
13,rctl,3,85,8.242792,1
13,rctl,3,86,8.266750,1
13,rctl,3,87,8.254375,1
13,rctl,3,88,8.278292,1
13,rctl,3,89,8.250292,1
13,rctl,3,90,8.274917,1
13,rctl,3,91,8.229542,1
13,rctl,3,92,8.294500,1
13,rctl,3,93,8.228708,1
13,rctl,3,94,8.284791,1
13,rctl,3,95,8.236333,1
13,rctl,3,96,8.296125,1
13,rctl,3,97,8.327542,1
13,rctl,3,98,8.415958,1
13,rctl,3,99,8.268792,1
13,rctl,3,100,8.296125,1
13,rctl,3,101,8.236375,1
13,rctl,3,102,8.310000,1
13,rctl,3,103,8.291250,1
13,rctl,3,104,8.329208,1
13,rctl,3,105,8.237000,1
13,rctl,3,106,8.290792,1
13,rctl,3,107,8.216792,1
13,rctl,3,108,8.259792,1
13,rctl,3,109,8.330875,1
13,rctl,3,110,8.291541,1
13,rctl,3,111,8.246833,1
13,rctl,3,112,8.302667,1
13,rctl,3,113,8.250167,1
13,rctl,3,114,8.279916,1
13,rctl,3,115,8.253625,1
13,rctl,3,116,8.292042,1
13,rctl,3,117,8.271167,1
13,rctl,3,118,8.259750,1
13,rctl,3,119,8.240042,1
13,rctl,3,120,8.268000,1
13,rctl,3,121,8.237541,1
13,rctl,3,122,8.275875,1
13,rctl,3,123,8.225958,1
13,rctl,3,124,8.308917,1
13,rctl,3,125,8.257167,1
13,rctl,3,126,8.240500,1
13,rctl,3,127,8.316916,1
13,rctl,3,128,8.352958,1
13,rctl,3,129,8.432209,1
13,rctl,3,130,8.315042,1
13,rctl,3,131,8.283416,1
13,rctl,3,132,8.256292,1
13,rctl,3,133,8.252583,1
13,rctl,3,134,8.247250,1
13,rctl,3,135,8.254834,1
13,rctl,3,136,8.260125,1
13,rctl,3,137,8.245666,1
13,rctl,3,138,8.262042,1
13,rctl,3,139,8.260000,1
13,rctl,3,140,8.262292,1
13,rctl,3,141,8.236167,1
13,rctl,3,142,8.253708,1
13,rctl,3,143,8.253292,1
13,rctl,3,144,8.234292,1
13,rctl,3,145,8.241125,1
13,rctl,3,146,8.263958,1
13,rctl,3,147,8.255208,1
13,rctl,3,148,8.277833,1
13,rctl,3,149,8.236958,1
13,rctl,3,150,8.247458,1
13,rctl,3,151,8.240792,1
13,rctl,3,152,8.254250,1
13,rctl,3,153,8.250709,1
13,rctl,3,154,8.299208,1
13,rctl,3,155,8.249666,1
13,rctl,3,156,8.286333,1
13,rctl,3,157,8.260750,1
13,rctl,3,158,8.282292,1
13,rctl,3,159,8.268250,1
14,rd2,3,0,8.943250,0
14,rd2,3,1,7.876708,0
14,rd2,3,2,7.817459,0
14,rd2,3,3,7.841041,0
14,rd2,3,4,7.795792,0
14,rd2,3,5,7.805375,0
14,rd2,3,6,7.781959,0
14,rd2,3,7,7.808042,0
14,rd2,3,8,7.772375,1
14,rd2,3,9,7.792500,1
14,rd2,3,10,7.775084,1
14,rd2,3,11,7.806916,1
14,rd2,3,12,7.782834,1
14,rd2,3,13,7.811708,1
14,rd2,3,14,7.785250,1
14,rd2,3,15,7.774792,1
14,rd2,3,16,7.796542,1
14,rd2,3,17,7.792542,1
14,rd2,3,18,7.800583,1
14,rd2,3,19,7.783875,1
14,rd2,3,20,7.806292,1
14,rd2,3,21,7.772333,1
14,rd2,3,22,7.811542,1
14,rd2,3,23,7.755833,1
14,rd2,3,24,7.825125,1
14,rd2,3,25,7.768875,1
14,rd2,3,26,7.799959,1
14,rd2,3,27,7.801166,1
14,rd2,3,28,7.780333,1
14,rd2,3,29,7.777792,1
14,rd2,3,30,7.757208,1
14,rd2,3,31,7.788958,1
14,rd2,3,32,7.774625,1
14,rd2,3,33,7.822958,1
14,rd2,3,34,7.747167,1
14,rd2,3,35,7.812584,1
14,rd2,3,36,7.780334,1
14,rd2,3,37,7.790459,1
14,rd2,3,38,7.777667,1
14,rd2,3,39,7.834000,1
14,rd2,3,40,7.765375,1
14,rd2,3,41,7.821750,1
14,rd2,3,42,7.819333,1
14,rd2,3,43,7.812250,1
14,rd2,3,44,7.813292,1
14,rd2,3,45,7.794833,1
14,rd2,3,46,7.800750,1
14,rd2,3,47,7.769084,1
14,rd2,3,48,7.796541,1
14,rd2,3,49,7.757417,1
14,rd2,3,50,7.781708,1
14,rd2,3,51,7.849125,1
14,rd2,3,52,7.789291,1
14,rd2,3,53,7.792000,1
14,rd2,3,54,7.795167,1
14,rd2,3,55,7.785166,1
14,rd2,3,56,7.777000,1
14,rd2,3,57,7.789500,1
14,rd2,3,58,7.784708,1
14,rd2,3,59,7.752625,1
14,rd2,3,60,7.782792,1
14,rd2,3,61,7.804125,1
14,rd2,3,62,7.794208,1
14,rd2,3,63,7.809292,1
14,rd2,3,64,7.793958,1
14,rd2,3,65,7.783833,1
14,rd2,3,66,7.787792,1
14,rd2,3,67,7.781792,1
14,rd2,3,68,7.782917,1
14,rd2,3,69,7.769584,1
14,rd2,3,70,7.751167,1
14,rd2,3,71,7.804084,1
14,rd2,3,72,7.786625,1
14,rd2,3,73,7.783667,1
14,rd2,3,74,7.832625,1
14,rd2,3,75,7.789500,1
14,rd2,3,76,7.860500,1
14,rd2,3,77,7.809167,1
14,rd2,3,78,7.796916,1
14,rd2,3,79,7.799709,1
14,rd2,3,80,7.810834,1
14,rd2,3,81,7.773875,1
14,rd2,3,82,7.806334,1
14,rd2,3,83,7.775958,1
14,rd2,3,84,7.847583,1
14,rd2,3,85,7.785708,1
14,rd2,3,86,7.853750,1
14,rd2,3,87,7.806458,1
14,rd2,3,88,7.813459,1
14,rd2,3,89,7.815541,1
14,rd2,3,90,7.810875,1
14,rd2,3,91,7.806459,1
14,rd2,3,92,7.776500,1
14,rd2,3,93,7.800334,1
14,rd2,3,94,7.788541,1
14,rd2,3,95,7.819750,1
14,rd2,3,96,7.799291,1
14,rd2,3,97,7.799875,1
14,rd2,3,98,7.746166,1
14,rd2,3,99,7.894125,1
14,rd2,3,100,7.811041,1
14,rd2,3,101,7.817334,1
14,rd2,3,102,7.809959,1
14,rd2,3,103,7.804167,1
14,rd2,3,104,7.824583,1
14,rd2,3,105,7.838792,1
14,rd2,3,106,7.816625,1
14,rd2,3,107,7.778583,1
14,rd2,3,108,7.848208,1
14,rd2,3,109,7.877625,1
14,rd2,3,110,7.888291,1
14,rd2,3,111,7.823917,1
14,rd2,3,112,7.825166,1
14,rd2,3,113,7.788959,1
14,rd2,3,114,7.844167,1
14,rd2,3,115,7.791208,1
14,rd2,3,116,7.835583,1
14,rd2,3,117,7.799625,1
14,rd2,3,118,7.820791,1
14,rd2,3,119,7.808667,1
14,rd2,3,120,7.811875,1
14,rd2,3,121,7.786083,1
14,rd2,3,122,7.823083,1
14,rd2,3,123,7.819833,1
14,rd2,3,124,7.810167,1
14,rd2,3,125,7.817250,1
14,rd2,3,126,7.801042,1
14,rd2,3,127,7.836583,1
14,rd2,3,128,7.808333,1
14,rd2,3,129,7.833875,1
14,rd2,3,130,7.790584,1
14,rd2,3,131,7.834041,1
14,rd2,3,132,7.796958,1
14,rd2,3,133,7.847583,1
14,rd2,3,134,7.792666,1
14,rd2,3,135,7.836958,1
14,rd2,3,136,7.848375,1
14,rd2,3,137,7.820750,1
14,rd2,3,138,7.817416,1
14,rd2,3,139,7.805958,1
14,rd2,3,140,7.809959,1
14,rd2,3,141,7.885750,1
14,rd2,3,142,7.934542,1
14,rd2,3,143,7.878917,1
14,rd2,3,144,7.859375,1
14,rd2,3,145,7.815375,1
14,rd2,3,146,7.860000,1
14,rd2,3,147,7.845583,1
14,rd2,3,148,7.867708,1
14,rd2,3,149,7.819583,1
14,rd2,3,150,7.864250,1
14,rd2,3,151,7.861667,1
14,rd2,3,152,7.844958,1
14,rd2,3,153,7.831209,1
14,rd2,3,154,7.832291,1
14,rd2,3,155,7.807250,1
14,rd2,3,156,7.832125,1
14,rd2,3,157,7.808750,1
14,rd2,3,158,7.795416,1
14,rd2,3,159,7.825625,1
15,rd1,3,0,11.313291,0
15,rd1,3,1,7.715417,0
15,rd1,3,2,7.580625,0
15,rd1,3,3,7.569875,0
15,rd1,3,4,7.591416,0
15,rd1,3,5,7.562041,0
15,rd1,3,6,7.680417,0
15,rd1,3,7,7.543416,0
15,rd1,3,8,7.573125,1
15,rd1,3,9,7.572042,1
15,rd1,3,10,7.570375,1
15,rd1,3,11,7.552208,1
15,rd1,3,12,7.583792,1
15,rd1,3,13,7.568042,1
15,rd1,3,14,7.542708,1
15,rd1,3,15,7.603416,1
15,rd1,3,16,7.560542,1
15,rd1,3,17,7.599250,1
15,rd1,3,18,7.583375,1
15,rd1,3,19,7.578334,1
15,rd1,3,20,7.545500,1
15,rd1,3,21,7.595208,1
15,rd1,3,22,7.561542,1
15,rd1,3,23,7.545125,1
15,rd1,3,24,7.588916,1
15,rd1,3,25,7.652042,1
15,rd1,3,26,7.550333,1
15,rd1,3,27,7.579208,1
15,rd1,3,28,7.590000,1
15,rd1,3,29,7.538958,1
15,rd1,3,30,7.616583,1
15,rd1,3,31,7.547750,1
15,rd1,3,32,7.594500,1
15,rd1,3,33,7.587208,1
15,rd1,3,34,7.568167,1
15,rd1,3,35,7.553125,1
15,rd1,3,36,7.573250,1
15,rd1,3,37,7.571166,1
15,rd1,3,38,7.543459,1
15,rd1,3,39,7.616792,1
15,rd1,3,40,7.538208,1
15,rd1,3,41,7.558917,1
15,rd1,3,42,7.576625,1
15,rd1,3,43,7.579875,1
15,rd1,3,44,7.572667,1
15,rd1,3,45,7.585083,1
15,rd1,3,46,7.551250,1
15,rd1,3,47,7.565166,1
15,rd1,3,48,7.586459,1
15,rd1,3,49,7.558458,1
15,rd1,3,50,7.601834,1
15,rd1,3,51,7.572958,1
15,rd1,3,52,7.567125,1
15,rd1,3,53,7.560083,1
15,rd1,3,54,7.584291,1
15,rd1,3,55,7.553917,1
15,rd1,3,56,7.559291,1
15,rd1,3,57,7.594042,1
15,rd1,3,58,7.544958,1
15,rd1,3,59,7.564750,1
15,rd1,3,60,7.594459,1
15,rd1,3,61,7.689584,1
15,rd1,3,62,7.560000,1
15,rd1,3,63,7.597084,1
15,rd1,3,64,7.561959,1
15,rd1,3,65,7.601500,1
15,rd1,3,66,7.646542,1
15,rd1,3,67,7.565250,1
15,rd1,3,68,7.587209,1
15,rd1,3,69,7.600333,1
15,rd1,3,70,7.631833,1
15,rd1,3,71,7.666042,1
15,rd1,3,72,7.668333,1
15,rd1,3,73,7.609084,1
15,rd1,3,74,7.560625,1
15,rd1,3,75,7.562292,1
15,rd1,3,76,7.549458,1
15,rd1,3,77,7.555750,1
15,rd1,3,78,7.595500,1
15,rd1,3,79,7.569333,1
15,rd1,3,80,7.538792,1
15,rd1,3,81,7.585166,1
15,rd1,3,82,7.547459,1
15,rd1,3,83,7.518833,1
15,rd1,3,84,7.655041,1
15,rd1,3,85,7.578375,1
15,rd1,3,86,7.578292,1
15,rd1,3,87,7.596500,1
15,rd1,3,88,7.570125,1
15,rd1,3,89,7.570000,1
15,rd1,3,90,7.621708,1
15,rd1,3,91,7.576125,1
15,rd1,3,92,7.590542,1
15,rd1,3,93,7.622667,1
15,rd1,3,94,7.568042,1
15,rd1,3,95,7.558167,1
15,rd1,3,96,7.622000,1
15,rd1,3,97,7.532250,1
15,rd1,3,98,7.564500,1
15,rd1,3,99,7.614125,1
15,rd1,3,100,7.626167,1
15,rd1,3,101,7.652625,1
15,rd1,3,102,7.632500,1
15,rd1,3,103,7.627583,1
15,rd1,3,104,7.597792,1
15,rd1,3,105,7.662416,1
15,rd1,3,106,7.607750,1
15,rd1,3,107,7.606875,1
15,rd1,3,108,7.624042,1
15,rd1,3,109,7.586250,1
15,rd1,3,110,7.584500,1
15,rd1,3,111,7.598458,1
15,rd1,3,112,7.588334,1
15,rd1,3,113,7.566708,1
15,rd1,3,114,7.656167,1
15,rd1,3,115,7.676792,1
15,rd1,3,116,7.611417,1
15,rd1,3,117,7.638042,1
15,rd1,3,118,7.636750,1
15,rd1,3,119,7.559000,1
15,rd1,3,120,7.639209,1
15,rd1,3,121,7.576000,1
15,rd1,3,122,7.551833,1
15,rd1,3,123,7.637334,1
15,rd1,3,124,7.581542,1
15,rd1,3,125,7.588375,1
15,rd1,3,126,7.626834,1
15,rd1,3,127,7.554291,1
15,rd1,3,128,7.564250,1
15,rd1,3,129,7.638041,1
15,rd1,3,130,7.575500,1
15,rd1,3,131,7.598209,1
15,rd1,3,132,7.663583,1
15,rd1,3,133,7.536541,1
15,rd1,3,134,7.713958,1
15,rd1,3,135,7.667459,1
15,rd1,3,136,7.634208,1
15,rd1,3,137,7.573125,1
15,rd1,3,138,7.634292,1
15,rd1,3,139,7.594708,1
15,rd1,3,140,7.629750,1
15,rd1,3,141,7.651375,1
15,rd1,3,142,7.619917,1
15,rd1,3,143,7.597709,1
15,rd1,3,144,7.663750,1
15,rd1,3,145,7.600292,1
15,rd1,3,146,7.666750,1
15,rd1,3,147,7.700000,1
15,rd1,3,148,7.583709,1
15,rd1,3,149,7.588875,1
15,rd1,3,150,7.688500,1
15,rd1,3,151,7.600750,1
15,rd1,3,152,7.683792,1
15,rd1,3,153,7.646625,1
15,rd1,3,154,7.593000,1
15,rd1,3,155,7.596041,1
15,rd1,3,156,7.663167,1
15,rd1,3,157,7.618125,1
15,rd1,3,158,7.609500,1
15,rd1,3,159,7.644708,1
16,ship,3,0,9.350792,0
16,ship,3,1,8.366000,0
16,ship,3,2,8.267125,0
16,ship,3,3,8.259334,0
16,ship,3,4,8.220791,0
16,ship,3,5,8.289625,0
16,ship,3,6,8.228500,0
16,ship,3,7,8.205667,0
16,ship,3,8,8.229959,1
16,ship,3,9,8.285625,1
16,ship,3,10,8.272666,1
16,ship,3,11,8.236083,1
16,ship,3,12,8.236625,1
16,ship,3,13,8.233250,1
16,ship,3,14,8.240250,1
16,ship,3,15,8.236833,1
16,ship,3,16,8.211000,1
16,ship,3,17,8.233375,1
16,ship,3,18,8.242584,1
16,ship,3,19,8.301209,1
16,ship,3,20,8.202125,1
16,ship,3,21,8.233667,1
16,ship,3,22,8.212875,1
16,ship,3,23,8.241458,1
16,ship,3,24,8.223875,1
16,ship,3,25,8.220875,1
16,ship,3,26,8.228542,1
16,ship,3,27,8.203334,1
16,ship,3,28,8.202500,1
16,ship,3,29,8.213209,1
16,ship,3,30,8.230375,1
16,ship,3,31,8.243834,1
16,ship,3,32,8.244041,1
16,ship,3,33,8.221333,1
16,ship,3,34,8.233208,1
16,ship,3,35,8.215375,1
16,ship,3,36,8.236375,1
16,ship,3,37,8.234791,1
16,ship,3,38,8.245792,1
16,ship,3,39,8.237833,1
16,ship,3,40,8.251291,1
16,ship,3,41,8.224750,1
16,ship,3,42,8.219916,1
16,ship,3,43,8.207750,1
16,ship,3,44,8.259375,1
16,ship,3,45,8.240792,1
16,ship,3,46,8.258583,1
16,ship,3,47,8.233500,1
16,ship,3,48,8.273375,1
16,ship,3,49,8.230166,1
16,ship,3,50,8.260125,1
16,ship,3,51,8.277000,1
16,ship,3,52,8.286167,1
16,ship,3,53,8.209666,1
16,ship,3,54,8.258500,1
16,ship,3,55,8.203875,1
16,ship,3,56,8.256541,1
16,ship,3,57,8.245792,1
16,ship,3,58,8.283083,1
16,ship,3,59,8.210167,1
16,ship,3,60,8.280042,1
16,ship,3,61,8.201042,1
16,ship,3,62,8.290917,1
16,ship,3,63,8.226041,1
16,ship,3,64,8.289042,1
16,ship,3,65,8.224000,1
16,ship,3,66,8.269958,1
16,ship,3,67,8.312708,1
16,ship,3,68,8.273667,1
16,ship,3,69,8.402166,1
16,ship,3,70,8.305125,1
16,ship,3,71,8.227167,1
16,ship,3,72,8.310625,1
16,ship,3,73,8.234250,1
16,ship,3,74,8.258334,1
16,ship,3,75,8.239458,1
16,ship,3,76,8.263042,1
16,ship,3,77,8.229875,1
16,ship,3,78,8.284916,1
16,ship,3,79,8.220583,1
16,ship,3,80,8.219709,1
16,ship,3,81,8.238667,1
16,ship,3,82,8.436958,1
16,ship,3,83,8.427458,1
16,ship,3,84,8.417209,1
16,ship,3,85,8.426542,1
16,ship,3,86,8.417750,1
16,ship,3,87,8.418208,1
16,ship,3,88,8.461000,1
16,ship,3,89,8.432667,1
16,ship,3,90,8.503959,1
16,ship,3,91,8.474375,1
16,ship,3,92,8.468375,1
16,ship,3,93,8.450042,1
16,ship,3,94,8.457959,1
16,ship,3,95,8.418791,1
16,ship,3,96,8.377750,1
16,ship,3,97,8.296292,1
16,ship,3,98,8.269625,1
16,ship,3,99,8.286541,1
16,ship,3,100,8.361750,1
16,ship,3,101,8.298041,1
16,ship,3,102,8.290500,1
16,ship,3,103,8.255708,1
16,ship,3,104,8.247375,1
16,ship,3,105,8.222834,1
16,ship,3,106,8.281667,1
16,ship,3,107,8.278417,1
16,ship,3,108,8.303417,1
16,ship,3,109,8.270166,1
16,ship,3,110,8.288000,1
16,ship,3,111,8.262417,1
16,ship,3,112,8.300125,1
16,ship,3,113,8.229042,1
16,ship,3,114,8.303250,1
16,ship,3,115,8.236500,1
16,ship,3,116,8.263208,1
16,ship,3,117,8.254125,1
16,ship,3,118,8.254875,1
16,ship,3,119,8.237125,1
16,ship,3,120,8.292000,1
16,ship,3,121,8.243458,1
16,ship,3,122,8.334250,1
16,ship,3,123,8.258083,1
16,ship,3,124,8.283833,1
16,ship,3,125,8.236125,1
16,ship,3,126,8.298375,1
16,ship,3,127,8.243833,1
16,ship,3,128,8.235500,1
16,ship,3,129,8.235625,1
16,ship,3,130,8.351417,1
16,ship,3,131,8.422583,1
16,ship,3,132,8.334417,1
16,ship,3,133,8.288000,1
16,ship,3,134,8.241041,1
16,ship,3,135,8.234709,1
16,ship,3,136,8.248292,1
16,ship,3,137,8.246166,1
16,ship,3,138,8.285875,1
16,ship,3,139,8.252334,1
16,ship,3,140,8.264833,1
16,ship,3,141,8.270334,1
16,ship,3,142,8.271583,1
16,ship,3,143,8.263875,1
16,ship,3,144,8.260375,1
16,ship,3,145,8.237333,1
16,ship,3,146,8.261375,1
16,ship,3,147,8.257000,1
16,ship,3,148,8.264209,1
16,ship,3,149,8.282625,1
16,ship,3,150,8.275416,1
16,ship,3,151,8.233916,1
16,ship,3,152,8.266334,1
16,ship,3,153,8.256250,1
16,ship,3,154,8.298292,1
16,ship,3,155,8.258459,1
16,ship,3,156,8.270959,1
16,ship,3,157,8.238875,1
16,ship,3,158,8.268250,1
16,ship,3,159,8.262541,1
17,rctl,4,0,9.394209,0
17,rctl,4,1,8.348500,0
17,rctl,4,2,8.277166,0
17,rctl,4,3,8.227125,0
17,rctl,4,4,8.267834,0
17,rctl,4,5,8.221000,0
17,rctl,4,6,8.248083,0
17,rctl,4,7,8.204667,0
17,rctl,4,8,8.256250,1
17,rctl,4,9,8.243583,1
17,rctl,4,10,8.247458,1
17,rctl,4,11,8.223625,1
17,rctl,4,12,8.271000,1
17,rctl,4,13,8.207083,1
17,rctl,4,14,8.193125,1
17,rctl,4,15,8.161167,1
17,rctl,4,16,8.245791,1
17,rctl,4,17,8.172709,1
17,rctl,4,18,8.150084,1
17,rctl,4,19,8.354250,1
17,rctl,4,20,8.278917,1
17,rctl,4,21,8.260125,1
17,rctl,4,22,8.223500,1
17,rctl,4,23,8.227791,1
17,rctl,4,24,8.343750,1
17,rctl,4,25,8.205417,1
17,rctl,4,26,8.233750,1
17,rctl,4,27,8.200791,1
17,rctl,4,28,8.196458,1
17,rctl,4,29,8.316333,1
17,rctl,4,30,8.229958,1
17,rctl,4,31,8.242083,1
17,rctl,4,32,8.250667,1
17,rctl,4,33,8.246250,1
17,rctl,4,34,8.268125,1
17,rctl,4,35,8.250625,1
17,rctl,4,36,8.225500,1
17,rctl,4,37,8.269042,1
17,rctl,4,38,8.232375,1
17,rctl,4,39,8.271334,1
17,rctl,4,40,8.231917,1
17,rctl,4,41,8.219917,1
17,rctl,4,42,8.239583,1
17,rctl,4,43,8.261042,1
17,rctl,4,44,8.217541,1
17,rctl,4,45,8.230000,1
17,rctl,4,46,8.198416,1
17,rctl,4,47,8.252125,1
17,rctl,4,48,8.222250,1
17,rctl,4,49,8.236042,1
17,rctl,4,50,8.212458,1
17,rctl,4,51,8.251958,1
17,rctl,4,52,8.241083,1
17,rctl,4,53,8.218375,1
17,rctl,4,54,8.350666,1
17,rctl,4,55,8.358792,1
17,rctl,4,56,8.340666,1
17,rctl,4,57,8.269917,1
17,rctl,4,58,8.303334,1
17,rctl,4,59,8.267584,1
17,rctl,4,60,8.274791,1
17,rctl,4,61,8.253750,1
17,rctl,4,62,8.360541,1
17,rctl,4,63,8.248541,1
17,rctl,4,64,8.217000,1
17,rctl,4,65,8.238917,1
17,rctl,4,66,8.251334,1
17,rctl,4,67,8.247542,1
17,rctl,4,68,8.201458,1
17,rctl,4,69,8.305416,1
17,rctl,4,70,8.242708,1
17,rctl,4,71,8.294750,1
17,rctl,4,72,8.359292,1
17,rctl,4,73,8.318125,1
17,rctl,4,74,8.174042,1
17,rctl,4,75,8.223500,1
17,rctl,4,76,8.107750,1
17,rctl,4,77,8.167042,1
17,rctl,4,78,8.231709,1
17,rctl,4,79,8.174125,1
17,rctl,4,80,8.162792,1
17,rctl,4,81,8.165708,1
17,rctl,4,82,8.153750,1
17,rctl,4,83,8.233541,1
17,rctl,4,84,8.161334,1
17,rctl,4,85,8.171708,1
17,rctl,4,86,8.176250,1
17,rctl,4,87,8.120792,1
17,rctl,4,88,8.154542,1
17,rctl,4,89,8.156792,1
17,rctl,4,90,8.182542,1
17,rctl,4,91,8.165500,1
17,rctl,4,92,8.189958,1
17,rctl,4,93,8.201417,1
17,rctl,4,94,8.197709,1
17,rctl,4,95,8.129583,1
17,rctl,4,96,8.084375,1
17,rctl,4,97,8.224541,1
17,rctl,4,98,8.281750,1
17,rctl,4,99,8.243416,1
17,rctl,4,100,8.236500,1
17,rctl,4,101,8.277334,1
17,rctl,4,102,8.284833,1
17,rctl,4,103,8.359250,1
17,rctl,4,104,8.305167,1
17,rctl,4,105,8.302041,1
17,rctl,4,106,8.246250,1
17,rctl,4,107,8.269334,1
17,rctl,4,108,8.268750,1
17,rctl,4,109,8.288625,1
17,rctl,4,110,8.268959,1
17,rctl,4,111,8.263916,1
17,rctl,4,112,8.271208,1
17,rctl,4,113,8.239667,1
17,rctl,4,114,8.254833,1
17,rctl,4,115,8.265166,1
17,rctl,4,116,8.255625,1
17,rctl,4,117,8.236083,1
17,rctl,4,118,8.260917,1
17,rctl,4,119,8.266667,1
17,rctl,4,120,8.294958,1
17,rctl,4,121,8.268583,1
17,rctl,4,122,8.258000,1
17,rctl,4,123,8.231250,1
17,rctl,4,124,8.268500,1
17,rctl,4,125,8.241958,1
17,rctl,4,126,8.301208,1
17,rctl,4,127,8.246375,1
17,rctl,4,128,8.276541,1
17,rctl,4,129,8.246458,1
17,rctl,4,130,8.282708,1
17,rctl,4,131,8.227083,1
17,rctl,4,132,8.264875,1
17,rctl,4,133,8.271958,1
17,rctl,4,134,8.235958,1
17,rctl,4,135,8.387959,1
17,rctl,4,136,8.293125,1
17,rctl,4,137,8.254708,1
17,rctl,4,138,8.274250,1
17,rctl,4,139,8.221209,1
17,rctl,4,140,8.300041,1
17,rctl,4,141,8.253000,1
17,rctl,4,142,8.276459,1
17,rctl,4,143,8.334042,1
17,rctl,4,144,8.292667,1
17,rctl,4,145,8.239333,1
17,rctl,4,146,8.273292,1
17,rctl,4,147,8.236000,1
17,rctl,4,148,8.297417,1
17,rctl,4,149,8.251541,1
17,rctl,4,150,8.249250,1
17,rctl,4,151,8.224500,1
17,rctl,4,152,8.290750,1
17,rctl,4,153,8.269917,1
17,rctl,4,154,8.294708,1
17,rctl,4,155,8.258333,1
17,rctl,4,156,8.280708,1
17,rctl,4,157,8.270833,1
17,rctl,4,158,8.266917,1
17,rctl,4,159,8.334625,1
18,rd2,4,0,8.880833,0
18,rd2,4,1,7.893167,0
18,rd2,4,2,7.821292,0
18,rd2,4,3,7.788584,0
18,rd2,4,4,7.782500,0
18,rd2,4,5,7.778667,0
18,rd2,4,6,7.756542,0
18,rd2,4,7,7.770083,0
18,rd2,4,8,7.803333,1
18,rd2,4,9,7.805292,1
18,rd2,4,10,7.784334,1
18,rd2,4,11,7.783000,1
18,rd2,4,12,7.803333,1
18,rd2,4,13,7.781375,1
18,rd2,4,14,7.764750,1
18,rd2,4,15,7.788583,1
18,rd2,4,16,7.749250,1
18,rd2,4,17,7.782666,1
18,rd2,4,18,7.773959,1
18,rd2,4,19,7.788083,1
18,rd2,4,20,7.769792,1
18,rd2,4,21,7.779792,1
18,rd2,4,22,7.770209,1
18,rd2,4,23,7.757291,1
18,rd2,4,24,7.784250,1
18,rd2,4,25,7.790875,1
18,rd2,4,26,7.799625,1
18,rd2,4,27,7.812083,1
18,rd2,4,28,7.817083,1
18,rd2,4,29,7.768958,1
18,rd2,4,30,7.829291,1
18,rd2,4,31,7.789958,1
18,rd2,4,32,7.802708,1
18,rd2,4,33,7.782042,1
18,rd2,4,34,7.808083,1
18,rd2,4,35,7.790250,1
18,rd2,4,36,7.811875,1
18,rd2,4,37,7.792333,1
18,rd2,4,38,7.785667,1
18,rd2,4,39,7.789917,1
18,rd2,4,40,7.782333,1
18,rd2,4,41,7.794042,1
18,rd2,4,42,7.768583,1
18,rd2,4,43,7.818792,1
18,rd2,4,44,7.755416,1
18,rd2,4,45,7.823750,1
18,rd2,4,46,7.811375,1
18,rd2,4,47,7.824583,1
18,rd2,4,48,7.782500,1
18,rd2,4,49,7.780125,1
18,rd2,4,50,7.778959,1
18,rd2,4,51,7.803917,1
18,rd2,4,52,7.773083,1
18,rd2,4,53,7.777583,1
18,rd2,4,54,7.787625,1
18,rd2,4,55,7.756500,1
18,rd2,4,56,7.805750,1
18,rd2,4,57,7.814125,1
18,rd2,4,58,7.808584,1
18,rd2,4,59,7.790208,1
18,rd2,4,60,7.847292,1
18,rd2,4,61,7.781208,1
18,rd2,4,62,7.782875,1
18,rd2,4,63,7.786250,1
18,rd2,4,64,7.764500,1
18,rd2,4,65,7.798667,1
18,rd2,4,66,7.788584,1
18,rd2,4,67,7.770417,1
18,rd2,4,68,7.794666,1
18,rd2,4,69,7.781042,1
18,rd2,4,70,7.785542,1
18,rd2,4,71,7.828625,1
18,rd2,4,72,7.822542,1
18,rd2,4,73,7.805958,1
18,rd2,4,74,7.775042,1
18,rd2,4,75,7.840750,1
18,rd2,4,76,7.796042,1
18,rd2,4,77,7.822000,1
18,rd2,4,78,7.827083,1
18,rd2,4,79,7.858583,1
18,rd2,4,80,7.794208,1
18,rd2,4,81,7.818750,1
18,rd2,4,82,7.793042,1
18,rd2,4,83,7.813167,1
18,rd2,4,84,7.798166,1
18,rd2,4,85,7.773750,1
18,rd2,4,86,7.810292,1
18,rd2,4,87,7.862459,1
18,rd2,4,88,7.814875,1
18,rd2,4,89,7.798000,1
18,rd2,4,90,7.841625,1
18,rd2,4,91,7.803875,1
18,rd2,4,92,7.888458,1
18,rd2,4,93,7.815375,1
18,rd2,4,94,7.803000,1
18,rd2,4,95,7.793917,1
18,rd2,4,96,7.843916,1
18,rd2,4,97,7.803625,1
18,rd2,4,98,7.805042,1
18,rd2,4,99,7.801666,1
18,rd2,4,100,7.804750,1
18,rd2,4,101,7.793125,1
18,rd2,4,102,7.821459,1
18,rd2,4,103,7.822834,1
18,rd2,4,104,7.811583,1
18,rd2,4,105,7.817125,1
18,rd2,4,106,7.801584,1
18,rd2,4,107,7.843000,1
18,rd2,4,108,7.804166,1
18,rd2,4,109,7.832708,1
18,rd2,4,110,7.827542,1
18,rd2,4,111,7.912667,1
18,rd2,4,112,7.870834,1
18,rd2,4,113,7.777083,1
18,rd2,4,114,7.800541,1
18,rd2,4,115,7.825791,1
18,rd2,4,116,7.799209,1
18,rd2,4,117,7.789709,1
18,rd2,4,118,7.808041,1
18,rd2,4,119,7.787042,1
18,rd2,4,120,7.829583,1
18,rd2,4,121,7.810208,1
18,rd2,4,122,7.805667,1
18,rd2,4,123,7.812208,1
18,rd2,4,124,7.794000,1
18,rd2,4,125,7.793458,1
18,rd2,4,126,7.790291,1
18,rd2,4,127,7.788708,1
18,rd2,4,128,7.805041,1
18,rd2,4,129,7.836917,1
18,rd2,4,130,7.834750,1
18,rd2,4,131,7.791542,1
18,rd2,4,132,7.815208,1
18,rd2,4,133,7.812458,1
18,rd2,4,134,7.798500,1
18,rd2,4,135,7.813458,1
18,rd2,4,136,7.807458,1
18,rd2,4,137,7.819667,1
18,rd2,4,138,7.787791,1
18,rd2,4,139,7.805667,1
18,rd2,4,140,7.791792,1
18,rd2,4,141,7.813292,1
18,rd2,4,142,7.819250,1
18,rd2,4,143,7.825333,1
18,rd2,4,144,7.994417,1
18,rd2,4,145,7.862333,1
18,rd2,4,146,7.846083,1
18,rd2,4,147,7.916042,1
18,rd2,4,148,7.858625,1
18,rd2,4,149,7.807583,1
18,rd2,4,150,7.823875,1
18,rd2,4,151,7.779750,1
18,rd2,4,152,7.847292,1
18,rd2,4,153,7.822375,1
18,rd2,4,154,7.850333,1
18,rd2,4,155,7.820625,1
18,rd2,4,156,7.863750,1
18,rd2,4,157,7.816959,1
18,rd2,4,158,7.831000,1
18,rd2,4,159,7.845542,1
19,rd1,4,0,8.639750,0
19,rd1,4,1,7.648375,0
19,rd1,4,2,7.558709,0
19,rd1,4,3,7.665000,0
19,rd1,4,4,7.593542,0
19,rd1,4,5,7.617959,0
19,rd1,4,6,7.602167,0
19,rd1,4,7,7.571291,0
19,rd1,4,8,7.590375,1
19,rd1,4,9,7.571584,1
19,rd1,4,10,7.632584,1
19,rd1,4,11,7.535834,1
19,rd1,4,12,7.573083,1
19,rd1,4,13,7.565542,1
19,rd1,4,14,7.538875,1
19,rd1,4,15,7.577541,1
19,rd1,4,16,7.558541,1
19,rd1,4,17,7.607625,1
19,rd1,4,18,7.581458,1
19,rd1,4,19,7.568458,1
19,rd1,4,20,7.561959,1
19,rd1,4,21,7.566041,1
19,rd1,4,22,7.574125,1
19,rd1,4,23,7.507292,1
19,rd1,4,24,7.590000,1
19,rd1,4,25,7.532209,1
19,rd1,4,26,7.587583,1
19,rd1,4,27,7.565417,1
19,rd1,4,28,7.590250,1
19,rd1,4,29,7.550041,1
19,rd1,4,30,7.630833,1
19,rd1,4,31,7.535750,1
19,rd1,4,32,7.534625,1
19,rd1,4,33,7.602875,1
19,rd1,4,34,7.599750,1
19,rd1,4,35,7.583250,1
19,rd1,4,36,7.594084,1
19,rd1,4,37,7.559083,1
19,rd1,4,38,7.579625,1
19,rd1,4,39,7.626042,1
19,rd1,4,40,7.578208,1
19,rd1,4,41,7.621459,1
19,rd1,4,42,7.591833,1
19,rd1,4,43,7.581333,1
19,rd1,4,44,7.541959,1
19,rd1,4,45,7.611625,1
19,rd1,4,46,7.567958,1
19,rd1,4,47,7.504917,1
19,rd1,4,48,7.625792,1
19,rd1,4,49,7.561333,1
19,rd1,4,50,7.588542,1
19,rd1,4,51,7.584916,1
19,rd1,4,52,7.575875,1
19,rd1,4,53,7.558042,1
19,rd1,4,54,7.602375,1
19,rd1,4,55,7.569417,1
19,rd1,4,56,7.569375,1
19,rd1,4,57,7.617042,1
19,rd1,4,58,7.563833,1
19,rd1,4,59,7.569542,1
19,rd1,4,60,7.608583,1
19,rd1,4,61,7.592459,1
19,rd1,4,62,7.573500,1
19,rd1,4,63,7.637958,1
19,rd1,4,64,7.572667,1
19,rd1,4,65,7.578208,1
19,rd1,4,66,7.591791,1
19,rd1,4,67,7.549500,1
19,rd1,4,68,7.638792,1
19,rd1,4,69,7.606917,1
19,rd1,4,70,7.588458,1
19,rd1,4,71,7.573750,1
19,rd1,4,72,7.671791,1
19,rd1,4,73,7.576833,1
19,rd1,4,74,7.608166,1
19,rd1,4,75,7.611791,1
19,rd1,4,76,7.585375,1
19,rd1,4,77,7.581958,1
19,rd1,4,78,7.610542,1
19,rd1,4,79,7.600833,1
19,rd1,4,80,7.576334,1
19,rd1,4,81,7.591208,1
19,rd1,4,82,7.609500,1
19,rd1,4,83,7.593042,1
19,rd1,4,84,7.623334,1
19,rd1,4,85,7.690875,1
19,rd1,4,86,7.576417,1
19,rd1,4,87,7.620250,1
19,rd1,4,88,7.613750,1
19,rd1,4,89,7.585250,1
19,rd1,4,90,7.642917,1
19,rd1,4,91,7.556041,1
19,rd1,4,92,7.599334,1
19,rd1,4,93,7.626250,1
19,rd1,4,94,7.602458,1
19,rd1,4,95,7.554292,1
19,rd1,4,96,7.644916,1
19,rd1,4,97,7.582792,1
19,rd1,4,98,7.590834,1
19,rd1,4,99,7.611542,1
19,rd1,4,100,7.578750,1
19,rd1,4,101,7.522292,1
19,rd1,4,102,7.702083,1
19,rd1,4,103,7.617250,1
19,rd1,4,104,7.552708,1
19,rd1,4,105,7.715667,1
19,rd1,4,106,7.598541,1
19,rd1,4,107,7.702541,1
19,rd1,4,108,7.635583,1
19,rd1,4,109,7.601417,1
19,rd1,4,110,7.611083,1
19,rd1,4,111,7.608125,1
19,rd1,4,112,7.582625,1
19,rd1,4,113,7.583209,1
19,rd1,4,114,7.631917,1
19,rd1,4,115,7.585458,1
19,rd1,4,116,7.621250,1
19,rd1,4,117,7.648458,1
19,rd1,4,118,7.621542,1
19,rd1,4,119,7.599292,1
19,rd1,4,120,7.649417,1
19,rd1,4,121,7.597334,1
19,rd1,4,122,7.585375,1
19,rd1,4,123,7.594042,1
19,rd1,4,124,7.579291,1
19,rd1,4,125,7.575833,1
19,rd1,4,126,7.657875,1
19,rd1,4,127,7.586250,1
19,rd1,4,128,7.565458,1
19,rd1,4,129,7.630459,1
19,rd1,4,130,7.632166,1
19,rd1,4,131,7.596417,1
19,rd1,4,132,7.631584,1
19,rd1,4,133,7.608334,1
19,rd1,4,134,7.579084,1
19,rd1,4,135,7.605833,1
19,rd1,4,136,7.733834,1
19,rd1,4,137,7.651584,1
19,rd1,4,138,7.691916,1
19,rd1,4,139,7.617792,1
19,rd1,4,140,7.612625,1
19,rd1,4,141,7.656792,1
19,rd1,4,142,7.606416,1
19,rd1,4,143,7.600625,1
19,rd1,4,144,7.663750,1
19,rd1,4,145,7.616584,1
19,rd1,4,146,7.604875,1
19,rd1,4,147,7.643542,1
19,rd1,4,148,7.599917,1
19,rd1,4,149,7.600416,1
19,rd1,4,150,7.650583,1
19,rd1,4,151,7.621750,1
19,rd1,4,152,7.596084,1
19,rd1,4,153,7.683916,1
19,rd1,4,154,7.621708,1
19,rd1,4,155,7.618166,1
19,rd1,4,156,7.663709,1
19,rd1,4,157,7.579791,1
19,rd1,4,158,7.626375,1
19,rd1,4,159,7.655250,1
20,ship,4,0,9.419208,0
20,ship,4,1,8.340583,0
20,ship,4,2,8.271125,0
20,ship,4,3,8.267833,0
20,ship,4,4,8.204208,0
20,ship,4,5,8.263083,0
20,ship,4,6,8.214083,0
20,ship,4,7,8.248750,0
20,ship,4,8,8.223583,1
20,ship,4,9,8.245917,1
20,ship,4,10,8.227458,1
20,ship,4,11,8.224125,1
20,ship,4,12,8.210208,1
20,ship,4,13,8.216917,1
20,ship,4,14,8.189958,1
20,ship,4,15,8.236084,1
20,ship,4,16,8.218917,1
20,ship,4,17,8.267583,1
20,ship,4,18,8.202292,1
20,ship,4,19,8.249416,1
20,ship,4,20,8.221833,1
20,ship,4,21,8.231667,1
20,ship,4,22,8.244041,1
20,ship,4,23,8.302875,1
20,ship,4,24,8.274917,1
20,ship,4,25,8.260375,1
20,ship,4,26,8.250292,1
20,ship,4,27,8.263500,1
20,ship,4,28,8.217625,1
20,ship,4,29,8.242625,1
20,ship,4,30,8.245333,1
20,ship,4,31,8.285542,1
20,ship,4,32,8.217500,1
20,ship,4,33,8.257500,1
20,ship,4,34,8.191084,1
20,ship,4,35,8.239417,1
20,ship,4,36,8.217625,1
20,ship,4,37,8.221584,1
20,ship,4,38,8.246834,1
20,ship,4,39,8.213666,1
20,ship,4,40,8.212791,1
20,ship,4,41,8.315000,1
20,ship,4,42,8.233625,1
20,ship,4,43,8.243834,1
20,ship,4,44,8.224083,1
20,ship,4,45,8.250250,1
20,ship,4,46,8.224666,1
20,ship,4,47,8.226417,1
20,ship,4,48,8.218666,1
20,ship,4,49,8.273958,1
20,ship,4,50,8.225000,1
20,ship,4,51,8.245708,1
20,ship,4,52,8.204000,1
20,ship,4,53,8.223958,1
20,ship,4,54,8.220792,1
20,ship,4,55,8.257708,1
20,ship,4,56,8.242458,1
20,ship,4,57,8.212750,1
20,ship,4,58,8.213291,1
20,ship,4,59,8.259417,1
20,ship,4,60,8.242083,1
20,ship,4,61,8.252792,1
20,ship,4,62,8.253041,1
20,ship,4,63,8.251208,1
20,ship,4,64,8.206875,1
20,ship,4,65,8.276917,1
20,ship,4,66,8.229917,1
20,ship,4,67,8.264792,1
20,ship,4,68,8.294750,1
20,ship,4,69,8.319167,1
20,ship,4,70,8.292000,1
20,ship,4,71,8.270208,1
20,ship,4,72,8.343875,1
20,ship,4,73,8.322167,1
20,ship,4,74,8.235833,1
20,ship,4,75,8.282125,1
20,ship,4,76,8.229292,1
20,ship,4,77,8.285208,1
20,ship,4,78,8.229792,1
20,ship,4,79,8.249500,1
20,ship,4,80,8.290958,1
20,ship,4,81,8.245625,1
20,ship,4,82,8.227167,1
20,ship,4,83,8.222833,1
20,ship,4,84,8.243459,1
20,ship,4,85,8.256416,1
20,ship,4,86,8.252542,1
20,ship,4,87,8.251125,1
20,ship,4,88,8.274125,1
20,ship,4,89,8.262416,1
20,ship,4,90,8.253166,1
20,ship,4,91,8.284084,1
20,ship,4,92,8.243125,1
20,ship,4,93,8.248125,1
20,ship,4,94,8.273542,1
20,ship,4,95,8.266625,1
20,ship,4,96,8.290833,1
20,ship,4,97,8.235958,1
20,ship,4,98,8.248125,1
20,ship,4,99,8.259750,1
20,ship,4,100,8.236000,1
20,ship,4,101,8.245333,1
20,ship,4,102,8.261042,1
20,ship,4,103,8.318250,1
20,ship,4,104,8.409209,1
20,ship,4,105,8.265834,1
20,ship,4,106,8.250208,1
20,ship,4,107,8.231583,1
20,ship,4,108,8.249583,1
20,ship,4,109,8.256750,1
20,ship,4,110,8.231834,1
20,ship,4,111,8.228625,1
20,ship,4,112,8.262000,1
20,ship,4,113,8.260333,1
20,ship,4,114,8.290583,1
20,ship,4,115,8.231625,1
20,ship,4,116,8.268167,1
20,ship,4,117,8.228916,1
20,ship,4,118,8.322500,1
20,ship,4,119,8.202792,1
20,ship,4,120,8.264333,1
20,ship,4,121,8.226958,1
20,ship,4,122,8.256959,1
20,ship,4,123,8.267167,1
20,ship,4,124,8.261000,1
20,ship,4,125,8.267583,1
20,ship,4,126,8.273250,1
20,ship,4,127,8.249458,1
20,ship,4,128,8.249417,1
20,ship,4,129,8.192500,1
20,ship,4,130,8.335125,1
20,ship,4,131,8.347750,1
20,ship,4,132,8.189250,1
20,ship,4,133,8.252250,1
20,ship,4,134,8.371500,1
20,ship,4,135,8.260041,1
20,ship,4,136,8.182041,1
20,ship,4,137,8.143416,1
20,ship,4,138,8.202541,1
20,ship,4,139,8.228083,1
20,ship,4,140,8.342542,1
20,ship,4,141,8.317542,1
20,ship,4,142,8.339709,1
20,ship,4,143,8.355291,1
20,ship,4,144,8.343291,1
20,ship,4,145,8.316250,1
20,ship,4,146,8.333917,1
20,ship,4,147,8.417625,1
20,ship,4,148,8.381125,1
20,ship,4,149,8.280417,1
20,ship,4,150,8.319834,1
20,ship,4,151,8.245833,1
20,ship,4,152,8.306000,1
20,ship,4,153,8.246166,1
20,ship,4,154,8.279375,1
20,ship,4,155,8.275250,1
20,ship,4,156,8.277625,1
20,ship,4,157,8.272542,1
20,ship,4,158,8.251375,1
20,ship,4,159,8.274750,1
21,rctl,5,0,9.405750,0
21,rctl,5,1,8.352667,0
21,rctl,5,2,8.359333,0
21,rctl,5,3,8.324500,0
21,rctl,5,4,8.335583,0
21,rctl,5,5,8.250959,0
21,rctl,5,6,8.273583,0
21,rctl,5,7,8.219875,0
21,rctl,5,8,8.229667,1
21,rctl,5,9,8.219750,1
21,rctl,5,10,8.221875,1
21,rctl,5,11,8.213666,1
21,rctl,5,12,8.221500,1
21,rctl,5,13,8.198292,1
21,rctl,5,14,8.285833,1
21,rctl,5,15,8.213209,1
21,rctl,5,16,8.241542,1
21,rctl,5,17,8.224208,1
21,rctl,5,18,8.243125,1
21,rctl,5,19,8.219875,1
21,rctl,5,20,8.236833,1
21,rctl,5,21,8.244459,1
21,rctl,5,22,8.247375,1
21,rctl,5,23,8.213458,1
21,rctl,5,24,8.244292,1
21,rctl,5,25,8.240708,1
21,rctl,5,26,8.237125,1
21,rctl,5,27,8.219292,1
21,rctl,5,28,8.239250,1
21,rctl,5,29,8.237292,1
21,rctl,5,30,8.247667,1
21,rctl,5,31,8.294833,1
21,rctl,5,32,8.249166,1
21,rctl,5,33,8.259916,1
21,rctl,5,34,8.221458,1
21,rctl,5,35,8.232167,1
21,rctl,5,36,8.240125,1
21,rctl,5,37,8.266500,1
21,rctl,5,38,8.238625,1
21,rctl,5,39,8.232792,1
21,rctl,5,40,8.229542,1
21,rctl,5,41,8.241875,1
21,rctl,5,42,8.208250,1
21,rctl,5,43,8.245667,1
21,rctl,5,44,8.233792,1
21,rctl,5,45,8.252833,1
21,rctl,5,46,8.244291,1
21,rctl,5,47,8.249542,1
21,rctl,5,48,8.214916,1
21,rctl,5,49,8.256042,1
21,rctl,5,50,8.253459,1
21,rctl,5,51,8.259041,1
21,rctl,5,52,8.217375,1
21,rctl,5,53,8.233000,1
21,rctl,5,54,8.249542,1
21,rctl,5,55,8.273333,1
21,rctl,5,56,8.238042,1
21,rctl,5,57,8.290917,1
21,rctl,5,58,8.226291,1
21,rctl,5,59,8.241416,1
21,rctl,5,60,8.220750,1
21,rctl,5,61,8.259792,1
21,rctl,5,62,8.232208,1
21,rctl,5,63,8.326959,1
21,rctl,5,64,8.240833,1
21,rctl,5,65,8.285250,1
21,rctl,5,66,8.240625,1
21,rctl,5,67,8.288958,1
21,rctl,5,68,8.222500,1
21,rctl,5,69,8.275833,1
21,rctl,5,70,8.250625,1
21,rctl,5,71,8.269541,1
21,rctl,5,72,8.221834,1
21,rctl,5,73,8.290667,1
21,rctl,5,74,8.232500,1
21,rctl,5,75,8.285000,1
21,rctl,5,76,8.249000,1
21,rctl,5,77,8.292625,1
21,rctl,5,78,8.246334,1
21,rctl,5,79,8.315042,1
21,rctl,5,80,8.289917,1
21,rctl,5,81,8.306458,1
21,rctl,5,82,8.218958,1
21,rctl,5,83,8.259000,1
21,rctl,5,84,8.226750,1
21,rctl,5,85,8.284791,1
21,rctl,5,86,8.235542,1
21,rctl,5,87,8.278000,1
21,rctl,5,88,8.242000,1
21,rctl,5,89,8.261292,1
21,rctl,5,90,8.231333,1
21,rctl,5,91,8.283333,1
21,rctl,5,92,8.257625,1
21,rctl,5,93,8.259084,1
21,rctl,5,94,8.326958,1
21,rctl,5,95,8.424333,1
21,rctl,5,96,8.269166,1
21,rctl,5,97,8.255167,1
21,rctl,5,98,8.256791,1
21,rctl,5,99,8.245667,1
21,rctl,5,100,8.232958,1
21,rctl,5,101,8.254625,1
21,rctl,5,102,8.256208,1
21,rctl,5,103,8.268750,1
21,rctl,5,104,8.250875,1
21,rctl,5,105,8.261000,1
21,rctl,5,106,8.273625,1
21,rctl,5,107,8.277167,1
21,rctl,5,108,8.240375,1
21,rctl,5,109,8.226084,1
21,rctl,5,110,8.262833,1
21,rctl,5,111,8.278708,1
21,rctl,5,112,8.241208,1
21,rctl,5,113,8.264291,1
21,rctl,5,114,8.258208,1
21,rctl,5,115,8.254500,1
21,rctl,5,116,8.224333,1
21,rctl,5,117,8.261666,1
21,rctl,5,118,8.247500,1
21,rctl,5,119,8.262750,1
21,rctl,5,120,8.252666,1
21,rctl,5,121,8.286709,1
21,rctl,5,122,8.240916,1
21,rctl,5,123,8.254167,1
21,rctl,5,124,8.338125,1
21,rctl,5,125,8.375958,1
21,rctl,5,126,8.457708,1
21,rctl,5,127,8.315917,1
21,rctl,5,128,8.282542,1
21,rctl,5,129,8.260458,1
21,rctl,5,130,8.232166,1
21,rctl,5,131,8.267250,1
21,rctl,5,132,8.258125,1
21,rctl,5,133,8.262958,1
21,rctl,5,134,8.252375,1
21,rctl,5,135,8.262833,1
21,rctl,5,136,8.238791,1
21,rctl,5,137,8.282000,1
21,rctl,5,138,8.287458,1
21,rctl,5,139,8.270708,1
21,rctl,5,140,8.288375,1
21,rctl,5,141,8.284125,1
21,rctl,5,142,8.291750,1
21,rctl,5,143,8.262709,1
21,rctl,5,144,8.252167,1
21,rctl,5,145,8.272708,1
21,rctl,5,146,8.233167,1
21,rctl,5,147,8.245917,1
21,rctl,5,148,8.259750,1
21,rctl,5,149,8.237916,1
21,rctl,5,150,8.265916,1
21,rctl,5,151,8.268542,1
21,rctl,5,152,8.252292,1
21,rctl,5,153,8.299917,1
21,rctl,5,154,8.258458,1
21,rctl,5,155,8.251625,1
21,rctl,5,156,8.289792,1
21,rctl,5,157,8.306625,1
21,rctl,5,158,8.290042,1
21,rctl,5,159,8.252625,1
22,rd1,5,0,8.718041,0
22,rd1,5,1,7.694792,0
22,rd1,5,2,7.615959,0
22,rd1,5,3,7.655208,0
22,rd1,5,4,7.628667,0
22,rd1,5,5,7.625125,0
22,rd1,5,6,7.618125,0
22,rd1,5,7,7.574750,0
22,rd1,5,8,7.560792,1
22,rd1,5,9,7.591583,1
22,rd1,5,10,7.564458,1
22,rd1,5,11,7.539792,1
22,rd1,5,12,7.601333,1
22,rd1,5,13,7.539416,1
22,rd1,5,14,7.576417,1
22,rd1,5,15,7.578959,1
22,rd1,5,16,7.624708,1
22,rd1,5,17,7.555250,1
22,rd1,5,18,7.635625,1
22,rd1,5,19,7.588209,1
22,rd1,5,20,7.583500,1
22,rd1,5,21,7.596833,1
22,rd1,5,22,7.579875,1
22,rd1,5,23,7.570583,1
22,rd1,5,24,7.593125,1
22,rd1,5,25,7.562291,1
22,rd1,5,26,7.566167,1
22,rd1,5,27,7.591625,1
22,rd1,5,28,7.557625,1
22,rd1,5,29,7.545833,1
22,rd1,5,30,7.607167,1
22,rd1,5,31,7.581541,1
22,rd1,5,32,7.570000,1
22,rd1,5,33,7.579459,1
22,rd1,5,34,7.561834,1
22,rd1,5,35,7.550834,1
22,rd1,5,36,7.563333,1
22,rd1,5,37,7.544041,1
22,rd1,5,38,7.620750,1
22,rd1,5,39,7.616375,1
22,rd1,5,40,7.599875,1
22,rd1,5,41,7.564000,1
22,rd1,5,42,7.636375,1
22,rd1,5,43,7.567125,1
22,rd1,5,44,7.549834,1
22,rd1,5,45,7.577791,1
22,rd1,5,46,7.548542,1
22,rd1,5,47,7.598208,1
22,rd1,5,48,7.616292,1
22,rd1,5,49,7.619250,1
22,rd1,5,50,7.603083,1
22,rd1,5,51,7.624875,1
22,rd1,5,52,7.601500,1
22,rd1,5,53,7.577875,1
22,rd1,5,54,7.625375,1
22,rd1,5,55,7.568167,1
22,rd1,5,56,7.602667,1
22,rd1,5,57,7.610333,1
22,rd1,5,58,7.630334,1
22,rd1,5,59,7.550084,1
22,rd1,5,60,7.650167,1
22,rd1,5,61,7.576292,1
22,rd1,5,62,7.628708,1
22,rd1,5,63,7.611542,1
22,rd1,5,64,7.655833,1
22,rd1,5,65,7.590750,1
22,rd1,5,66,7.623125,1
22,rd1,5,67,7.624917,1
22,rd1,5,68,7.575875,1
22,rd1,5,69,7.614291,1
22,rd1,5,70,7.584959,1
22,rd1,5,71,7.600833,1
22,rd1,5,72,7.644792,1
22,rd1,5,73,7.617875,1
22,rd1,5,74,7.574500,1
22,rd1,5,75,7.600792,1
22,rd1,5,76,7.568917,1
22,rd1,5,77,7.560000,1
22,rd1,5,78,7.608291,1
22,rd1,5,79,7.582417,1
22,rd1,5,80,7.585291,1
22,rd1,5,81,7.611375,1
22,rd1,5,82,7.600584,1
22,rd1,5,83,7.592583,1
22,rd1,5,84,7.654709,1
22,rd1,5,85,7.584584,1
22,rd1,5,86,7.577833,1
22,rd1,5,87,7.560875,1
22,rd1,5,88,7.650292,1
22,rd1,5,89,7.593416,1
22,rd1,5,90,7.605167,1
22,rd1,5,91,7.594208,1
22,rd1,5,92,7.670958,1
22,rd1,5,93,7.640125,1
22,rd1,5,94,7.603459,1
22,rd1,5,95,7.741791,1
22,rd1,5,96,7.698750,1
22,rd1,5,97,7.639250,1
22,rd1,5,98,7.621875,1
22,rd1,5,99,7.604083,1
22,rd1,5,100,7.589250,1
22,rd1,5,101,7.569625,1
22,rd1,5,102,7.608500,1
22,rd1,5,103,7.645625,1
22,rd1,5,104,7.598250,1
22,rd1,5,105,7.662708,1
22,rd1,5,106,7.614417,1
22,rd1,5,107,7.597917,1
22,rd1,5,108,7.629167,1
22,rd1,5,109,7.489958,1
22,rd1,5,110,7.529042,1
22,rd1,5,111,7.578250,1
22,rd1,5,112,7.522042,1
22,rd1,5,113,7.542666,1
22,rd1,5,114,7.525708,1
22,rd1,5,115,7.491209,1
22,rd1,5,116,7.497625,1
22,rd1,5,117,7.556375,1
22,rd1,5,118,7.473292,1
22,rd1,5,119,7.510416,1
22,rd1,5,120,7.551417,1
22,rd1,5,121,7.520833,1
22,rd1,5,122,7.508000,1
22,rd1,5,123,7.571625,1
22,rd1,5,124,7.479834,1
22,rd1,5,125,7.504209,1
22,rd1,5,126,7.547750,1
22,rd1,5,127,7.495667,1
22,rd1,5,128,7.609750,1
22,rd1,5,129,7.740166,1
22,rd1,5,130,7.591792,1
22,rd1,5,131,7.563791,1
22,rd1,5,132,7.605208,1
22,rd1,5,133,7.532584,1
22,rd1,5,134,7.562250,1
22,rd1,5,135,7.660500,1
22,rd1,5,136,7.578958,1
22,rd1,5,137,7.634250,1
22,rd1,5,138,7.692791,1
22,rd1,5,139,7.640208,1
22,rd1,5,140,7.592416,1
22,rd1,5,141,7.658584,1
22,rd1,5,142,7.598834,1
22,rd1,5,143,7.636959,1
22,rd1,5,144,7.686584,1
22,rd1,5,145,7.598334,1
22,rd1,5,146,7.594791,1
22,rd1,5,147,7.735292,1
22,rd1,5,148,7.645917,1
22,rd1,5,149,7.589334,1
22,rd1,5,150,7.705666,1
22,rd1,5,151,7.632542,1
22,rd1,5,152,7.613667,1
22,rd1,5,153,7.664167,1
22,rd1,5,154,7.627125,1
22,rd1,5,155,7.625750,1
22,rd1,5,156,7.687375,1
22,rd1,5,157,7.615375,1
22,rd1,5,158,7.644292,1
22,rd1,5,159,7.665291,1
23,ship,5,0,9.451125,0
23,ship,5,1,8.358167,0
23,ship,5,2,8.280875,0
23,ship,5,3,8.266458,0
23,ship,5,4,8.256666,0
23,ship,5,5,8.223333,0
23,ship,5,6,8.249791,0
23,ship,5,7,8.214333,0
23,ship,5,8,8.239875,1
23,ship,5,9,8.218000,1
23,ship,5,10,8.241833,1
23,ship,5,11,8.206500,1
23,ship,5,12,8.237084,1
23,ship,5,13,8.221209,1
23,ship,5,14,8.222500,1
23,ship,5,15,8.235125,1
23,ship,5,16,8.260250,1
23,ship,5,17,8.223584,1
23,ship,5,18,8.255292,1
23,ship,5,19,8.248958,1
23,ship,5,20,8.254750,1
23,ship,5,21,8.205375,1
23,ship,5,22,8.231292,1
23,ship,5,23,8.256875,1
23,ship,5,24,8.252125,1
23,ship,5,25,8.207416,1
23,ship,5,26,8.245958,1
23,ship,5,27,8.216208,1
23,ship,5,28,8.235875,1
23,ship,5,29,8.231083,1
23,ship,5,30,8.249833,1
23,ship,5,31,8.222625,1
23,ship,5,32,8.249417,1
23,ship,5,33,8.246416,1
23,ship,5,34,8.237209,1
23,ship,5,35,8.228459,1
23,ship,5,36,8.238542,1
23,ship,5,37,8.238625,1
23,ship,5,38,8.229583,1
23,ship,5,39,8.252584,1
23,ship,5,40,8.224417,1
23,ship,5,41,8.259959,1
23,ship,5,42,8.222875,1
23,ship,5,43,8.249083,1
23,ship,5,44,8.193542,1
23,ship,5,45,8.264125,1
23,ship,5,46,8.246333,1
23,ship,5,47,8.274916,1
23,ship,5,48,8.212875,1
23,ship,5,49,8.257208,1
23,ship,5,50,8.225791,1
23,ship,5,51,8.272875,1
23,ship,5,52,8.247667,1
23,ship,5,53,8.266333,1
23,ship,5,54,8.244583,1
23,ship,5,55,8.262459,1
23,ship,5,56,8.242041,1
23,ship,5,57,8.287167,1
23,ship,5,58,8.231458,1
23,ship,5,59,8.294250,1
23,ship,5,60,8.237750,1
23,ship,5,61,8.221209,1
23,ship,5,62,8.234917,1
23,ship,5,63,8.282291,1
23,ship,5,64,8.238500,1
23,ship,5,65,8.276917,1
23,ship,5,66,8.222916,1
23,ship,5,67,8.277250,1
23,ship,5,68,8.206375,1
23,ship,5,69,8.293875,1
23,ship,5,70,8.233625,1
23,ship,5,71,8.317916,1
23,ship,5,72,8.244500,1
23,ship,5,73,8.276792,1
23,ship,5,74,8.204750,1
23,ship,5,75,8.268500,1
23,ship,5,76,8.307500,1
23,ship,5,77,8.419250,1
23,ship,5,78,8.226625,1
23,ship,5,79,8.355500,1
23,ship,5,80,8.258041,1
23,ship,5,81,8.357583,1
23,ship,5,82,8.250625,1
23,ship,5,83,8.300333,1
23,ship,5,84,8.337375,1
23,ship,5,85,8.275916,1
23,ship,5,86,8.241709,1
23,ship,5,87,8.332250,1
23,ship,5,88,8.235875,1
23,ship,5,89,8.283458,1
23,ship,5,90,8.234958,1
23,ship,5,91,8.284166,1
23,ship,5,92,8.268416,1
23,ship,5,93,8.265375,1
23,ship,5,94,8.232042,1
23,ship,5,95,8.268042,1
23,ship,5,96,8.253625,1
23,ship,5,97,8.268333,1
23,ship,5,98,8.260208,1
23,ship,5,99,8.302417,1
23,ship,5,100,8.266084,1
23,ship,5,101,8.294333,1
23,ship,5,102,8.246542,1
23,ship,5,103,8.260792,1
23,ship,5,104,8.253667,1
23,ship,5,105,8.246959,1
23,ship,5,106,8.289416,1
23,ship,5,107,8.396875,1
23,ship,5,108,8.358500,1
23,ship,5,109,8.277625,1
23,ship,5,110,8.252167,1
23,ship,5,111,8.256166,1
23,ship,5,112,8.229083,1
23,ship,5,113,8.255042,1
23,ship,5,114,8.252875,1
23,ship,5,115,8.258458,1
23,ship,5,116,8.248958,1
23,ship,5,117,8.258500,1
23,ship,5,118,8.239583,1
23,ship,5,119,8.269708,1
23,ship,5,120,8.248041,1
23,ship,5,121,8.241458,1
23,ship,5,122,8.208917,1
23,ship,5,123,8.301584,1
23,ship,5,124,8.353875,1
23,ship,5,125,8.258250,1
23,ship,5,126,8.182584,1
23,ship,5,127,8.180542,1
23,ship,5,128,8.221209,1
23,ship,5,129,8.213583,1
23,ship,5,130,8.159667,1
23,ship,5,131,8.212459,1
23,ship,5,132,8.180166,1
23,ship,5,133,8.262583,1
23,ship,5,134,8.362291,1
23,ship,5,135,8.398167,1
23,ship,5,136,8.322167,1
23,ship,5,137,8.432542,1
23,ship,5,138,8.408708,1
23,ship,5,139,8.354709,1
23,ship,5,140,8.386417,1
23,ship,5,141,8.448666,1
23,ship,5,142,8.332667,1
23,ship,5,143,8.324000,1
23,ship,5,144,8.274292,1
23,ship,5,145,8.292500,1
23,ship,5,146,8.227125,1
23,ship,5,147,8.276041,1
23,ship,5,148,8.259500,1
23,ship,5,149,8.284500,1
23,ship,5,150,8.264167,1
23,ship,5,151,8.301416,1
23,ship,5,152,8.250500,1
23,ship,5,153,8.276667,1
23,ship,5,154,8.268958,1
23,ship,5,155,8.284041,1
23,ship,5,156,8.315833,1
23,ship,5,157,8.276958,1
23,ship,5,158,8.280333,1
23,ship,5,159,8.312125,1
24,rd2,5,0,8.943917,0
24,rd2,5,1,7.916458,0
24,rd2,5,2,7.806584,0
24,rd2,5,3,7.807208,0
24,rd2,5,4,7.755459,0
24,rd2,5,5,7.795833,0
24,rd2,5,6,7.817792,0
24,rd2,5,7,7.815958,0
24,rd2,5,8,7.794916,1
24,rd2,5,9,7.841250,1
24,rd2,5,10,7.771667,1
24,rd2,5,11,7.807291,1
24,rd2,5,12,7.782750,1
24,rd2,5,13,7.807541,1
24,rd2,5,14,7.768750,1
24,rd2,5,15,7.798209,1
24,rd2,5,16,7.751917,1
24,rd2,5,17,7.780458,1
24,rd2,5,18,7.792583,1
24,rd2,5,19,7.762292,1
24,rd2,5,20,7.782416,1
24,rd2,5,21,7.781750,1
24,rd2,5,22,7.806375,1
24,rd2,5,23,7.750375,1
24,rd2,5,24,7.809292,1
24,rd2,5,25,7.760292,1
24,rd2,5,26,7.794416,1
24,rd2,5,27,7.769917,1
24,rd2,5,28,7.793417,1
24,rd2,5,29,7.755666,1
24,rd2,5,30,7.787666,1
24,rd2,5,31,7.762459,1
24,rd2,5,32,7.764708,1
24,rd2,5,33,7.772875,1
24,rd2,5,34,7.760916,1
24,rd2,5,35,7.795041,1
24,rd2,5,36,7.786000,1
24,rd2,5,37,7.800667,1
24,rd2,5,38,7.754000,1
24,rd2,5,39,7.812709,1
24,rd2,5,40,7.778500,1
24,rd2,5,41,7.803000,1
24,rd2,5,42,7.770583,1
24,rd2,5,43,7.801833,1
24,rd2,5,44,7.770417,1
24,rd2,5,45,7.768916,1
24,rd2,5,46,7.762208,1
24,rd2,5,47,7.770250,1
24,rd2,5,48,7.780000,1
24,rd2,5,49,7.783208,1
24,rd2,5,50,7.773375,1
24,rd2,5,51,7.789542,1
24,rd2,5,52,7.802084,1
24,rd2,5,53,7.784958,1
24,rd2,5,54,7.774250,1
24,rd2,5,55,7.779500,1
24,rd2,5,56,7.776083,1
24,rd2,5,57,7.788833,1
24,rd2,5,58,7.814084,1
24,rd2,5,59,7.768750,1
24,rd2,5,60,7.800583,1
24,rd2,5,61,7.779500,1
24,rd2,5,62,7.758000,1
24,rd2,5,63,7.773625,1
24,rd2,5,64,7.786667,1
24,rd2,5,65,7.784625,1
24,rd2,5,66,7.755083,1
24,rd2,5,67,7.766917,1
24,rd2,5,68,7.759083,1
24,rd2,5,69,7.791500,1
24,rd2,5,70,7.780292,1
24,rd2,5,71,7.787917,1
24,rd2,5,72,7.793708,1
24,rd2,5,73,7.792125,1
24,rd2,5,74,7.774458,1
24,rd2,5,75,7.777083,1
24,rd2,5,76,7.785791,1
24,rd2,5,77,7.802708,1
24,rd2,5,78,7.810750,1
24,rd2,5,79,7.882917,1
24,rd2,5,80,7.810209,1
24,rd2,5,81,7.917584,1
24,rd2,5,82,7.820375,1
24,rd2,5,83,7.788791,1
24,rd2,5,84,7.826791,1
24,rd2,5,85,7.893667,1
24,rd2,5,86,7.824459,1
24,rd2,5,87,7.796208,1
24,rd2,5,88,7.804458,1
24,rd2,5,89,7.804125,1
24,rd2,5,90,7.838667,1
24,rd2,5,91,7.767834,1
24,rd2,5,92,7.785959,1
24,rd2,5,93,7.807667,1
24,rd2,5,94,7.789542,1
24,rd2,5,95,7.794709,1
24,rd2,5,96,7.790625,1
24,rd2,5,97,7.776625,1
24,rd2,5,98,7.788709,1
24,rd2,5,99,7.829625,1
24,rd2,5,100,7.785750,1
24,rd2,5,101,7.847375,1
24,rd2,5,102,7.783292,1
24,rd2,5,103,7.821083,1
24,rd2,5,104,7.840042,1
24,rd2,5,105,7.814000,1
24,rd2,5,106,7.814708,1
24,rd2,5,107,7.811958,1
24,rd2,5,108,7.831708,1
24,rd2,5,109,7.828250,1
24,rd2,5,110,7.842333,1
24,rd2,5,111,7.871167,1
24,rd2,5,112,7.910792,1
24,rd2,5,113,7.797667,1
24,rd2,5,114,7.812959,1
24,rd2,5,115,7.793500,1
24,rd2,5,116,7.833833,1
24,rd2,5,117,7.797542,1
24,rd2,5,118,7.843125,1
24,rd2,5,119,7.776958,1
24,rd2,5,120,7.829916,1
24,rd2,5,121,7.799584,1
24,rd2,5,122,7.822500,1
24,rd2,5,123,7.811292,1
24,rd2,5,124,7.811000,1
24,rd2,5,125,7.794292,1
24,rd2,5,126,7.812542,1
24,rd2,5,127,7.782625,1
24,rd2,5,128,7.802750,1
24,rd2,5,129,7.794500,1
24,rd2,5,130,7.810958,1
24,rd2,5,131,7.793459,1
24,rd2,5,132,7.769000,1
24,rd2,5,133,7.847667,1
24,rd2,5,134,7.792833,1
24,rd2,5,135,7.839000,1
24,rd2,5,136,7.796209,1
24,rd2,5,137,7.827083,1
24,rd2,5,138,7.793209,1
24,rd2,5,139,7.816625,1
24,rd2,5,140,7.801208,1
24,rd2,5,141,7.822083,1
24,rd2,5,142,7.819667,1
24,rd2,5,143,7.856333,1
24,rd2,5,144,7.926084,1
24,rd2,5,145,7.842500,1
24,rd2,5,146,7.858208,1
24,rd2,5,147,7.888250,1
24,rd2,5,148,7.847417,1
24,rd2,5,149,7.817125,1
24,rd2,5,150,7.853125,1
24,rd2,5,151,7.818958,1
24,rd2,5,152,7.830291,1
24,rd2,5,153,7.822291,1
24,rd2,5,154,7.844000,1
24,rd2,5,155,7.810084,1
24,rd2,5,156,7.815625,1
24,rd2,5,157,7.853875,1
24,rd2,5,158,7.855709,1
24,rd2,5,159,7.824292,1
